DROP DATABASE IF EXISTS collegeCompass;
CREATE DATABASE collegeCompass;

USE collegeCompass;

grant all privileges on collegeCompass.* to 'webapp'@'%';
flush privileges;


DROP TABLE IF EXISTS HighSchool;
CREATE TABLE HighSchool(
   HighSchoolName VARCHAR(16) NOT NULL
  ,Size           INTEGER  NOT NULL
  ,SchoolRank     INTEGER  NOT NULL
  ,SchoolID       INTEGER  NOT NULL PRIMARY KEY 
);
INSERT INTO HighSchool(HighSchoolName,Size,SchoolRank,SchoolID) VALUES ('Golden Leaf',81073,908,1);
INSERT INTO HighSchool(HighSchoolName,Size,SchoolRank,SchoolID) VALUES ('Golf',31328,2565,2);
INSERT INTO HighSchool(HighSchoolName,Size,SchoolRank,SchoolID) VALUES ('Basil',69066,1655,3);
INSERT INTO HighSchool(HighSchoolName,Size,SchoolRank,SchoolID) VALUES ('Hanson',94926,4846,4);
INSERT INTO HighSchool(HighSchoolName,Size,SchoolRank,SchoolID) VALUES ('Village Green',26425,4493,5);
INSERT INTO HighSchool(HighSchoolName,Size,SchoolRank,SchoolID) VALUES ('Brentwood',68005,2063,6);
INSERT INTO HighSchool(HighSchoolName,Size,SchoolRank,SchoolID) VALUES ('Melby',86374,1289,7);
INSERT INTO HighSchool(HighSchoolName,Size,SchoolRank,SchoolID) VALUES ('Mallory',45430,3792,8);
INSERT INTO HighSchool(HighSchoolName,Size,SchoolRank,SchoolID) VALUES ('Derek',33738,2662,9);
INSERT INTO HighSchool(HighSchoolName,Size,SchoolRank,SchoolID) VALUES ('Merchant',17682,406,10);
INSERT INTO HighSchool(HighSchoolName,Size,SchoolRank,SchoolID) VALUES ('Crescent Oaks',26513,1609,11);
INSERT INTO HighSchool(HighSchoolName,Size,SchoolRank,SchoolID) VALUES ('Warner',75412,4516,12);
INSERT INTO HighSchool(HighSchoolName,Size,SchoolRank,SchoolID) VALUES ('Thierer',67583,3599,13);
INSERT INTO HighSchool(HighSchoolName,Size,SchoolRank,SchoolID) VALUES ('Green Ridge',67408,1520,14);
INSERT INTO HighSchool(HighSchoolName,Size,SchoolRank,SchoolID) VALUES ('Karstens',83851,4739,15);
INSERT INTO HighSchool(HighSchoolName,Size,SchoolRank,SchoolID) VALUES ('Waubesa',16762,25,16);
INSERT INTO HighSchool(HighSchoolName,Size,SchoolRank,SchoolID) VALUES ('Oriole',56640,2586,17);
INSERT INTO HighSchool(HighSchoolName,Size,SchoolRank,SchoolID) VALUES ('Green Ridge',43670,2141,18);
INSERT INTO HighSchool(HighSchoolName,Size,SchoolRank,SchoolID) VALUES ('Donald',3673,4591,19);
INSERT INTO HighSchool(HighSchoolName,Size,SchoolRank,SchoolID) VALUES ('Mallard',27217,472,20);
INSERT INTO HighSchool(HighSchoolName,Size,SchoolRank,SchoolID) VALUES ('Fisk',68829,1037,21);
INSERT INTO HighSchool(HighSchoolName,Size,SchoolRank,SchoolID) VALUES ('Jackson',1694,1088,22);
INSERT INTO HighSchool(HighSchoolName,Size,SchoolRank,SchoolID) VALUES ('Bartillon',32472,3608,23);
INSERT INTO HighSchool(HighSchoolName,Size,SchoolRank,SchoolID) VALUES ('Vidon',45337,2272,24);
INSERT INTO HighSchool(HighSchoolName,Size,SchoolRank,SchoolID) VALUES ('North',78068,2195,25);
INSERT INTO HighSchool(HighSchoolName,Size,SchoolRank,SchoolID) VALUES ('Lakewood',22935,4206,26);
INSERT INTO HighSchool(HighSchoolName,Size,SchoolRank,SchoolID) VALUES ('Messerschmidt',71876,2557,27);
INSERT INTO HighSchool(HighSchoolName,Size,SchoolRank,SchoolID) VALUES ('Mcbride',58573,1172,28);
INSERT INTO HighSchool(HighSchoolName,Size,SchoolRank,SchoolID) VALUES ('Hanover',52226,841,29);
INSERT INTO HighSchool(HighSchoolName,Size,SchoolRank,SchoolID) VALUES ('Russell',28728,2012,30);
INSERT INTO HighSchool(HighSchoolName,Size,SchoolRank,SchoolID) VALUES ('Judy',56819,1822,31);
INSERT INTO HighSchool(HighSchoolName,Size,SchoolRank,SchoolID) VALUES ('Evergreen',35799,2134,32);
INSERT INTO HighSchool(HighSchoolName,Size,SchoolRank,SchoolID) VALUES ('Pierstorff',64867,4521,33);
INSERT INTO HighSchool(HighSchoolName,Size,SchoolRank,SchoolID) VALUES ('1st',90577,510,34);
INSERT INTO HighSchool(HighSchoolName,Size,SchoolRank,SchoolID) VALUES ('Artisan',96866,2728,35);
INSERT INTO HighSchool(HighSchoolName,Size,SchoolRank,SchoolID) VALUES ('Hoard',19717,4160,36);
INSERT INTO HighSchool(HighSchoolName,Size,SchoolRank,SchoolID) VALUES ('Macpherson',79386,3119,37);
INSERT INTO HighSchool(HighSchoolName,Size,SchoolRank,SchoolID) VALUES ('Kedzie',56365,4240,38);
INSERT INTO HighSchool(HighSchoolName,Size,SchoolRank,SchoolID) VALUES ('Arkansas',83061,4622,39);
INSERT INTO HighSchool(HighSchoolName,Size,SchoolRank,SchoolID) VALUES ('Calypso',25192,4134,40);
INSERT INTO HighSchool(HighSchoolName,Size,SchoolRank,SchoolID) VALUES ('Center',12960,1143,41);
INSERT INTO HighSchool(HighSchoolName,Size,SchoolRank,SchoolID) VALUES ('Novick',22790,1131,42);
INSERT INTO HighSchool(HighSchoolName,Size,SchoolRank,SchoolID) VALUES ('Karstens',90787,2809,43);
INSERT INTO HighSchool(HighSchoolName,Size,SchoolRank,SchoolID) VALUES ('Old Shore',62938,4059,44);
INSERT INTO HighSchool(HighSchoolName,Size,SchoolRank,SchoolID) VALUES ('Colorado',53596,3098,45);
INSERT INTO HighSchool(HighSchoolName,Size,SchoolRank,SchoolID) VALUES ('Kinsman',19230,2436,46);
INSERT INTO HighSchool(HighSchoolName,Size,SchoolRank,SchoolID) VALUES ('International',20031,3158,47);
INSERT INTO HighSchool(HighSchoolName,Size,SchoolRank,SchoolID) VALUES ('Hayes',99145,1901,48);
INSERT INTO HighSchool(HighSchoolName,Size,SchoolRank,SchoolID) VALUES ('Dovetail',33104,3372,49);
INSERT INTO HighSchool(HighSchoolName,Size,SchoolRank,SchoolID) VALUES ('Grasskamp',93542,2775,50);
INSERT INTO HighSchool(HighSchoolName,Size,SchoolRank,SchoolID) VALUES ('Maywood',349,4587,51);
INSERT INTO HighSchool(HighSchoolName,Size,SchoolRank,SchoolID) VALUES ('Delaware',84442,1857,52);
INSERT INTO HighSchool(HighSchoolName,Size,SchoolRank,SchoolID) VALUES ('Muir',88097,512,53);
INSERT INTO HighSchool(HighSchoolName,Size,SchoolRank,SchoolID) VALUES ('Swallow',72201,770,54);
INSERT INTO HighSchool(HighSchoolName,Size,SchoolRank,SchoolID) VALUES ('Eggendart',69574,3491,55);
INSERT INTO HighSchool(HighSchoolName,Size,SchoolRank,SchoolID) VALUES ('Northwestern',85445,3362,56);
INSERT INTO HighSchool(HighSchoolName,Size,SchoolRank,SchoolID) VALUES ('Clemons',45201,4409,57);
INSERT INTO HighSchool(HighSchoolName,Size,SchoolRank,SchoolID) VALUES ('Milwaukee',43754,932,58);
INSERT INTO HighSchool(HighSchoolName,Size,SchoolRank,SchoolID) VALUES ('Lillian',43667,2540,59);
INSERT INTO HighSchool(HighSchoolName,Size,SchoolRank,SchoolID) VALUES ('Westport',85373,275,60);
INSERT INTO HighSchool(HighSchoolName,Size,SchoolRank,SchoolID) VALUES ('Dorton',80928,1650,61);
INSERT INTO HighSchool(HighSchoolName,Size,SchoolRank,SchoolID) VALUES ('Southridge',88159,3035,62);
INSERT INTO HighSchool(HighSchoolName,Size,SchoolRank,SchoolID) VALUES ('Merry',9679,3063,63);
INSERT INTO HighSchool(HighSchoolName,Size,SchoolRank,SchoolID) VALUES ('Wayridge',30324,1521,64);
INSERT INTO HighSchool(HighSchoolName,Size,SchoolRank,SchoolID) VALUES ('Thierer',84321,2299,65);
INSERT INTO HighSchool(HighSchoolName,Size,SchoolRank,SchoolID) VALUES ('Lakeland',56975,141,66);
INSERT INTO HighSchool(HighSchoolName,Size,SchoolRank,SchoolID) VALUES ('Anthes',5228,2274,67);
INSERT INTO HighSchool(HighSchoolName,Size,SchoolRank,SchoolID) VALUES ('Dakota',11508,1301,68);
INSERT INTO HighSchool(HighSchoolName,Size,SchoolRank,SchoolID) VALUES ('School',93994,279,69);
INSERT INTO HighSchool(HighSchoolName,Size,SchoolRank,SchoolID) VALUES ('Mockingbird',42368,3601,70);
INSERT INTO HighSchool(HighSchoolName,Size,SchoolRank,SchoolID) VALUES ('Kropf',67564,3506,71);
INSERT INTO HighSchool(HighSchoolName,Size,SchoolRank,SchoolID) VALUES ('Declaration',12511,635,72);
INSERT INTO HighSchool(HighSchoolName,Size,SchoolRank,SchoolID) VALUES ('Hauk',29469,4875,73);
INSERT INTO HighSchool(HighSchoolName,Size,SchoolRank,SchoolID) VALUES ('Talmadge',79244,1625,74);
INSERT INTO HighSchool(HighSchoolName,Size,SchoolRank,SchoolID) VALUES ('Linden',38368,4665,75);
INSERT INTO HighSchool(HighSchoolName,Size,SchoolRank,SchoolID) VALUES ('Elgar',54936,3980,76);
INSERT INTO HighSchool(HighSchoolName,Size,SchoolRank,SchoolID) VALUES ('Sundown',11829,4518,77);
INSERT INTO HighSchool(HighSchoolName,Size,SchoolRank,SchoolID) VALUES ('Annamark',24652,2239,78);
INSERT INTO HighSchool(HighSchoolName,Size,SchoolRank,SchoolID) VALUES ('Fulton',87843,3701,79);
INSERT INTO HighSchool(HighSchoolName,Size,SchoolRank,SchoolID) VALUES ('Fisk',90726,2394,80);
INSERT INTO HighSchool(HighSchoolName,Size,SchoolRank,SchoolID) VALUES ('Ryan',63261,233,81);
INSERT INTO HighSchool(HighSchoolName,Size,SchoolRank,SchoolID) VALUES ('Florence',6506,3398,82);
INSERT INTO HighSchool(HighSchoolName,Size,SchoolRank,SchoolID) VALUES ('Katie',5804,4041,83);
INSERT INTO HighSchool(HighSchoolName,Size,SchoolRank,SchoolID) VALUES ('Fisk',17206,1645,84);
INSERT INTO HighSchool(HighSchoolName,Size,SchoolRank,SchoolID) VALUES ('Hoard',63332,2521,85);
INSERT INTO HighSchool(HighSchoolName,Size,SchoolRank,SchoolID) VALUES ('Crescent Oaks',46741,2680,86);
INSERT INTO HighSchool(HighSchoolName,Size,SchoolRank,SchoolID) VALUES ('Logan',98427,2187,87);
INSERT INTO HighSchool(HighSchoolName,Size,SchoolRank,SchoolID) VALUES ('Rockefeller',75315,3706,88);
INSERT INTO HighSchool(HighSchoolName,Size,SchoolRank,SchoolID) VALUES ('Green Ridge',44392,2037,89);
INSERT INTO HighSchool(HighSchoolName,Size,SchoolRank,SchoolID) VALUES ('Bobwhite',13160,1043,90);
INSERT INTO HighSchool(HighSchoolName,Size,SchoolRank,SchoolID) VALUES ('Dexter',9158,1969,91);
INSERT INTO HighSchool(HighSchoolName,Size,SchoolRank,SchoolID) VALUES ('Butternut',9255,1002,92);
INSERT INTO HighSchool(HighSchoolName,Size,SchoolRank,SchoolID) VALUES ('Stone Corner',61328,46,93);
INSERT INTO HighSchool(HighSchoolName,Size,SchoolRank,SchoolID) VALUES ('Oxford',4621,603,94);
INSERT INTO HighSchool(HighSchoolName,Size,SchoolRank,SchoolID) VALUES ('Golden Leaf',12981,939,95);
INSERT INTO HighSchool(HighSchoolName,Size,SchoolRank,SchoolID) VALUES ('3rd',20369,4738,96);
INSERT INTO HighSchool(HighSchoolName,Size,SchoolRank,SchoolID) VALUES ('Menomonie',26133,4532,97);
INSERT INTO HighSchool(HighSchoolName,Size,SchoolRank,SchoolID) VALUES ('Blackbird',54953,3384,98);
INSERT INTO HighSchool(HighSchoolName,Size,SchoolRank,SchoolID) VALUES ('Boyd',63975,486,99);
INSERT INTO HighSchool(HighSchoolName,Size,SchoolRank,SchoolID) VALUES ('Eliot',50590,637,100);
INSERT INTO HighSchool(HighSchoolName,Size,SchoolRank,SchoolID) VALUES ('Nancy',36321,3480,101);
INSERT INTO HighSchool(HighSchoolName,Size,SchoolRank,SchoolID) VALUES ('Grayhawk',18681,1616,102);
INSERT INTO HighSchool(HighSchoolName,Size,SchoolRank,SchoolID) VALUES ('Holy Cross',90832,4842,103);
INSERT INTO HighSchool(HighSchoolName,Size,SchoolRank,SchoolID) VALUES ('Kenwood',62716,3148,104);
INSERT INTO HighSchool(HighSchoolName,Size,SchoolRank,SchoolID) VALUES ('Oneill',12848,1424,105);
INSERT INTO HighSchool(HighSchoolName,Size,SchoolRank,SchoolID) VALUES ('Beilfuss',74352,337,106);
INSERT INTO HighSchool(HighSchoolName,Size,SchoolRank,SchoolID) VALUES ('Mosinee',92559,3665,107);
INSERT INTO HighSchool(HighSchoolName,Size,SchoolRank,SchoolID) VALUES ('Iowa',74804,3179,108);
INSERT INTO HighSchool(HighSchoolName,Size,SchoolRank,SchoolID) VALUES ('Lakewood Gardens',76858,2215,109);
INSERT INTO HighSchool(HighSchoolName,Size,SchoolRank,SchoolID) VALUES ('Schiller',85385,1365,110);
INSERT INTO HighSchool(HighSchoolName,Size,SchoolRank,SchoolID) VALUES ('Ohio',30173,4774,111);
INSERT INTO HighSchool(HighSchoolName,Size,SchoolRank,SchoolID) VALUES ('Lakeland',35320,1006,112);
INSERT INTO HighSchool(HighSchoolName,Size,SchoolRank,SchoolID) VALUES ('Cardinal',88138,869,113);
INSERT INTO HighSchool(HighSchoolName,Size,SchoolRank,SchoolID) VALUES ('Corry',76410,2620,114);
INSERT INTO HighSchool(HighSchoolName,Size,SchoolRank,SchoolID) VALUES ('Manitowish',39329,103,115);
INSERT INTO HighSchool(HighSchoolName,Size,SchoolRank,SchoolID) VALUES ('Graedel',33928,3403,116);
INSERT INTO HighSchool(HighSchoolName,Size,SchoolRank,SchoolID) VALUES ('Atwood',2234,2031,117);
INSERT INTO HighSchool(HighSchoolName,Size,SchoolRank,SchoolID) VALUES ('Reindahl',58158,2233,118);
INSERT INTO HighSchool(HighSchoolName,Size,SchoolRank,SchoolID) VALUES ('Bashford',36149,3217,119);
INSERT INTO HighSchool(HighSchoolName,Size,SchoolRank,SchoolID) VALUES ('Kedzie',10991,4574,120);
INSERT INTO HighSchool(HighSchoolName,Size,SchoolRank,SchoolID) VALUES ('Kingsford',83092,2476,121);
INSERT INTO HighSchool(HighSchoolName,Size,SchoolRank,SchoolID) VALUES ('Mosinee',36565,2659,122);
INSERT INTO HighSchool(HighSchoolName,Size,SchoolRank,SchoolID) VALUES ('Schmedeman',52329,580,123);
INSERT INTO HighSchool(HighSchoolName,Size,SchoolRank,SchoolID) VALUES ('Twin Pines',6457,3848,124);
INSERT INTO HighSchool(HighSchoolName,Size,SchoolRank,SchoolID) VALUES ('Shasta',59725,1152,125);


DROP TABLE IF EXISTS Counselors;
CREATE TABLE Counselors(
   FirstName   VARCHAR(20) NOT NULL
  ,LastName    VARCHAR(20) NOT NULL
  ,CounselorID INTEGER  NOT NULL PRIMARY KEY 
);
INSERT INTO Counselors(FirstName,LastName,CounselorID) VALUES ('Farica','Innocent',1);
INSERT INTO Counselors(FirstName,LastName,CounselorID) VALUES ('Clementius','Frentz',2);
INSERT INTO Counselors(FirstName,LastName,CounselorID) VALUES ('Melonie','Gladdolph',3);
INSERT INTO Counselors(FirstName,LastName,CounselorID) VALUES ('Gilburt','Senogles',4);
INSERT INTO Counselors(FirstName,LastName,CounselorID) VALUES ('Murvyn','Chisnell',5);
INSERT INTO Counselors(FirstName,LastName,CounselorID) VALUES ('Melody','Capron',6);
INSERT INTO Counselors(FirstName,LastName,CounselorID) VALUES ('Mason','Bransgrove',7);
INSERT INTO Counselors(FirstName,LastName,CounselorID) VALUES ('Rowland','Sicily',8);
INSERT INTO Counselors(FirstName,LastName,CounselorID) VALUES ('Elset','Benzies',9);
INSERT INTO Counselors(FirstName,LastName,CounselorID) VALUES ('Arne','Pitkeathly',10);
INSERT INTO Counselors(FirstName,LastName,CounselorID) VALUES ('Gideon','Audritt',11);
INSERT INTO Counselors(FirstName,LastName,CounselorID) VALUES ('Saudra','Nickolls',12);
INSERT INTO Counselors(FirstName,LastName,CounselorID) VALUES ('Florinda','Percifer',13);
INSERT INTO Counselors(FirstName,LastName,CounselorID) VALUES ('Chet','Buncombe',14);
INSERT INTO Counselors(FirstName,LastName,CounselorID) VALUES ('Bogart','Rippen',15);
INSERT INTO Counselors(FirstName,LastName,CounselorID) VALUES ('Jeri','Bedwell',16);
INSERT INTO Counselors(FirstName,LastName,CounselorID) VALUES ('Mic','Guage',17);
INSERT INTO Counselors(FirstName,LastName,CounselorID) VALUES ('Jenelle','Bonafant',18);
INSERT INTO Counselors(FirstName,LastName,CounselorID) VALUES ('Amalee','Toffler',19);
INSERT INTO Counselors(FirstName,LastName,CounselorID) VALUES ('Levin','Pealing',20);
INSERT INTO Counselors(FirstName,LastName,CounselorID) VALUES ('Micheline','Greig',21);
INSERT INTO Counselors(FirstName,LastName,CounselorID) VALUES ('Niels','Waterhouse',22);
INSERT INTO Counselors(FirstName,LastName,CounselorID) VALUES ('Devondra','Logan',23);
INSERT INTO Counselors(FirstName,LastName,CounselorID) VALUES ('Ludovika','Baudinelli',24);
INSERT INTO Counselors(FirstName,LastName,CounselorID) VALUES ('Mitchell','Rowbottom',25);
INSERT INTO Counselors(FirstName,LastName,CounselorID) VALUES ('Coop','MacKnockiter',26);
INSERT INTO Counselors(FirstName,LastName,CounselorID) VALUES ('Anastasia','Majury',27);
INSERT INTO Counselors(FirstName,LastName,CounselorID) VALUES ('Paolina','Holmyard',28);
INSERT INTO Counselors(FirstName,LastName,CounselorID) VALUES ('Aggie','Gerault',29);
INSERT INTO Counselors(FirstName,LastName,CounselorID) VALUES ('Judah','Power',30);
INSERT INTO Counselors(FirstName,LastName,CounselorID) VALUES ('Burnard','Erbe',31);
INSERT INTO Counselors(FirstName,LastName,CounselorID) VALUES ('Estrella','Polley',32);
INSERT INTO Counselors(FirstName,LastName,CounselorID) VALUES ('Dun','Pales',33);
INSERT INTO Counselors(FirstName,LastName,CounselorID) VALUES ('Barthel','Woolley',34);
INSERT INTO Counselors(FirstName,LastName,CounselorID) VALUES ('Giavani','Shillan',35);
INSERT INTO Counselors(FirstName,LastName,CounselorID) VALUES ('Dewitt','Braikenridge',36);
INSERT INTO Counselors(FirstName,LastName,CounselorID) VALUES ('Sharity','Kayzer',37);
INSERT INTO Counselors(FirstName,LastName,CounselorID) VALUES ('Bordy','Beaconsall',38);
INSERT INTO Counselors(FirstName,LastName,CounselorID) VALUES ('Margo','Phillpotts',39);
INSERT INTO Counselors(FirstName,LastName,CounselorID) VALUES ('Roxanne','Sonschein',40);
INSERT INTO Counselors(FirstName,LastName,CounselorID) VALUES ('Sibylla','McNamara',41);
INSERT INTO Counselors(FirstName,LastName,CounselorID) VALUES ('Jacki','Regelous',42);
INSERT INTO Counselors(FirstName,LastName,CounselorID) VALUES ('Dorey','Mager',43);
INSERT INTO Counselors(FirstName,LastName,CounselorID) VALUES ('Timothea','Ormerod',44);
INSERT INTO Counselors(FirstName,LastName,CounselorID) VALUES ('Bartholomew','Maxworthy',45);
INSERT INTO Counselors(FirstName,LastName,CounselorID) VALUES ('Ericha','Bourhill',46);
INSERT INTO Counselors(FirstName,LastName,CounselorID) VALUES ('Daven','Meddemmen',47);
INSERT INTO Counselors(FirstName,LastName,CounselorID) VALUES ('Allina','Giffen',48);
INSERT INTO Counselors(FirstName,LastName,CounselorID) VALUES ('Zola','Stenner',49);
INSERT INTO Counselors(FirstName,LastName,CounselorID) VALUES ('Cordula','Issacof',50);


DROP TABLE IF EXISTS Colleges;
CREATE TABLE Colleges(
   CollegeName    VARCHAR(58) NOT NULL
  ,EnrollmentSize INTEGER  NOT NULL
  ,AcceptanceRate VARCHAR(4) NOT NULL
  ,CollegeID      INTEGER  NOT NULL PRIMARY KEY 
);
INSERT INTO Colleges(CollegeName,EnrollmentSize,AcceptanceRate,CollegeID) VALUES ('Kunstakademie Düsseldorf.',10878,'98%',1);
INSERT INTO Colleges(CollegeName,EnrollmentSize,AcceptanceRate,CollegeID) VALUES ('University of Health and Science',107024,'41%',2);
INSERT INTO Colleges(CollegeName,EnrollmentSize,AcceptanceRate,CollegeID) VALUES ('Goldsmiths College, University of London',55146,'98%',3);
INSERT INTO Colleges(CollegeName,EnrollmentSize,AcceptanceRate,CollegeID) VALUES ('Central Washington University',74399,'29%',4);
INSERT INTO Colleges(CollegeName,EnrollmentSize,AcceptanceRate,CollegeID) VALUES ('Universidade de Aveiro',112043,'3%',5);
INSERT INTO Colleges(CollegeName,EnrollmentSize,AcceptanceRate,CollegeID) VALUES ('Hefei University of Technology',15506,'32%',6);
INSERT INTO Colleges(CollegeName,EnrollmentSize,AcceptanceRate,CollegeID) VALUES ('Benemerita Universidad Autónoma de Puebla',7752,'50%',7);
INSERT INTO Colleges(CollegeName,EnrollmentSize,AcceptanceRate,CollegeID) VALUES ('Universidad del Norte',74496,'33%',8);
INSERT INTO Colleges(CollegeName,EnrollmentSize,AcceptanceRate,CollegeID) VALUES ('Manhattan School of Music',58219,'95%',9);
INSERT INTO Colleges(CollegeName,EnrollmentSize,AcceptanceRate,CollegeID) VALUES ('Feng Chia University',65051,'24%',10);
INSERT INTO Colleges(CollegeName,EnrollmentSize,AcceptanceRate,CollegeID) VALUES ('Sage Graduate School',49545,'77%',11);
INSERT INTO Colleges(CollegeName,EnrollmentSize,AcceptanceRate,CollegeID) VALUES ('Instituto de Artes Visuais, Design e Marketing - IADE',96755,'13%',12);
INSERT INTO Colleges(CollegeName,EnrollmentSize,AcceptanceRate,CollegeID) VALUES ('Belarussian State Agricultural Academy',108439,'10%',13);
INSERT INTO Colleges(CollegeName,EnrollmentSize,AcceptanceRate,CollegeID) VALUES ('Concordia University, Mequon',5823,'78%',14);
INSERT INTO Colleges(CollegeName,EnrollmentSize,AcceptanceRate,CollegeID) VALUES ('Joetsu University of Education',94653,'66%',15);
INSERT INTO Colleges(CollegeName,EnrollmentSize,AcceptanceRate,CollegeID) VALUES ('University of Macedonia',124480,'44%',16);
INSERT INTO Colleges(CollegeName,EnrollmentSize,AcceptanceRate,CollegeID) VALUES ('Moscow State Industrial University',147572,'12%',17);
INSERT INTO Colleges(CollegeName,EnrollmentSize,AcceptanceRate,CollegeID) VALUES ('Tokyo University of Agriculture and Technology',47485,'82%',18);
INSERT INTO Colleges(CollegeName,EnrollmentSize,AcceptanceRate,CollegeID) VALUES ('Universidad Piloto de Colombia',108777,'68%',19);
INSERT INTO Colleges(CollegeName,EnrollmentSize,AcceptanceRate,CollegeID) VALUES ('Universidad de Cuenca',148346,'87%',20);
INSERT INTO Colleges(CollegeName,EnrollmentSize,AcceptanceRate,CollegeID) VALUES ('Durham College',49631,'38%',21);
INSERT INTO Colleges(CollegeName,EnrollmentSize,AcceptanceRate,CollegeID) VALUES ('Houdegbe North American University Benin',51748,'37%',22);
INSERT INTO Colleges(CollegeName,EnrollmentSize,AcceptanceRate,CollegeID) VALUES ('Rakuno Gakuen University',8806,'77%',23);
INSERT INTO Colleges(CollegeName,EnrollmentSize,AcceptanceRate,CollegeID) VALUES ('University of South Bohemia',121231,'61%',24);
INSERT INTO Colleges(CollegeName,EnrollmentSize,AcceptanceRate,CollegeID) VALUES ('Ethiopian Civil Service University',37005,'70%',25);
INSERT INTO Colleges(CollegeName,EnrollmentSize,AcceptanceRate,CollegeID) VALUES ('Universidad de La Laguna',18121,'90%',26);
INSERT INTO Colleges(CollegeName,EnrollmentSize,AcceptanceRate,CollegeID) VALUES ('Aalborg University',27748,'50%',27);
INSERT INTO Colleges(CollegeName,EnrollmentSize,AcceptanceRate,CollegeID) VALUES ('ABTI American University of Nigeria',114754,'83%',28);
INSERT INTO Colleges(CollegeName,EnrollmentSize,AcceptanceRate,CollegeID) VALUES ('Wuyi University',9256,'58%',29);
INSERT INTO Colleges(CollegeName,EnrollmentSize,AcceptanceRate,CollegeID) VALUES ('Instituto Superior de Paços de Brandão',137940,'82%',30);
INSERT INTO Colleges(CollegeName,EnrollmentSize,AcceptanceRate,CollegeID) VALUES ('Universidad Miguel de Cervantes',38026,'48%',31);
INSERT INTO Colleges(CollegeName,EnrollmentSize,AcceptanceRate,CollegeID) VALUES ('Chunchon National University of Education',50525,'73%',32);
INSERT INTO Colleges(CollegeName,EnrollmentSize,AcceptanceRate,CollegeID) VALUES ('University of Nis',148752,'61%',33);
INSERT INTO Colleges(CollegeName,EnrollmentSize,AcceptanceRate,CollegeID) VALUES ('Dneprodzerzhinsk State Technical University',96950,'33%',34);
INSERT INTO Colleges(CollegeName,EnrollmentSize,AcceptanceRate,CollegeID) VALUES ('Estonian Academy of Arts',85652,'13%',35);
INSERT INTO Colleges(CollegeName,EnrollmentSize,AcceptanceRate,CollegeID) VALUES ('Aktau State University',14619,'26%',36);
INSERT INTO Colleges(CollegeName,EnrollmentSize,AcceptanceRate,CollegeID) VALUES ('Concordia University, Mequon',12247,'5%',37);
INSERT INTO Colleges(CollegeName,EnrollmentSize,AcceptanceRate,CollegeID) VALUES ('Jubail University College',35000,'24%',38);
INSERT INTO Colleges(CollegeName,EnrollmentSize,AcceptanceRate,CollegeID) VALUES ('Lewis-Clark State College',123611,'78%',39);
INSERT INTO Colleges(CollegeName,EnrollmentSize,AcceptanceRate,CollegeID) VALUES ('Hanoi University of Mining and Geology',109916,'45%',40);
INSERT INTO Colleges(CollegeName,EnrollmentSize,AcceptanceRate,CollegeID) VALUES ('Kumasi Polytechnic',32451,'83%',41);
INSERT INTO Colleges(CollegeName,EnrollmentSize,AcceptanceRate,CollegeID) VALUES ('Hong Bang University International',50790,'35%',42);
INSERT INTO Colleges(CollegeName,EnrollmentSize,AcceptanceRate,CollegeID) VALUES ('College of Technology at Kharj',147482,'46%',43);
INSERT INTO Colleges(CollegeName,EnrollmentSize,AcceptanceRate,CollegeID) VALUES ('University of Durham',89301,'59%',44);
INSERT INTO Colleges(CollegeName,EnrollmentSize,AcceptanceRate,CollegeID) VALUES ('Davidson College',54507,'76%',45);
INSERT INTO Colleges(CollegeName,EnrollmentSize,AcceptanceRate,CollegeID) VALUES ('Bahria University',14375,'96%',46);
INSERT INTO Colleges(CollegeName,EnrollmentSize,AcceptanceRate,CollegeID) VALUES ('Physical Education Academy in Wroclaw',135095,'17%',47);
INSERT INTO Colleges(CollegeName,EnrollmentSize,AcceptanceRate,CollegeID) VALUES ('Université Hassan II - Mohammadia',3792,'87%',48);
INSERT INTO Colleges(CollegeName,EnrollmentSize,AcceptanceRate,CollegeID) VALUES ('Cheljabinsk State University',94763,'81%',49);
INSERT INTO Colleges(CollegeName,EnrollmentSize,AcceptanceRate,CollegeID) VALUES ('Universidad César Vallejo',114422,'27%',50);
INSERT INTO Colleges(CollegeName,EnrollmentSize,AcceptanceRate,CollegeID) VALUES ('Sarah Lawrence College',118384,'63%',51);
INSERT INTO Colleges(CollegeName,EnrollmentSize,AcceptanceRate,CollegeID) VALUES ('University of Washington',65994,'57%',52);
INSERT INTO Colleges(CollegeName,EnrollmentSize,AcceptanceRate,CollegeID) VALUES ('College of Education Ikere',81973,'65%',53);
INSERT INTO Colleges(CollegeName,EnrollmentSize,AcceptanceRate,CollegeID) VALUES ('Presidency University',53484,'65%',54);
INSERT INTO Colleges(CollegeName,EnrollmentSize,AcceptanceRate,CollegeID) VALUES ('Eastern Nazarene College',20640,'44%',55);
INSERT INTO Colleges(CollegeName,EnrollmentSize,AcceptanceRate,CollegeID) VALUES ('Andhra University',93531,'76%',56);
INSERT INTO Colleges(CollegeName,EnrollmentSize,AcceptanceRate,CollegeID) VALUES ('Azerbaijan University ol Languages',98953,'29%',57);
INSERT INTO Colleges(CollegeName,EnrollmentSize,AcceptanceRate,CollegeID) VALUES ('Astrakhan State University',121919,'54%',58);
INSERT INTO Colleges(CollegeName,EnrollmentSize,AcceptanceRate,CollegeID) VALUES ('University of Aizu',52383,'8%',59);
INSERT INTO Colleges(CollegeName,EnrollmentSize,AcceptanceRate,CollegeID) VALUES ('Universidade Federal de Santa Catarina',107190,'32%',60);
INSERT INTO Colleges(CollegeName,EnrollmentSize,AcceptanceRate,CollegeID) VALUES ('Avondale College',491,'28%',61);
INSERT INTO Colleges(CollegeName,EnrollmentSize,AcceptanceRate,CollegeID) VALUES ('Caldwell College',135973,'67%',62);
INSERT INTO Colleges(CollegeName,EnrollmentSize,AcceptanceRate,CollegeID) VALUES ('ENIC Telecom Lille 1',47568,'21%',63);
INSERT INTO Colleges(CollegeName,EnrollmentSize,AcceptanceRate,CollegeID) VALUES ('Université Cheikh Anta Diop',8276,'94%',64);
INSERT INTO Colleges(CollegeName,EnrollmentSize,AcceptanceRate,CollegeID) VALUES ('Bratsk State Technical University',49452,'51%',65);
INSERT INTO Colleges(CollegeName,EnrollmentSize,AcceptanceRate,CollegeID) VALUES ('Paul University',116329,'26%',66);
INSERT INTO Colleges(CollegeName,EnrollmentSize,AcceptanceRate,CollegeID) VALUES ('Ferrum College',93940,'56%',67);
INSERT INTO Colleges(CollegeName,EnrollmentSize,AcceptanceRate,CollegeID) VALUES ('Sungkyul University',79995,'18%',68);
INSERT INTO Colleges(CollegeName,EnrollmentSize,AcceptanceRate,CollegeID) VALUES ('Cornish College of the Arts',120203,'7%',69);
INSERT INTO Colleges(CollegeName,EnrollmentSize,AcceptanceRate,CollegeID) VALUES ('Grambling State University',86317,'53%',70);
INSERT INTO Colleges(CollegeName,EnrollmentSize,AcceptanceRate,CollegeID) VALUES ('Emory & Henry College',127355,'71%',71);
INSERT INTO Colleges(CollegeName,EnrollmentSize,AcceptanceRate,CollegeID) VALUES ('Shinshu University',57349,'53%',72);
INSERT INTO Colleges(CollegeName,EnrollmentSize,AcceptanceRate,CollegeID) VALUES ('Saudi Electronic University',24907,'71%',73);
INSERT INTO Colleges(CollegeName,EnrollmentSize,AcceptanceRate,CollegeID) VALUES ('Pomona College',132367,'15%',74);
INSERT INTO Colleges(CollegeName,EnrollmentSize,AcceptanceRate,CollegeID) VALUES ('University of Macerata',7813,'6%',75);
INSERT INTO Colleges(CollegeName,EnrollmentSize,AcceptanceRate,CollegeID) VALUES ('Arak University of Technology',103883,'93%',76);
INSERT INTO Colleges(CollegeName,EnrollmentSize,AcceptanceRate,CollegeID) VALUES ('Sylhet Agricultural University',62136,'27%',77);
INSERT INTO Colleges(CollegeName,EnrollmentSize,AcceptanceRate,CollegeID) VALUES ('International University College of Nursing (IUCN)',53481,'6%',78);
INSERT INTO Colleges(CollegeName,EnrollmentSize,AcceptanceRate,CollegeID) VALUES ('Auchi Polytechnic',83931,'45%',79);
INSERT INTO Colleges(CollegeName,EnrollmentSize,AcceptanceRate,CollegeID) VALUES ('Technological Education Institute of Kozani',84973,'13%',80);
INSERT INTO Colleges(CollegeName,EnrollmentSize,AcceptanceRate,CollegeID) VALUES ('Dai Ichi University, College of Technology',65518,'19%',81);
INSERT INTO Colleges(CollegeName,EnrollmentSize,AcceptanceRate,CollegeID) VALUES ('Ecole Superieure des Télécommunications',121726,'55%',82);
INSERT INTO Colleges(CollegeName,EnrollmentSize,AcceptanceRate,CollegeID) VALUES ('Kuvempu University',143314,'90%',83);
INSERT INTO Colleges(CollegeName,EnrollmentSize,AcceptanceRate,CollegeID) VALUES ('Westbrook University',62639,'42%',84);
INSERT INTO Colleges(CollegeName,EnrollmentSize,AcceptanceRate,CollegeID) VALUES ('Lesley University',35449,'77%',85);
INSERT INTO Colleges(CollegeName,EnrollmentSize,AcceptanceRate,CollegeID) VALUES ('University of Texas Health Center at Tyler',123227,'31%',86);
INSERT INTO Colleges(CollegeName,EnrollmentSize,AcceptanceRate,CollegeID) VALUES ('Université de Perpignan',49085,'85%',87);
INSERT INTO Colleges(CollegeName,EnrollmentSize,AcceptanceRate,CollegeID) VALUES ('Neelain University',120883,'31%',88);
INSERT INTO Colleges(CollegeName,EnrollmentSize,AcceptanceRate,CollegeID) VALUES ('British Columbia Open University',147026,'73%',89);
INSERT INTO Colleges(CollegeName,EnrollmentSize,AcceptanceRate,CollegeID) VALUES ('Loras College',11780,'17%',90);
INSERT INTO Colleges(CollegeName,EnrollmentSize,AcceptanceRate,CollegeID) VALUES ('Universidad del Tepeyac',129116,'75%',91);
INSERT INTO Colleges(CollegeName,EnrollmentSize,AcceptanceRate,CollegeID) VALUES ('Vitebsk State University',15936,'50%',92);
INSERT INTO Colleges(CollegeName,EnrollmentSize,AcceptanceRate,CollegeID) VALUES ('Azusa Pacific University',57089,'72%',93);
INSERT INTO Colleges(CollegeName,EnrollmentSize,AcceptanceRate,CollegeID) VALUES ('Virginia College',102575,'41%',94);
INSERT INTO Colleges(CollegeName,EnrollmentSize,AcceptanceRate,CollegeID) VALUES ('Universidad Autonoma del Sur',40805,'17%',95);
INSERT INTO Colleges(CollegeName,EnrollmentSize,AcceptanceRate,CollegeID) VALUES ('Karunya Institute Of Technology ( Deemed University)',102640,'85%',96);
INSERT INTO Colleges(CollegeName,EnrollmentSize,AcceptanceRate,CollegeID) VALUES ('University of Cambodia',112253,'27%',97);
INSERT INTO Colleges(CollegeName,EnrollmentSize,AcceptanceRate,CollegeID) VALUES ('Hokkaido Institute of Technology',45428,'100%',98);
INSERT INTO Colleges(CollegeName,EnrollmentSize,AcceptanceRate,CollegeID) VALUES ('South University of Science and Technology of China',110909,'19%',99);
INSERT INTO Colleges(CollegeName,EnrollmentSize,AcceptanceRate,CollegeID) VALUES ('Obong University',89810,'58%',100);
INSERT INTO Colleges(CollegeName,EnrollmentSize,AcceptanceRate,CollegeID) VALUES ('Kyoto Bunkyo University',61444,'53%',101);
INSERT INTO Colleges(CollegeName,EnrollmentSize,AcceptanceRate,CollegeID) VALUES ('Ecole Supérieure de Commerce de Grenoble',33221,'99%',102);
INSERT INTO Colleges(CollegeName,EnrollmentSize,AcceptanceRate,CollegeID) VALUES ('Universitas Widyatama',130488,'52%',103);
INSERT INTO Colleges(CollegeName,EnrollmentSize,AcceptanceRate,CollegeID) VALUES ('Isfahan University',69124,'35%',104);
INSERT INTO Colleges(CollegeName,EnrollmentSize,AcceptanceRate,CollegeID) VALUES ('Gujarat Technological University Ahmedabad',132464,'4%',105);
INSERT INTO Colleges(CollegeName,EnrollmentSize,AcceptanceRate,CollegeID) VALUES ('Universidad del Valle del Bravo',40900,'94%',106);
INSERT INTO Colleges(CollegeName,EnrollmentSize,AcceptanceRate,CollegeID) VALUES ('University of South Florida',95137,'42%',107);
INSERT INTO Colleges(CollegeName,EnrollmentSize,AcceptanceRate,CollegeID) VALUES ('Wesleyan University',147702,'11%',108);
INSERT INTO Colleges(CollegeName,EnrollmentSize,AcceptanceRate,CollegeID) VALUES ('Carthage College',136077,'48%',109);
INSERT INTO Colleges(CollegeName,EnrollmentSize,AcceptanceRate,CollegeID) VALUES ('Aga Khan University',108343,'37%',110);
INSERT INTO Colleges(CollegeName,EnrollmentSize,AcceptanceRate,CollegeID) VALUES ('American University in the Emirates',22954,'2%',111);
INSERT INTO Colleges(CollegeName,EnrollmentSize,AcceptanceRate,CollegeID) VALUES ('School of Planning and Architecture',51128,'75%',112);
INSERT INTO Colleges(CollegeName,EnrollmentSize,AcceptanceRate,CollegeID) VALUES ('University of Rhode Island',74020,'14%',113);
INSERT INTO Colleges(CollegeName,EnrollmentSize,AcceptanceRate,CollegeID) VALUES ('Universidad Autónoma Latinoamericana',63901,'24%',114);
INSERT INTO Colleges(CollegeName,EnrollmentSize,AcceptanceRate,CollegeID) VALUES ('Université Centrale',67602,'3%',115);
INSERT INTO Colleges(CollegeName,EnrollmentSize,AcceptanceRate,CollegeID) VALUES ('Toin University of Yokohama',103677,'17%',116);
INSERT INTO Colleges(CollegeName,EnrollmentSize,AcceptanceRate,CollegeID) VALUES ('University of North Carolina at Charlotte',5581,'64%',117);
INSERT INTO Colleges(CollegeName,EnrollmentSize,AcceptanceRate,CollegeID) VALUES ('Soochow University',60860,'9%',118);
INSERT INTO Colleges(CollegeName,EnrollmentSize,AcceptanceRate,CollegeID) VALUES ('Universidad Carlos III de Madrid',92070,'72%',119);
INSERT INTO Colleges(CollegeName,EnrollmentSize,AcceptanceRate,CollegeID) VALUES ('Tajik National University',6248,'83%',120);
INSERT INTO Colleges(CollegeName,EnrollmentSize,AcceptanceRate,CollegeID) VALUES ('Gorno-Altaisk State University',65501,'28%',121);
INSERT INTO Colleges(CollegeName,EnrollmentSize,AcceptanceRate,CollegeID) VALUES ('Iwaki Meisei University',146261,'38%',122);
INSERT INTO Colleges(CollegeName,EnrollmentSize,AcceptanceRate,CollegeID) VALUES ('University of Texas Health Science Center at San Antonio',118487,'90%',123);
INSERT INTO Colleges(CollegeName,EnrollmentSize,AcceptanceRate,CollegeID) VALUES ('University of Debrecen',4837,'92%',124);
INSERT INTO Colleges(CollegeName,EnrollmentSize,AcceptanceRate,CollegeID) VALUES ('Arab Open University',16774,'66%',125);
INSERT INTO Colleges(CollegeName,EnrollmentSize,AcceptanceRate,CollegeID) VALUES ('Sultan Ismail Petra International Islamic College',64403,'11%',126);
INSERT INTO Colleges(CollegeName,EnrollmentSize,AcceptanceRate,CollegeID) VALUES ('University of Rousse',127134,'83%',127);
INSERT INTO Colleges(CollegeName,EnrollmentSize,AcceptanceRate,CollegeID) VALUES ('Mansoura University',73973,'80%',128);
INSERT INTO Colleges(CollegeName,EnrollmentSize,AcceptanceRate,CollegeID) VALUES ('Berea College',85015,'28%',129);
INSERT INTO Colleges(CollegeName,EnrollmentSize,AcceptanceRate,CollegeID) VALUES ('St. Petersburg State Agrarian University',99739,'29%',130);
INSERT INTO Colleges(CollegeName,EnrollmentSize,AcceptanceRate,CollegeID) VALUES ('International Academy of  Merchandising and Design Chicago',89033,'66%',131);
INSERT INTO Colleges(CollegeName,EnrollmentSize,AcceptanceRate,CollegeID) VALUES ('Sokoine University of Agriculture',113699,'88%',132);
INSERT INTO Colleges(CollegeName,EnrollmentSize,AcceptanceRate,CollegeID) VALUES ('Université de Montréal',78798,'98%',133);
INSERT INTO Colleges(CollegeName,EnrollmentSize,AcceptanceRate,CollegeID) VALUES ('Pedagogical University of Zielona Gora',132163,'93%',134);
INSERT INTO Colleges(CollegeName,EnrollmentSize,AcceptanceRate,CollegeID) VALUES ('Lalit Narayan Mithila University',25505,'47%',135);
INSERT INTO Colleges(CollegeName,EnrollmentSize,AcceptanceRate,CollegeID) VALUES ('University of Andorra',89481,'12%',136);
INSERT INTO Colleges(CollegeName,EnrollmentSize,AcceptanceRate,CollegeID) VALUES ('Deutsche Telekom Fachhochschule Leipzig',33659,'73%',137);
INSERT INTO Colleges(CollegeName,EnrollmentSize,AcceptanceRate,CollegeID) VALUES ('Tokyo Keizai University',101624,'78%',138);
INSERT INTO Colleges(CollegeName,EnrollmentSize,AcceptanceRate,CollegeID) VALUES ('University of Arkansas for Medical Sciences',107006,'30%',139);
INSERT INTO Colleges(CollegeName,EnrollmentSize,AcceptanceRate,CollegeID) VALUES ('Universidad Nacional del Altiplano',7451,'14%',140);
INSERT INTO Colleges(CollegeName,EnrollmentSize,AcceptanceRate,CollegeID) VALUES ('Université Stendhal (Grenoble III)',23471,'75%',141);
INSERT INTO Colleges(CollegeName,EnrollmentSize,AcceptanceRate,CollegeID) VALUES ('Tilak Maharashtra Vidyapeeth',93257,'88%',142);
INSERT INTO Colleges(CollegeName,EnrollmentSize,AcceptanceRate,CollegeID) VALUES ('Medical Academy in Lublin',28276,'81%',143);
INSERT INTO Colleges(CollegeName,EnrollmentSize,AcceptanceRate,CollegeID) VALUES ('Canadian Sudanese College',121016,'4%',144);
INSERT INTO Colleges(CollegeName,EnrollmentSize,AcceptanceRate,CollegeID) VALUES ('Belarussian State Economic University',132611,'80%',145);
INSERT INTO Colleges(CollegeName,EnrollmentSize,AcceptanceRate,CollegeID) VALUES ('Asia University',63390,'39%',146);
INSERT INTO Colleges(CollegeName,EnrollmentSize,AcceptanceRate,CollegeID) VALUES ('Technological University (Myitkyina)',60883,'1%',147);
INSERT INTO Colleges(CollegeName,EnrollmentSize,AcceptanceRate,CollegeID) VALUES ('American Conservatory of Music',91931,'36%',148);
INSERT INTO Colleges(CollegeName,EnrollmentSize,AcceptanceRate,CollegeID) VALUES ('Ahlulbait International University',92550,'88%',149);
INSERT INTO Colleges(CollegeName,EnrollmentSize,AcceptanceRate,CollegeID) VALUES ('Islamia University of Bahawalpur',121781,'90%',150);


DROP TABLE IF EXISTS Departments;
CREATE TABLE Departments(
   DeptCode        INTEGER  NOT NULL
  ,CollegeID       INTEGER  NOT NULL
  ,DeptRank        INTEGER  NOT NULL
  ,DeptDescription VARCHAR(667) NOT NULL
  ,PRIMARY KEY(DeptCode,CollegeID)
);
INSERT INTO Departments(DeptCode,CollegeID,DeptRank,DeptDescription) VALUES (1,50,69,'luctus ultricies eu nibh quisque id justo sit amet sapien dignissim vestibulum vestibulum ante ipsum primis in faucibus orci luctus et ultrices posuere cubilia curae nulla dapibus dolor vel est donec odio justo sollicitudin ut suscipit a feugiat et eros vestibulum ac est lacinia nisi venenatis tristique fusce congue');
INSERT INTO Departments(DeptCode,CollegeID,DeptRank,DeptDescription) VALUES (2,47,56,'luctus et ultrices posuere cubilia curae mauris viverra diam vitae quam suspendisse potenti nullam porttitor lacus at turpis donec posuere metus vitae ipsum aliquam non mauris morbi non lectus aliquam sit amet diam in magna bibendum imperdiet nullam orci pede venenatis non sodales sed tincidunt eu felis fusce posuere felis sed lacus morbi sem mauris laoreet ut');
INSERT INTO Departments(DeptCode,CollegeID,DeptRank,DeptDescription) VALUES (3,27,4,'tortor risus dapibus augue vel accumsan tellus nisi eu orci mauris lacinia sapien quis libero nullam sit amet turpis elementum ligula vehicula consequat morbi a ipsum integer a nibh in quis justo maecenas rhoncus aliquam lacus morbi quis tortor id nulla ultrices aliquet maecenas leo');
INSERT INTO Departments(DeptCode,CollegeID,DeptRank,DeptDescription) VALUES (4,74,23,'pede justo eu massa donec dapibus duis at velit eu est congue elementum in hac habitasse platea dictumst morbi vestibulum velit id pretium iaculis diam erat fermentum justo nec condimentum neque sapien placerat ante nulla justo aliquam quis turpis eget elit sodales scelerisque mauris sit amet eros suspendisse accumsan tortor quis turpis sed ante vivamus tortor duis mattis egestas metus aenean fermentum donec ut mauris eget massa tempor');
INSERT INTO Departments(DeptCode,CollegeID,DeptRank,DeptDescription) VALUES (5,54,1,'sed tristique in tempus sit amet sem fusce consequat nulla nisl nunc nisl duis bibendum felis sed interdum venenatis turpis enim blandit mi in porttitor pede justo eu massa donec dapibus duis at velit eu est congue elementum in hac habitasse platea dictumst morbi vestibulum velit id');
INSERT INTO Departments(DeptCode,CollegeID,DeptRank,DeptDescription) VALUES (6,131,48,'integer a nibh in quis justo maecenas rhoncus aliquam lacus morbi quis tortor id nulla ultrices aliquet maecenas leo odio condimentum id luctus nec molestie sed justo pellentesque viverra pede ac diam cras pellentesque volutpat dui maecenas tristique est');
INSERT INTO Departments(DeptCode,CollegeID,DeptRank,DeptDescription) VALUES (7,111,86,'aliquet pulvinar sed nisl nunc rhoncus dui vel sem sed sagittis nam congue risus semper porta volutpat quam pede lobortis ligula sit amet eleifend pede libero quis orci nullam molestie nibh in lectus pellentesque at nulla suspendisse potenti cras in purus eu magna vulputate luctus cum sociis natoque penatibus et magnis dis parturient montes nascetur ridiculus mus vivamus vestibulum sagittis sapien cum sociis natoque penatibus et magnis dis parturient montes nascetur ridiculus mus etiam vel augue vestibulum rutrum rutrum neque');
INSERT INTO Departments(DeptCode,CollegeID,DeptRank,DeptDescription) VALUES (8,74,50,'a pede posuere nonummy integer non velit donec diam neque vestibulum eget vulputate ut ultrices vel augue vestibulum ante ipsum primis in faucibus orci luctus et ultrices posuere cubilia curae donec pharetra magna vestibulum aliquet ultrices erat tortor sollicitudin mi sit amet lobortis sapien sapien non mi integer ac neque duis bibendum morbi non quam nec dui luctus rutrum nulla tellus in sagittis dui vel nisl duis ac nibh fusce lacus purus aliquet');
INSERT INTO Departments(DeptCode,CollegeID,DeptRank,DeptDescription) VALUES (9,137,37,'lobortis ligula sit amet eleifend pede libero quis orci nullam molestie nibh in lectus pellentesque at nulla suspendisse potenti cras in purus eu magna vulputate luctus cum sociis natoque penatibus et magnis dis');
INSERT INTO Departments(DeptCode,CollegeID,DeptRank,DeptDescription) VALUES (10,82,51,'parturient montes nascetur ridiculus mus vivamus vestibulum sagittis sapien cum sociis natoque penatibus et magnis dis parturient montes nascetur ridiculus mus etiam vel augue vestibulum rutrum rutrum neque aenean auctor gravida sem praesent id massa id nisl venenatis lacinia aenean sit amet justo morbi ut odio cras mi pede malesuada in imperdiet et commodo vulputate justo in blandit ultrices enim lorem ipsum dolor sit amet consectetuer adipiscing elit proin interdum mauris non ligula pellentesque ultrices phasellus id sapien in sapien iaculis congue vivamus metus arcu adipiscing molestie');
INSERT INTO Departments(DeptCode,CollegeID,DeptRank,DeptDescription) VALUES (11,110,100,'consectetuer adipiscing elit proin risus praesent lectus vestibulum quam sapien varius ut blandit non interdum in ante vestibulum ante ipsum primis in faucibus orci luctus et ultrices posuere cubilia curae duis faucibus accumsan odio curabitur convallis duis consequat dui nec nisi volutpat eleifend donec ut dolor morbi vel lectus in quam fringilla rhoncus mauris enim leo rhoncus sed vestibulum sit amet cursus id turpis integer aliquet massa id lobortis convallis tortor risus dapibus augue vel accumsan tellus nisi eu orci');
INSERT INTO Departments(DeptCode,CollegeID,DeptRank,DeptDescription) VALUES (12,14,77,'duis bibendum felis sed interdum venenatis turpis enim blandit mi in porttitor pede justo eu massa donec dapibus duis at velit eu est congue elementum in hac habitasse platea dictumst morbi vestibulum velit id pretium iaculis diam erat fermentum justo nec condimentum neque sapien placerat ante nulla justo aliquam quis turpis eget elit sodales scelerisque mauris sit amet eros suspendisse accumsan tortor');
INSERT INTO Departments(DeptCode,CollegeID,DeptRank,DeptDescription) VALUES (13,15,35,'sapien varius ut blandit non interdum in ante vestibulum ante ipsum primis in faucibus orci luctus et ultrices posuere cubilia curae duis faucibus accumsan odio curabitur convallis duis consequat dui nec nisi volutpat eleifend donec ut dolor morbi vel lectus in quam fringilla rhoncus mauris enim leo rhoncus sed vestibulum sit amet cursus id turpis');
INSERT INTO Departments(DeptCode,CollegeID,DeptRank,DeptDescription) VALUES (14,120,33,'volutpat dui maecenas tristique est et tempus semper est quam pharetra magna ac consequat metus sapien ut nunc vestibulum ante ipsum primis in faucibus orci luctus et ultrices posuere cubilia curae mauris viverra diam vitae quam suspendisse potenti nullam porttitor lacus at turpis donec posuere metus vitae ipsum aliquam non mauris morbi');
INSERT INTO Departments(DeptCode,CollegeID,DeptRank,DeptDescription) VALUES (15,144,9,'nonummy integer non velit donec diam neque vestibulum eget vulputate ut ultrices vel augue vestibulum ante ipsum primis in faucibus orci luctus et ultrices posuere cubilia curae donec pharetra magna vestibulum aliquet ultrices erat tortor sollicitudin mi sit amet lobortis sapien sapien non mi integer ac');
INSERT INTO Departments(DeptCode,CollegeID,DeptRank,DeptDescription) VALUES (16,65,57,'aliquet maecenas leo odio condimentum id luctus nec molestie sed justo pellentesque viverra pede ac diam cras pellentesque volutpat dui maecenas tristique est et tempus semper est quam pharetra magna ac consequat metus sapien ut nunc vestibulum ante ipsum primis in faucibus orci luctus et ultrices posuere cubilia curae mauris viverra diam vitae quam suspendisse potenti nullam porttitor lacus at turpis donec posuere metus vitae ipsum aliquam non mauris morbi non lectus aliquam sit amet diam in magna bibendum imperdiet nullam orci pede venenatis non sodales sed tincidunt');
INSERT INTO Departments(DeptCode,CollegeID,DeptRank,DeptDescription) VALUES (17,139,46,'lacinia erat vestibulum sed magna at nunc commodo placerat praesent blandit nam nulla integer pede justo lacinia eget tincidunt eget tempus vel pede morbi porttitor lorem id ligula suspendisse ornare consequat lectus in est risus auctor sed tristique in tempus sit');
INSERT INTO Departments(DeptCode,CollegeID,DeptRank,DeptDescription) VALUES (18,62,29,'eget semper rutrum nulla nunc purus phasellus in felis donec semper sapien a libero nam dui proin leo odio porttitor id consequat in consequat ut nulla sed accumsan felis ut at dolor quis odio consequat varius integer ac leo pellentesque ultrices mattis odio donec vitae nisi nam ultrices libero non mattis pulvinar nulla pede ullamcorper augue a suscipit nulla elit ac nulla sed vel enim sit amet nunc viverra dapibus nulla suscipit ligula in lacus curabitur at ipsum ac');
INSERT INTO Departments(DeptCode,CollegeID,DeptRank,DeptDescription) VALUES (19,113,35,'risus auctor sed tristique in tempus sit amet sem fusce consequat nulla nisl nunc nisl duis bibendum felis sed interdum venenatis turpis enim blandit mi in porttitor pede justo eu massa donec dapibus duis at');
INSERT INTO Departments(DeptCode,CollegeID,DeptRank,DeptDescription) VALUES (20,43,37,'consectetuer adipiscing elit proin risus praesent lectus vestibulum quam sapien varius ut blandit non interdum in ante vestibulum ante ipsum primis in faucibus orci luctus et ultrices posuere cubilia curae duis faucibus accumsan odio curabitur convallis duis consequat dui nec nisi volutpat eleifend donec ut dolor morbi vel lectus');
INSERT INTO Departments(DeptCode,CollegeID,DeptRank,DeptDescription) VALUES (21,89,32,'curae donec pharetra magna vestibulum aliquet ultrices erat tortor sollicitudin mi sit amet lobortis sapien sapien non mi integer ac neque duis bibendum morbi non quam nec dui luctus rutrum nulla tellus in sagittis dui vel nisl duis ac nibh fusce lacus purus aliquet at feugiat non pretium quis lectus suspendisse potenti in eleifend quam a odio in hac habitasse platea dictumst maecenas ut massa quis augue luctus tincidunt nulla mollis');
INSERT INTO Departments(DeptCode,CollegeID,DeptRank,DeptDescription) VALUES (22,23,61,'fusce posuere felis sed lacus morbi sem mauris laoreet ut rhoncus aliquet pulvinar sed nisl nunc rhoncus dui vel sem sed sagittis nam congue risus semper porta volutpat quam pede lobortis ligula sit amet eleifend pede libero');
INSERT INTO Departments(DeptCode,CollegeID,DeptRank,DeptDescription) VALUES (23,79,6,'consectetuer adipiscing elit proin interdum mauris non ligula pellentesque ultrices phasellus id sapien in sapien iaculis congue vivamus metus arcu adipiscing molestie hendrerit at vulputate vitae nisl aenean lectus pellentesque eget nunc donec quis orci eget orci vehicula condimentum curabitur in libero ut massa volutpat convallis morbi odio odio elementum eu interdum eu tincidunt in leo maecenas pulvinar lobortis est phasellus sit amet erat nulla tempus vivamus in felis eu sapien cursus vestibulum proin eu mi nulla ac enim in tempor turpis nec euismod scelerisque quam turpis adipiscing lorem vitae mattis nibh ligula nec sem duis aliquam convallis nunc proin');
INSERT INTO Departments(DeptCode,CollegeID,DeptRank,DeptDescription) VALUES (24,147,11,'nulla ultrices aliquet maecenas leo odio condimentum id luctus nec molestie sed justo pellentesque viverra pede ac diam cras pellentesque volutpat dui maecenas tristique est et tempus semper est quam pharetra magna ac consequat metus sapien ut nunc vestibulum ante ipsum primis in faucibus orci luctus et ultrices posuere cubilia curae mauris');
INSERT INTO Departments(DeptCode,CollegeID,DeptRank,DeptDescription) VALUES (25,9,85,'diam id ornare imperdiet sapien urna pretium nisl ut volutpat sapien arcu sed augue aliquam erat volutpat in congue etiam justo etiam pretium iaculis justo in hac habitasse platea dictumst etiam faucibus cursus urna ut tellus nulla ut erat id mauris vulputate elementum nullam varius nulla facilisi cras non velit nec nisi vulputate nonummy maecenas tincidunt lacus at velit vivamus vel nulla eget eros elementum pellentesque quisque porta volutpat erat quisque erat eros viverra eget congue eget semper rutrum nulla nunc purus phasellus in felis');
INSERT INTO Departments(DeptCode,CollegeID,DeptRank,DeptDescription) VALUES (26,48,7,'mi pede malesuada in imperdiet et commodo vulputate justo in blandit ultrices enim lorem ipsum dolor sit amet consectetuer adipiscing elit proin interdum mauris non ligula pellentesque ultrices phasellus id sapien in sapien iaculis congue vivamus metus arcu adipiscing molestie hendrerit at vulputate vitae nisl aenean lectus pellentesque eget nunc donec quis orci eget orci vehicula condimentum curabitur in libero ut massa volutpat convallis morbi odio odio elementum eu interdum eu tincidunt in leo maecenas pulvinar lobortis est phasellus sit amet erat nulla tempus vivamus in felis eu sapien cursus vestibulum proin eu mi nulla');
INSERT INTO Departments(DeptCode,CollegeID,DeptRank,DeptDescription) VALUES (27,51,68,'sit amet erat nulla tempus vivamus in felis eu sapien cursus vestibulum proin eu mi nulla ac enim in tempor turpis nec euismod scelerisque quam turpis adipiscing lorem vitae mattis nibh ligula nec sem duis aliquam convallis nunc proin at turpis a pede posuere nonummy integer non velit donec diam neque vestibulum eget vulputate ut ultrices vel augue vestibulum ante ipsum primis in faucibus orci luctus et ultrices posuere');
INSERT INTO Departments(DeptCode,CollegeID,DeptRank,DeptDescription) VALUES (28,114,99,'neque aenean auctor gravida sem praesent id massa id nisl venenatis lacinia aenean sit amet justo morbi ut odio cras mi pede malesuada in imperdiet et commodo vulputate justo in blandit ultrices enim lorem ipsum dolor sit amet consectetuer adipiscing elit proin interdum mauris non ligula pellentesque ultrices phasellus id sapien in sapien iaculis congue vivamus metus arcu adipiscing molestie hendrerit at vulputate vitae');
INSERT INTO Departments(DeptCode,CollegeID,DeptRank,DeptDescription) VALUES (29,38,17,'vulputate justo in blandit ultrices enim lorem ipsum dolor sit amet consectetuer adipiscing elit proin interdum mauris non ligula pellentesque ultrices phasellus id sapien in sapien iaculis congue vivamus metus arcu adipiscing molestie hendrerit at vulputate vitae nisl aenean lectus pellentesque eget nunc donec quis orci eget orci vehicula condimentum curabitur in libero ut massa volutpat convallis morbi odio odio elementum eu interdum eu tincidunt in leo maecenas pulvinar lobortis est phasellus sit amet erat nulla tempus vivamus in felis eu sapien');
INSERT INTO Departments(DeptCode,CollegeID,DeptRank,DeptDescription) VALUES (30,28,13,'at nibh in hac habitasse platea dictumst aliquam augue quam sollicitudin vitae consectetuer eget rutrum at lorem integer tincidunt ante vel ipsum praesent blandit lacinia erat vestibulum sed magna at nunc commodo placerat praesent blandit nam nulla integer pede justo lacinia eget tincidunt eget tempus vel pede morbi porttitor lorem id ligula suspendisse ornare consequat lectus in est risus auctor sed tristique in tempus sit amet sem fusce consequat nulla nisl nunc nisl duis bibendum felis sed interdum venenatis turpis enim blandit mi in porttitor pede justo eu massa donec dapibus');
INSERT INTO Departments(DeptCode,CollegeID,DeptRank,DeptDescription) VALUES (31,148,35,'pellentesque ultrices mattis odio donec vitae nisi nam ultrices libero non mattis pulvinar nulla pede ullamcorper augue a suscipit nulla elit ac nulla sed vel enim sit amet nunc viverra dapibus nulla suscipit ligula in lacus curabitur at ipsum ac tellus semper interdum mauris ullamcorper purus sit amet nulla');
INSERT INTO Departments(DeptCode,CollegeID,DeptRank,DeptDescription) VALUES (32,24,47,'aliquet pulvinar sed nisl nunc rhoncus dui vel sem sed sagittis nam congue risus semper porta volutpat quam pede lobortis ligula sit amet eleifend pede libero quis orci nullam molestie nibh in lectus pellentesque at nulla suspendisse potenti cras in purus eu magna vulputate luctus cum sociis natoque penatibus et magnis dis parturient montes nascetur ridiculus mus vivamus vestibulum sagittis sapien cum sociis natoque penatibus et magnis dis parturient montes nascetur ridiculus mus etiam vel augue vestibulum rutrum rutrum neque aenean auctor gravida sem praesent id massa id nisl venenatis');
INSERT INTO Departments(DeptCode,CollegeID,DeptRank,DeptDescription) VALUES (33,37,61,'turpis nec euismod scelerisque quam turpis adipiscing lorem vitae mattis nibh ligula nec sem duis aliquam convallis nunc proin at turpis a pede posuere nonummy integer non velit donec diam neque vestibulum eget vulputate ut ultrices vel augue vestibulum ante ipsum primis in faucibus orci luctus et ultrices posuere cubilia curae donec pharetra magna vestibulum aliquet ultrices erat tortor sollicitudin mi sit');
INSERT INTO Departments(DeptCode,CollegeID,DeptRank,DeptDescription) VALUES (34,66,14,'magnis dis parturient montes nascetur ridiculus mus vivamus vestibulum sagittis sapien cum sociis natoque penatibus et magnis dis parturient montes nascetur ridiculus mus etiam vel augue vestibulum rutrum rutrum neque aenean auctor');
INSERT INTO Departments(DeptCode,CollegeID,DeptRank,DeptDescription) VALUES (35,129,54,'lectus in est risus auctor sed tristique in tempus sit amet sem fusce consequat nulla nisl nunc nisl duis bibendum felis sed interdum venenatis turpis enim blandit mi in porttitor pede justo eu massa donec dapibus duis at velit eu est congue elementum in hac habitasse platea dictumst morbi');
INSERT INTO Departments(DeptCode,CollegeID,DeptRank,DeptDescription) VALUES (36,128,78,'at turpis donec posuere metus vitae ipsum aliquam non mauris morbi non lectus aliquam sit amet diam in magna bibendum imperdiet nullam orci pede venenatis non sodales sed tincidunt eu felis fusce');
INSERT INTO Departments(DeptCode,CollegeID,DeptRank,DeptDescription) VALUES (37,147,14,'at velit eu est congue elementum in hac habitasse platea dictumst morbi vestibulum velit id pretium iaculis diam erat fermentum justo nec condimentum neque sapien placerat ante nulla justo aliquam quis turpis eget elit sodales');
INSERT INTO Departments(DeptCode,CollegeID,DeptRank,DeptDescription) VALUES (38,90,4,'in ante vestibulum ante ipsum primis in faucibus orci luctus et ultrices posuere cubilia curae duis faucibus accumsan odio curabitur convallis duis consequat dui nec nisi volutpat eleifend donec ut dolor morbi vel lectus in quam fringilla rhoncus mauris enim leo rhoncus sed vestibulum sit amet cursus id turpis integer aliquet massa id lobortis convallis tortor risus dapibus augue vel accumsan tellus nisi eu orci mauris');
INSERT INTO Departments(DeptCode,CollegeID,DeptRank,DeptDescription) VALUES (39,45,90,'tincidunt lacus at velit vivamus vel nulla eget eros elementum pellentesque quisque porta volutpat erat quisque erat eros viverra eget congue eget semper rutrum nulla nunc purus phasellus in felis donec semper sapien a libero nam dui proin leo odio porttitor id consequat in consequat');
INSERT INTO Departments(DeptCode,CollegeID,DeptRank,DeptDescription) VALUES (40,42,11,'erat fermentum justo nec condimentum neque sapien placerat ante nulla justo aliquam quis turpis eget elit sodales scelerisque mauris sit amet eros suspendisse accumsan tortor quis turpis sed ante vivamus tortor duis mattis egestas metus aenean fermentum donec ut mauris eget massa tempor');
INSERT INTO Departments(DeptCode,CollegeID,DeptRank,DeptDescription) VALUES (41,116,11,'massa volutpat convallis morbi odio odio elementum eu interdum eu tincidunt in leo maecenas pulvinar lobortis est phasellus sit amet erat nulla tempus vivamus in felis eu sapien cursus vestibulum proin eu mi nulla ac enim in tempor turpis nec euismod scelerisque quam turpis adipiscing lorem vitae mattis nibh ligula nec sem duis aliquam convallis nunc proin at turpis a pede posuere nonummy integer non velit donec diam neque vestibulum eget vulputate ut ultrices vel augue vestibulum ante ipsum primis in faucibus orci luctus et ultrices posuere cubilia curae donec pharetra magna');
INSERT INTO Departments(DeptCode,CollegeID,DeptRank,DeptDescription) VALUES (42,145,76,'dictumst etiam faucibus cursus urna ut tellus nulla ut erat id mauris vulputate elementum nullam varius nulla facilisi cras non velit nec nisi vulputate nonummy maecenas tincidunt lacus at velit vivamus vel nulla eget eros elementum pellentesque quisque porta volutpat erat quisque erat eros viverra eget congue eget semper rutrum nulla nunc purus phasellus in felis donec semper sapien a libero nam dui proin leo odio porttitor id consequat in consequat');
INSERT INTO Departments(DeptCode,CollegeID,DeptRank,DeptDescription) VALUES (43,73,77,'eu nibh quisque id justo sit amet sapien dignissim vestibulum vestibulum ante ipsum primis in faucibus orci luctus et ultrices posuere cubilia curae nulla dapibus dolor vel est donec odio justo sollicitudin ut suscipit a feugiat et eros vestibulum ac est lacinia nisi venenatis tristique fusce congue diam id ornare');
INSERT INTO Departments(DeptCode,CollegeID,DeptRank,DeptDescription) VALUES (44,118,23,'eget elit sodales scelerisque mauris sit amet eros suspendisse accumsan tortor quis turpis sed ante vivamus tortor duis mattis egestas metus aenean fermentum donec ut mauris eget massa tempor convallis nulla neque libero convallis eget eleifend luctus ultricies eu nibh quisque id');
INSERT INTO Departments(DeptCode,CollegeID,DeptRank,DeptDescription) VALUES (45,127,16,'integer pede justo lacinia eget tincidunt eget tempus vel pede morbi porttitor lorem id ligula suspendisse ornare consequat lectus in est risus auctor sed tristique in tempus sit amet sem fusce consequat nulla nisl nunc nisl duis bibendum felis sed interdum venenatis turpis enim blandit mi in porttitor pede justo eu massa donec dapibus duis at velit eu est congue elementum in hac habitasse platea dictumst morbi vestibulum velit id pretium iaculis diam erat fermentum justo nec condimentum neque sapien placerat ante nulla justo aliquam quis turpis eget elit sodales scelerisque mauris sit amet eros suspendisse');
INSERT INTO Departments(DeptCode,CollegeID,DeptRank,DeptDescription) VALUES (46,43,49,'rhoncus sed vestibulum sit amet cursus id turpis integer aliquet massa id lobortis convallis tortor risus dapibus augue vel accumsan tellus nisi eu orci mauris lacinia sapien quis libero nullam sit amet turpis elementum ligula vehicula consequat morbi a ipsum integer a nibh in quis justo maecenas rhoncus aliquam lacus morbi quis tortor id nulla ultrices aliquet maecenas leo odio condimentum id luctus nec molestie sed justo pellentesque viverra pede ac diam cras pellentesque volutpat dui maecenas tristique est et tempus semper est quam pharetra magna ac consequat metus sapien ut nunc vestibulum ante ipsum primis in faucibus orci luctus');
INSERT INTO Departments(DeptCode,CollegeID,DeptRank,DeptDescription) VALUES (47,99,13,'nulla sed accumsan felis ut at dolor quis odio consequat varius integer ac leo pellentesque ultrices mattis odio donec vitae nisi nam ultrices libero non mattis pulvinar nulla pede ullamcorper augue a suscipit nulla elit ac nulla sed vel enim sit amet nunc viverra dapibus nulla suscipit ligula in lacus curabitur at ipsum ac tellus semper interdum mauris ullamcorper purus sit');
INSERT INTO Departments(DeptCode,CollegeID,DeptRank,DeptDescription) VALUES (48,65,27,'sed augue aliquam erat volutpat in congue etiam justo etiam pretium iaculis justo in hac habitasse platea dictumst etiam faucibus cursus urna ut tellus nulla ut erat id mauris vulputate elementum nullam varius nulla facilisi cras non velit nec nisi vulputate nonummy maecenas tincidunt lacus at velit vivamus vel nulla eget eros elementum pellentesque quisque porta volutpat erat quisque erat eros viverra eget congue eget semper rutrum nulla nunc purus phasellus in felis donec semper sapien a libero nam dui proin leo odio');
INSERT INTO Departments(DeptCode,CollegeID,DeptRank,DeptDescription) VALUES (49,114,92,'luctus nec molestie sed justo pellentesque viverra pede ac diam cras pellentesque volutpat dui maecenas tristique est et tempus semper est quam pharetra magna ac consequat metus sapien ut nunc vestibulum ante ipsum primis in faucibus orci luctus et ultrices posuere cubilia curae mauris viverra diam vitae quam suspendisse potenti nullam porttitor lacus at turpis donec posuere metus vitae ipsum aliquam non mauris morbi non lectus aliquam sit amet diam in magna bibendum imperdiet nullam orci pede venenatis non sodales sed tincidunt eu felis fusce posuere felis sed lacus morbi sem mauris laoreet ut rhoncus aliquet');
INSERT INTO Departments(DeptCode,CollegeID,DeptRank,DeptDescription) VALUES (50,128,92,'est lacinia nisi venenatis tristique fusce congue diam id ornare imperdiet sapien urna pretium nisl ut volutpat sapien arcu sed augue aliquam erat volutpat in congue etiam justo etiam pretium iaculis justo in hac habitasse platea dictumst etiam faucibus cursus urna ut tellus nulla ut erat id mauris vulputate elementum nullam varius nulla facilisi cras non velit nec nisi vulputate nonummy maecenas tincidunt lacus at velit vivamus vel nulla eget eros elementum pellentesque quisque porta volutpat erat quisque erat eros viverra eget congue eget semper rutrum nulla nunc purus phasellus in felis');
INSERT INTO Departments(DeptCode,CollegeID,DeptRank,DeptDescription) VALUES (51,102,26,'dui nec nisi volutpat eleifend donec ut dolor morbi vel lectus in quam fringilla rhoncus mauris enim leo rhoncus sed vestibulum sit amet cursus id turpis integer aliquet massa id lobortis convallis tortor risus dapibus augue vel accumsan tellus nisi eu orci mauris lacinia sapien quis libero nullam sit amet turpis elementum ligula vehicula consequat morbi a ipsum integer a nibh in quis justo maecenas rhoncus aliquam lacus morbi quis tortor id nulla ultrices aliquet maecenas leo odio condimentum id luctus nec molestie sed justo pellentesque viverra pede ac diam cras pellentesque volutpat dui maecenas tristique est et tempus');
INSERT INTO Departments(DeptCode,CollegeID,DeptRank,DeptDescription) VALUES (52,20,63,'pellentesque ultrices phasellus id sapien in sapien iaculis congue vivamus metus arcu adipiscing molestie hendrerit at vulputate vitae nisl aenean lectus pellentesque eget nunc donec quis orci eget orci vehicula condimentum curabitur in');
INSERT INTO Departments(DeptCode,CollegeID,DeptRank,DeptDescription) VALUES (53,137,58,'non pretium quis lectus suspendisse potenti in eleifend quam a odio in hac habitasse platea dictumst maecenas ut massa quis augue luctus tincidunt nulla mollis molestie lorem quisque ut erat curabitur gravida nisi at nibh in hac habitasse platea dictumst aliquam augue quam sollicitudin vitae consectetuer eget rutrum at lorem integer tincidunt ante vel ipsum praesent blandit lacinia erat vestibulum sed magna at nunc commodo placerat praesent blandit nam nulla integer pede justo lacinia eget tincidunt eget tempus');
INSERT INTO Departments(DeptCode,CollegeID,DeptRank,DeptDescription) VALUES (54,7,62,'id massa id nisl venenatis lacinia aenean sit amet justo morbi ut odio cras mi pede malesuada in imperdiet et commodo vulputate justo in blandit ultrices enim lorem ipsum dolor sit amet consectetuer adipiscing elit proin interdum mauris non ligula pellentesque ultrices phasellus id sapien in sapien iaculis congue vivamus metus arcu adipiscing molestie hendrerit at vulputate vitae nisl aenean lectus pellentesque eget nunc donec quis orci eget orci vehicula condimentum curabitur in libero ut massa volutpat convallis morbi odio odio elementum eu interdum eu tincidunt in leo maecenas pulvinar lobortis est phasellus sit amet erat nulla tempus');
INSERT INTO Departments(DeptCode,CollegeID,DeptRank,DeptDescription) VALUES (55,149,5,'arcu sed augue aliquam erat volutpat in congue etiam justo etiam pretium iaculis justo in hac habitasse platea dictumst etiam faucibus cursus urna ut tellus nulla ut');
INSERT INTO Departments(DeptCode,CollegeID,DeptRank,DeptDescription) VALUES (56,85,99,'nulla sed accumsan felis ut at dolor quis odio consequat varius integer ac leo pellentesque ultrices mattis odio donec vitae nisi nam ultrices libero non mattis pulvinar nulla pede ullamcorper augue a suscipit nulla elit ac nulla sed vel enim sit amet');
INSERT INTO Departments(DeptCode,CollegeID,DeptRank,DeptDescription) VALUES (57,118,47,'donec pharetra magna vestibulum aliquet ultrices erat tortor sollicitudin mi sit amet lobortis sapien sapien non mi integer ac neque duis bibendum morbi non quam nec dui luctus rutrum nulla tellus in sagittis dui vel nisl duis ac nibh fusce lacus purus aliquet at feugiat non pretium quis lectus suspendisse potenti in eleifend quam a odio in hac habitasse platea dictumst maecenas ut massa quis augue luctus tincidunt nulla mollis molestie lorem quisque ut erat curabitur gravida nisi');
INSERT INTO Departments(DeptCode,CollegeID,DeptRank,DeptDescription) VALUES (58,124,13,'amet cursus id turpis integer aliquet massa id lobortis convallis tortor risus dapibus augue vel accumsan tellus nisi eu orci mauris lacinia sapien quis libero nullam sit amet turpis elementum ligula vehicula consequat morbi a ipsum integer a nibh in quis justo maecenas rhoncus aliquam lacus morbi quis tortor id nulla ultrices aliquet maecenas leo odio condimentum id luctus nec molestie sed justo pellentesque viverra pede ac diam cras pellentesque volutpat dui maecenas tristique est et tempus semper est quam pharetra magna ac consequat');
INSERT INTO Departments(DeptCode,CollegeID,DeptRank,DeptDescription) VALUES (59,44,4,'tellus nisi eu orci mauris lacinia sapien quis libero nullam sit amet turpis elementum ligula vehicula consequat morbi a ipsum integer a nibh in quis justo maecenas rhoncus aliquam lacus morbi quis tortor id nulla ultrices aliquet maecenas leo odio condimentum id luctus nec molestie sed justo pellentesque viverra pede ac diam cras pellentesque volutpat dui maecenas tristique est et tempus semper est quam');
INSERT INTO Departments(DeptCode,CollegeID,DeptRank,DeptDescription) VALUES (60,30,33,'et ultrices posuere cubilia curae mauris viverra diam vitae quam suspendisse potenti nullam porttitor lacus at turpis donec posuere metus vitae ipsum aliquam non mauris morbi non lectus aliquam sit amet diam in magna bibendum imperdiet nullam orci pede venenatis non sodales sed tincidunt eu felis');
INSERT INTO Departments(DeptCode,CollegeID,DeptRank,DeptDescription) VALUES (61,147,33,'ac est lacinia nisi venenatis tristique fusce congue diam id ornare imperdiet sapien urna pretium nisl ut volutpat sapien arcu sed augue aliquam erat volutpat in congue etiam justo etiam pretium iaculis justo in hac habitasse platea dictumst etiam faucibus cursus urna ut tellus nulla ut erat id mauris vulputate elementum nullam varius nulla facilisi cras non velit nec nisi vulputate nonummy maecenas tincidunt lacus at velit vivamus vel nulla eget eros elementum pellentesque');
INSERT INTO Departments(DeptCode,CollegeID,DeptRank,DeptDescription) VALUES (62,124,96,'sapien urna pretium nisl ut volutpat sapien arcu sed augue aliquam erat volutpat in congue etiam justo etiam pretium iaculis justo in hac habitasse platea dictumst etiam faucibus cursus urna ut tellus nulla ut erat id mauris vulputate elementum nullam varius nulla facilisi cras non velit nec nisi vulputate nonummy maecenas tincidunt lacus at velit vivamus vel nulla eget eros elementum pellentesque quisque porta volutpat erat quisque erat eros viverra eget congue eget semper rutrum nulla nunc purus phasellus in felis donec semper sapien a libero nam dui proin leo odio porttitor id consequat in consequat ut nulla');
INSERT INTO Departments(DeptCode,CollegeID,DeptRank,DeptDescription) VALUES (63,63,41,'vel nulla eget eros elementum pellentesque quisque porta volutpat erat quisque erat eros viverra eget congue eget semper rutrum nulla nunc purus phasellus in felis donec semper sapien a libero nam dui proin leo odio porttitor id consequat in consequat ut nulla sed accumsan felis ut at dolor quis odio consequat varius integer ac leo pellentesque ultrices mattis odio donec vitae nisi nam ultrices libero non mattis pulvinar nulla pede ullamcorper augue a suscipit nulla elit ac nulla sed vel enim');
INSERT INTO Departments(DeptCode,CollegeID,DeptRank,DeptDescription) VALUES (64,47,14,'tellus in sagittis dui vel nisl duis ac nibh fusce lacus purus aliquet at feugiat non pretium quis lectus suspendisse potenti in eleifend quam a odio in hac habitasse platea dictumst maecenas ut massa quis augue luctus tincidunt nulla mollis molestie lorem quisque ut erat curabitur gravida nisi at nibh in hac habitasse platea dictumst aliquam augue quam sollicitudin vitae consectetuer eget rutrum at lorem integer tincidunt ante vel ipsum praesent blandit lacinia erat vestibulum sed magna');
INSERT INTO Departments(DeptCode,CollegeID,DeptRank,DeptDescription) VALUES (65,14,59,'morbi odio odio elementum eu interdum eu tincidunt in leo maecenas pulvinar lobortis est phasellus sit amet erat nulla tempus vivamus in felis eu sapien cursus vestibulum proin eu mi nulla ac');
INSERT INTO Departments(DeptCode,CollegeID,DeptRank,DeptDescription) VALUES (66,66,54,'eu interdum eu tincidunt in leo maecenas pulvinar lobortis est phasellus sit amet erat nulla tempus vivamus in felis eu sapien cursus vestibulum proin eu mi nulla ac enim in tempor turpis nec euismod scelerisque quam turpis adipiscing lorem vitae mattis nibh ligula nec sem duis aliquam convallis nunc proin at turpis a pede posuere nonummy integer non velit donec diam neque vestibulum eget vulputate ut ultrices vel augue vestibulum ante ipsum');
INSERT INTO Departments(DeptCode,CollegeID,DeptRank,DeptDescription) VALUES (67,62,34,'orci mauris lacinia sapien quis libero nullam sit amet turpis elementum ligula vehicula consequat morbi a ipsum integer a nibh in quis justo maecenas rhoncus aliquam lacus morbi quis tortor');
INSERT INTO Departments(DeptCode,CollegeID,DeptRank,DeptDescription) VALUES (68,96,85,'massa tempor convallis nulla neque libero convallis eget eleifend luctus ultricies eu nibh quisque id justo sit amet sapien dignissim vestibulum vestibulum ante ipsum primis in faucibus orci luctus et ultrices posuere cubilia curae nulla dapibus dolor vel est donec odio justo sollicitudin ut suscipit a feugiat et eros vestibulum ac est lacinia nisi venenatis tristique fusce congue diam id ornare imperdiet sapien urna pretium nisl ut volutpat sapien arcu sed augue aliquam erat volutpat in congue etiam justo etiam pretium iaculis justo in hac habitasse platea dictumst etiam');
INSERT INTO Departments(DeptCode,CollegeID,DeptRank,DeptDescription) VALUES (69,53,14,'mattis nibh ligula nec sem duis aliquam convallis nunc proin at turpis a pede posuere nonummy integer non velit donec diam neque vestibulum eget vulputate ut ultrices vel augue vestibulum ante ipsum primis in faucibus orci luctus et ultrices posuere cubilia curae donec pharetra magna vestibulum aliquet ultrices erat tortor sollicitudin mi sit amet lobortis sapien sapien non mi integer ac neque duis bibendum morbi non quam nec dui luctus rutrum nulla tellus in sagittis');
INSERT INTO Departments(DeptCode,CollegeID,DeptRank,DeptDescription) VALUES (70,112,16,'vestibulum sed magna at nunc commodo placerat praesent blandit nam nulla integer pede justo lacinia eget tincidunt eget tempus vel pede morbi porttitor lorem id ligula suspendisse ornare consequat lectus in est risus auctor sed tristique in tempus sit amet sem fusce consequat nulla nisl nunc nisl duis bibendum felis sed interdum venenatis turpis enim blandit mi in porttitor pede justo eu massa donec dapibus duis at velit eu est congue elementum in hac');
INSERT INTO Departments(DeptCode,CollegeID,DeptRank,DeptDescription) VALUES (71,11,33,'blandit non interdum in ante vestibulum ante ipsum primis in faucibus orci luctus et ultrices posuere cubilia curae duis faucibus accumsan odio curabitur convallis duis consequat dui nec nisi volutpat eleifend donec ut dolor morbi vel lectus in quam fringilla rhoncus mauris enim leo rhoncus sed vestibulum sit amet cursus id turpis integer aliquet massa id lobortis');
INSERT INTO Departments(DeptCode,CollegeID,DeptRank,DeptDescription) VALUES (72,120,29,'pede posuere nonummy integer non velit donec diam neque vestibulum eget vulputate ut ultrices vel augue vestibulum ante ipsum primis in faucibus orci luctus et ultrices posuere cubilia curae donec pharetra magna vestibulum aliquet ultrices erat tortor sollicitudin mi sit amet lobortis sapien sapien non mi integer ac neque duis bibendum morbi non quam');
INSERT INTO Departments(DeptCode,CollegeID,DeptRank,DeptDescription) VALUES (73,42,55,'ac neque duis bibendum morbi non quam nec dui luctus rutrum nulla tellus in sagittis dui vel nisl duis ac nibh fusce lacus purus aliquet at feugiat non pretium quis lectus suspendisse potenti in eleifend quam a odio in hac habitasse platea dictumst maecenas ut massa quis augue luctus tincidunt nulla mollis molestie lorem quisque ut erat curabitur gravida nisi at nibh in hac habitasse platea dictumst aliquam augue quam sollicitudin vitae consectetuer eget rutrum at lorem');
INSERT INTO Departments(DeptCode,CollegeID,DeptRank,DeptDescription) VALUES (74,122,47,'nonummy integer non velit donec diam neque vestibulum eget vulputate ut ultrices vel augue vestibulum ante ipsum primis in faucibus orci luctus et ultrices posuere cubilia curae donec pharetra magna vestibulum aliquet ultrices erat tortor sollicitudin mi sit amet lobortis sapien sapien non mi integer ac neque duis bibendum morbi non quam nec dui luctus rutrum nulla');
INSERT INTO Departments(DeptCode,CollegeID,DeptRank,DeptDescription) VALUES (75,36,81,'dui proin leo odio porttitor id consequat in consequat ut nulla sed accumsan felis ut at dolor quis odio consequat varius integer ac leo pellentesque ultrices mattis odio donec vitae nisi nam ultrices libero non mattis pulvinar nulla pede ullamcorper augue a suscipit nulla elit');
INSERT INTO Departments(DeptCode,CollegeID,DeptRank,DeptDescription) VALUES (76,123,49,'convallis nulla neque libero convallis eget eleifend luctus ultricies eu nibh quisque id justo sit amet sapien dignissim vestibulum vestibulum ante ipsum primis in faucibus orci luctus et ultrices posuere cubilia curae nulla dapibus dolor vel est donec odio justo sollicitudin ut suscipit a feugiat et eros vestibulum ac est lacinia nisi venenatis tristique fusce congue diam id ornare imperdiet sapien urna pretium nisl ut volutpat sapien arcu sed augue aliquam erat volutpat');
INSERT INTO Departments(DeptCode,CollegeID,DeptRank,DeptDescription) VALUES (77,125,81,'vel augue vestibulum ante ipsum primis in faucibus orci luctus et ultrices posuere cubilia curae donec pharetra magna vestibulum aliquet ultrices erat tortor sollicitudin mi sit amet lobortis sapien sapien non mi integer ac neque duis bibendum morbi non quam nec dui luctus rutrum nulla tellus in sagittis dui vel nisl duis ac nibh fusce lacus purus aliquet at feugiat non pretium quis lectus suspendisse potenti in eleifend quam a odio in hac habitasse platea dictumst maecenas ut');
INSERT INTO Departments(DeptCode,CollegeID,DeptRank,DeptDescription) VALUES (78,87,30,'nulla dapibus dolor vel est donec odio justo sollicitudin ut suscipit a feugiat et eros vestibulum ac est lacinia nisi venenatis tristique fusce congue diam id ornare imperdiet sapien urna pretium nisl ut volutpat sapien arcu sed augue aliquam erat volutpat in congue etiam justo etiam pretium iaculis justo in hac habitasse platea dictumst etiam faucibus cursus urna ut tellus nulla ut erat id mauris vulputate elementum nullam varius nulla facilisi cras non velit nec nisi vulputate nonummy');
INSERT INTO Departments(DeptCode,CollegeID,DeptRank,DeptDescription) VALUES (79,84,31,'elit sodales scelerisque mauris sit amet eros suspendisse accumsan tortor quis turpis sed ante vivamus tortor duis mattis egestas metus aenean fermentum donec ut mauris eget massa tempor convallis nulla neque libero convallis eget eleifend luctus ultricies eu nibh quisque id justo sit amet sapien dignissim vestibulum vestibulum ante ipsum primis in faucibus orci luctus et ultrices posuere cubilia curae nulla dapibus dolor vel est donec');
INSERT INTO Departments(DeptCode,CollegeID,DeptRank,DeptDescription) VALUES (80,89,4,'vel accumsan tellus nisi eu orci mauris lacinia sapien quis libero nullam sit amet turpis elementum ligula vehicula consequat morbi a ipsum integer a nibh in quis justo maecenas rhoncus aliquam lacus morbi quis tortor id nulla ultrices aliquet maecenas leo odio condimentum id luctus nec molestie sed justo pellentesque viverra pede');
INSERT INTO Departments(DeptCode,CollegeID,DeptRank,DeptDescription) VALUES (81,146,52,'semper rutrum nulla nunc purus phasellus in felis donec semper sapien a libero nam dui proin leo odio porttitor id consequat in consequat ut nulla sed accumsan felis ut at dolor quis odio consequat varius integer ac leo pellentesque ultrices mattis odio');
INSERT INTO Departments(DeptCode,CollegeID,DeptRank,DeptDescription) VALUES (82,133,26,'et eros vestibulum ac est lacinia nisi venenatis tristique fusce congue diam id ornare imperdiet sapien urna pretium nisl ut volutpat sapien arcu sed augue aliquam erat volutpat in congue etiam justo etiam pretium iaculis justo in hac habitasse platea dictumst etiam faucibus cursus urna ut tellus nulla ut erat id mauris vulputate elementum nullam varius nulla facilisi cras non velit nec nisi vulputate nonummy maecenas tincidunt lacus at velit vivamus vel nulla');
INSERT INTO Departments(DeptCode,CollegeID,DeptRank,DeptDescription) VALUES (83,84,14,'condimentum curabitur in libero ut massa volutpat convallis morbi odio odio elementum eu interdum eu tincidunt in leo maecenas pulvinar lobortis est phasellus sit amet erat nulla tempus vivamus in felis eu sapien cursus vestibulum proin eu mi nulla ac enim in tempor turpis nec');
INSERT INTO Departments(DeptCode,CollegeID,DeptRank,DeptDescription) VALUES (84,54,22,'quis lectus suspendisse potenti in eleifend quam a odio in hac habitasse platea dictumst maecenas ut massa quis augue luctus tincidunt nulla mollis molestie lorem quisque ut erat curabitur gravida nisi at nibh in hac habitasse platea dictumst aliquam augue quam sollicitudin vitae consectetuer eget rutrum at lorem integer tincidunt ante vel ipsum praesent blandit lacinia erat vestibulum sed');
INSERT INTO Departments(DeptCode,CollegeID,DeptRank,DeptDescription) VALUES (85,49,60,'nec condimentum neque sapien placerat ante nulla justo aliquam quis turpis eget elit sodales scelerisque mauris sit amet eros suspendisse accumsan tortor quis turpis sed ante vivamus tortor duis mattis egestas metus aenean fermentum donec ut mauris eget massa tempor convallis nulla neque');
INSERT INTO Departments(DeptCode,CollegeID,DeptRank,DeptDescription) VALUES (86,115,33,'accumsan tortor quis turpis sed ante vivamus tortor duis mattis egestas metus aenean fermentum donec ut mauris eget massa tempor convallis nulla neque libero convallis eget');
INSERT INTO Departments(DeptCode,CollegeID,DeptRank,DeptDescription) VALUES (87,42,86,'vitae consectetuer eget rutrum at lorem integer tincidunt ante vel ipsum praesent blandit lacinia erat vestibulum sed magna at nunc commodo placerat praesent blandit nam nulla integer pede justo lacinia eget tincidunt eget tempus vel pede morbi porttitor lorem id ligula suspendisse ornare consequat lectus in est risus auctor sed tristique in tempus sit amet sem fusce consequat nulla nisl nunc nisl duis bibendum felis sed interdum venenatis turpis enim blandit mi in porttitor pede justo');
INSERT INTO Departments(DeptCode,CollegeID,DeptRank,DeptDescription) VALUES (88,11,85,'nec molestie sed justo pellentesque viverra pede ac diam cras pellentesque volutpat dui maecenas tristique est et tempus semper est quam pharetra magna ac consequat metus sapien ut nunc vestibulum ante ipsum primis in faucibus orci luctus et ultrices posuere cubilia curae mauris viverra diam vitae quam suspendisse potenti nullam porttitor lacus at');
INSERT INTO Departments(DeptCode,CollegeID,DeptRank,DeptDescription) VALUES (89,76,27,'mus vivamus vestibulum sagittis sapien cum sociis natoque penatibus et magnis dis parturient montes nascetur ridiculus mus etiam vel augue vestibulum rutrum rutrum neque aenean auctor gravida sem praesent id massa id nisl venenatis lacinia aenean sit amet justo morbi ut odio cras mi pede malesuada in imperdiet et commodo vulputate justo in blandit ultrices enim lorem ipsum dolor sit amet consectetuer adipiscing elit proin interdum mauris non ligula pellentesque ultrices phasellus id sapien in sapien iaculis congue vivamus metus arcu adipiscing molestie hendrerit at vulputate vitae nisl aenean lectus pellentesque eget nunc donec quis orci');
INSERT INTO Departments(DeptCode,CollegeID,DeptRank,DeptDescription) VALUES (90,131,57,'nisi eu orci mauris lacinia sapien quis libero nullam sit amet turpis elementum ligula vehicula consequat morbi a ipsum integer a nibh in quis justo maecenas rhoncus aliquam lacus morbi quis tortor id nulla ultrices aliquet maecenas leo odio condimentum id luctus nec molestie sed justo pellentesque viverra pede ac diam cras pellentesque volutpat dui maecenas tristique est et tempus semper est quam pharetra magna ac consequat metus sapien ut nunc vestibulum ante ipsum primis in faucibus orci luctus et ultrices posuere cubilia curae mauris viverra diam vitae quam suspendisse potenti nullam porttitor lacus at turpis donec posuere metus vitae');
INSERT INTO Departments(DeptCode,CollegeID,DeptRank,DeptDescription) VALUES (91,38,45,'pretium nisl ut volutpat sapien arcu sed augue aliquam erat volutpat in congue etiam justo etiam pretium iaculis justo in hac habitasse platea dictumst etiam faucibus cursus urna ut tellus nulla ut erat id mauris vulputate elementum nullam varius nulla facilisi cras non velit nec nisi vulputate nonummy maecenas tincidunt lacus at velit vivamus vel nulla eget eros elementum pellentesque quisque porta volutpat erat quisque');
INSERT INTO Departments(DeptCode,CollegeID,DeptRank,DeptDescription) VALUES (92,30,93,'ante ipsum primis in faucibus orci luctus et ultrices posuere cubilia curae donec pharetra magna vestibulum aliquet ultrices erat tortor sollicitudin mi sit amet lobortis sapien sapien non mi integer ac neque duis bibendum morbi non quam nec dui luctus rutrum nulla tellus in sagittis dui vel nisl duis ac nibh fusce lacus purus aliquet at feugiat non pretium quis lectus suspendisse potenti in eleifend quam a odio in hac habitasse platea dictumst maecenas ut massa quis augue luctus tincidunt nulla mollis molestie lorem quisque ut erat curabitur gravida nisi at nibh in hac habitasse platea dictumst aliquam augue quam');
INSERT INTO Departments(DeptCode,CollegeID,DeptRank,DeptDescription) VALUES (93,11,27,'id justo sit amet sapien dignissim vestibulum vestibulum ante ipsum primis in faucibus orci luctus et ultrices posuere cubilia curae nulla dapibus dolor vel est donec odio justo sollicitudin ut suscipit a feugiat et eros vestibulum ac est lacinia');
INSERT INTO Departments(DeptCode,CollegeID,DeptRank,DeptDescription) VALUES (94,132,76,'purus phasellus in felis donec semper sapien a libero nam dui proin leo odio porttitor id consequat in consequat ut nulla sed accumsan felis ut at dolor quis odio consequat varius integer ac leo pellentesque ultrices mattis odio donec vitae nisi nam ultrices libero non mattis pulvinar nulla pede ullamcorper augue a suscipit nulla elit ac nulla sed vel enim sit amet nunc viverra dapibus nulla suscipit ligula in lacus curabitur at ipsum ac tellus semper interdum mauris');
INSERT INTO Departments(DeptCode,CollegeID,DeptRank,DeptDescription) VALUES (95,111,79,'pellentesque eget nunc donec quis orci eget orci vehicula condimentum curabitur in libero ut massa volutpat convallis morbi odio odio elementum eu interdum eu tincidunt in leo maecenas pulvinar lobortis est phasellus sit amet erat nulla tempus vivamus in felis eu sapien cursus vestibulum proin eu mi nulla ac enim in tempor turpis nec euismod scelerisque quam turpis adipiscing lorem vitae mattis nibh ligula nec sem duis aliquam');
INSERT INTO Departments(DeptCode,CollegeID,DeptRank,DeptDescription) VALUES (96,132,79,'vestibulum vestibulum ante ipsum primis in faucibus orci luctus et ultrices posuere cubilia curae nulla dapibus dolor vel est donec odio justo sollicitudin ut suscipit a feugiat et eros vestibulum ac est lacinia nisi venenatis tristique fusce');
INSERT INTO Departments(DeptCode,CollegeID,DeptRank,DeptDescription) VALUES (97,43,84,'accumsan odio curabitur convallis duis consequat dui nec nisi volutpat eleifend donec ut dolor morbi vel lectus in quam fringilla rhoncus mauris enim leo rhoncus sed vestibulum sit amet cursus id turpis integer aliquet massa id lobortis convallis tortor risus dapibus augue vel accumsan tellus nisi eu orci mauris lacinia sapien quis libero nullam sit amet turpis elementum ligula vehicula consequat morbi a ipsum integer a nibh in quis justo maecenas rhoncus aliquam lacus morbi quis tortor id nulla ultrices aliquet maecenas leo odio condimentum id luctus nec molestie sed justo pellentesque viverra pede');
INSERT INTO Departments(DeptCode,CollegeID,DeptRank,DeptDescription) VALUES (98,31,90,'integer pede justo lacinia eget tincidunt eget tempus vel pede morbi porttitor lorem id ligula suspendisse ornare consequat lectus in est risus auctor sed tristique in tempus sit amet sem fusce consequat nulla nisl nunc nisl duis bibendum felis sed interdum venenatis turpis enim blandit mi in porttitor pede justo eu massa donec dapibus duis at velit eu est congue elementum in hac habitasse platea dictumst morbi vestibulum velit id pretium iaculis diam erat fermentum justo nec condimentum neque sapien placerat ante nulla justo aliquam quis turpis eget elit sodales scelerisque mauris');
INSERT INTO Departments(DeptCode,CollegeID,DeptRank,DeptDescription) VALUES (99,9,65,'magna ac consequat metus sapien ut nunc vestibulum ante ipsum primis in faucibus orci luctus et ultrices posuere cubilia curae mauris viverra diam vitae quam suspendisse potenti nullam porttitor lacus at turpis donec posuere metus vitae ipsum aliquam non mauris morbi non lectus aliquam sit amet diam in magna bibendum imperdiet nullam orci pede venenatis non sodales sed tincidunt eu felis fusce posuere felis sed lacus morbi sem mauris laoreet ut rhoncus aliquet pulvinar sed nisl nunc rhoncus dui vel sem sed sagittis nam congue risus semper porta');
INSERT INTO Departments(DeptCode,CollegeID,DeptRank,DeptDescription) VALUES (100,112,86,'quam fringilla rhoncus mauris enim leo rhoncus sed vestibulum sit amet cursus id turpis integer aliquet massa id lobortis convallis tortor risus dapibus augue vel accumsan tellus nisi eu orci mauris lacinia sapien quis libero nullam sit amet turpis elementum ligula vehicula consequat morbi a ipsum integer a nibh in');


DROP TABLE IF EXISTS Courses;
CREATE TABLE Courses(
   CourseID          INTEGER  NOT NULL
  ,DeptCode          INTEGER  NOT NULL
  ,Credits           INTEGER  NOT NULL
  ,CourseName        VARCHAR(29) NOT NULL
  ,CourseDescription VARCHAR(668) NOT NULL
  ,PRIMARY KEY(CourseID,DeptCode)
);
INSERT INTO Courses(CourseID,DeptCode,Credits,CourseName,CourseDescription) VALUES (1,11,5,'Columba livia','in lectus pellentesque at nulla suspendisse potenti cras in purus eu magna vulputate luctus cum sociis natoque penatibus et magnis dis parturient montes nascetur ridiculus mus vivamus vestibulum');
INSERT INTO Courses(CourseID,DeptCode,Credits,CourseName,CourseDescription) VALUES (2,26,8,'Sciurus niger','nulla mollis molestie lorem quisque ut erat curabitur gravida nisi at nibh in hac habitasse platea dictumst aliquam augue quam sollicitudin vitae consectetuer eget rutrum at lorem integer tincidunt ante vel ipsum praesent blandit lacinia erat vestibulum sed magna at nunc commodo placerat praesent blandit nam nulla integer pede justo lacinia eget tincidunt eget tempus vel pede morbi porttitor lorem id ligula suspendisse ornare consequat lectus in est risus');
INSERT INTO Courses(CourseID,DeptCode,Credits,CourseName,CourseDescription) VALUES (3,13,3,'Dicrurus adsimilis','volutpat quam pede lobortis ligula sit amet eleifend pede libero quis orci nullam molestie nibh in lectus pellentesque at nulla suspendisse potenti cras in purus eu magna vulputate luctus cum sociis natoque penatibus et magnis dis parturient montes nascetur ridiculus');
INSERT INTO Courses(CourseID,DeptCode,Credits,CourseName,CourseDescription) VALUES (4,39,10,'Ovibos moschatus','scelerisque mauris sit amet eros suspendisse accumsan tortor quis turpis sed ante vivamus tortor duis mattis egestas metus aenean fermentum donec ut mauris eget massa tempor convallis nulla neque libero convallis eget eleifend luctus ultricies eu nibh quisque id justo sit amet sapien dignissim vestibulum vestibulum ante ipsum primis in faucibus orci luctus et ultrices posuere cubilia curae nulla dapibus dolor vel est donec odio justo sollicitudin ut suscipit a feugiat et eros vestibulum ac est lacinia nisi venenatis tristique fusce congue diam id ornare imperdiet sapien urna pretium');
INSERT INTO Courses(CourseID,DeptCode,Credits,CourseName,CourseDescription) VALUES (5,78,1,'Tadorna tadorna','nec euismod scelerisque quam turpis adipiscing lorem vitae mattis nibh ligula nec sem duis aliquam convallis nunc proin at turpis a pede posuere nonummy integer non velit donec diam neque vestibulum eget vulputate ut ultrices vel augue vestibulum ante ipsum primis in');
INSERT INTO Courses(CourseID,DeptCode,Credits,CourseName,CourseDescription) VALUES (6,35,7,'Balearica pavonina','nunc purus phasellus in felis donec semper sapien a libero nam dui proin leo odio porttitor id consequat in consequat ut nulla sed accumsan felis ut at dolor quis odio consequat varius integer ac leo pellentesque ultrices mattis odio donec vitae nisi nam ultrices libero non mattis pulvinar nulla pede ullamcorper augue a suscipit nulla elit ac nulla sed vel enim sit amet nunc viverra dapibus nulla suscipit ligula in lacus curabitur at ipsum ac tellus semper interdum');
INSERT INTO Courses(CourseID,DeptCode,Credits,CourseName,CourseDescription) VALUES (7,31,7,'Eunectes sp.','sed lacus morbi sem mauris laoreet ut rhoncus aliquet pulvinar sed nisl nunc rhoncus dui vel sem sed sagittis nam congue risus semper porta volutpat quam pede lobortis ligula sit amet eleifend pede libero quis orci nullam molestie nibh in lectus pellentesque at nulla suspendisse potenti cras in purus eu magna vulputate luctus cum sociis natoque penatibus et magnis dis parturient montes nascetur ridiculus mus vivamus vestibulum sagittis sapien cum sociis natoque penatibus et magnis dis parturient montes nascetur ridiculus mus etiam vel augue');
INSERT INTO Courses(CourseID,DeptCode,Credits,CourseName,CourseDescription) VALUES (8,66,5,'Psittacula krameri','mi sit amet lobortis sapien sapien non mi integer ac neque duis bibendum morbi non quam nec dui luctus rutrum nulla tellus in sagittis dui vel nisl duis ac nibh');
INSERT INTO Courses(CourseID,DeptCode,Credits,CourseName,CourseDescription) VALUES (9,46,6,'Acrobates pygmaeus','maecenas rhoncus aliquam lacus morbi quis tortor id nulla ultrices aliquet maecenas leo odio condimentum id luctus nec molestie sed justo pellentesque viverra pede ac diam cras pellentesque volutpat dui maecenas tristique est et tempus semper est quam pharetra magna ac consequat metus sapien ut nunc vestibulum ante ipsum primis in faucibus orci luctus et ultrices posuere cubilia curae mauris');
INSERT INTO Courses(CourseID,DeptCode,Credits,CourseName,CourseDescription) VALUES (10,80,3,'Agama sp.','praesent blandit lacinia erat vestibulum sed magna at nunc commodo placerat praesent blandit nam nulla integer pede justo lacinia eget tincidunt eget tempus vel pede morbi porttitor');
INSERT INTO Courses(CourseID,DeptCode,Credits,CourseName,CourseDescription) VALUES (11,15,2,'Nesomimus trifasciatus','fermentum justo nec condimentum neque sapien placerat ante nulla justo aliquam quis turpis eget elit sodales scelerisque mauris sit amet eros suspendisse accumsan tortor quis turpis sed ante vivamus tortor duis mattis egestas metus aenean fermentum donec ut mauris eget massa tempor convallis nulla neque libero convallis eget eleifend luctus ultricies eu nibh quisque id justo sit amet sapien dignissim vestibulum vestibulum ante');
INSERT INTO Courses(CourseID,DeptCode,Credits,CourseName,CourseDescription) VALUES (12,29,1,'Ara ararauna','nisi eu orci mauris lacinia sapien quis libero nullam sit amet turpis elementum ligula vehicula consequat morbi a ipsum integer a nibh in quis justo maecenas rhoncus aliquam lacus morbi quis tortor id nulla ultrices aliquet maecenas leo odio condimentum id luctus nec molestie sed justo pellentesque viverra pede ac diam cras pellentesque volutpat dui maecenas tristique est et tempus semper est quam pharetra magna ac consequat metus sapien ut nunc vestibulum ante ipsum primis in faucibus orci luctus et');
INSERT INTO Courses(CourseID,DeptCode,Credits,CourseName,CourseDescription) VALUES (13,61,5,'Larus novaehollandiae','iaculis congue vivamus metus arcu adipiscing molestie hendrerit at vulputate vitae nisl aenean lectus pellentesque eget nunc donec quis orci eget orci vehicula condimentum curabitur in libero ut massa volutpat convallis morbi odio odio elementum eu interdum eu tincidunt in leo maecenas pulvinar lobortis est phasellus sit amet erat nulla tempus vivamus in felis eu sapien cursus vestibulum proin eu mi nulla ac enim in tempor turpis nec euismod scelerisque quam turpis adipiscing lorem vitae mattis nibh ligula nec sem duis aliquam convallis nunc proin at turpis a pede posuere nonummy integer non velit donec');
INSERT INTO Courses(CourseID,DeptCode,Credits,CourseName,CourseDescription) VALUES (14,82,3,'Colaptes campestroides','nulla ac enim in tempor turpis nec euismod scelerisque quam turpis adipiscing lorem vitae mattis nibh ligula nec sem duis aliquam convallis nunc proin at turpis a pede posuere nonummy integer non velit donec diam neque vestibulum eget vulputate ut ultrices vel augue vestibulum ante ipsum primis in faucibus orci luctus et ultrices posuere cubilia curae donec pharetra magna vestibulum aliquet');
INSERT INTO Courses(CourseID,DeptCode,Credits,CourseName,CourseDescription) VALUES (15,50,1,'Agelaius phoeniceus','eros elementum pellentesque quisque porta volutpat erat quisque erat eros viverra eget congue eget semper rutrum nulla nunc purus phasellus in felis donec semper sapien a libero nam dui proin leo odio');
INSERT INTO Courses(CourseID,DeptCode,Credits,CourseName,CourseDescription) VALUES (16,73,7,'Uraeginthus bengalus','volutpat quam pede lobortis ligula sit amet eleifend pede libero quis orci nullam molestie nibh in lectus pellentesque at nulla suspendisse potenti cras in purus eu magna vulputate luctus cum sociis natoque penatibus et magnis dis parturient montes nascetur ridiculus mus vivamus vestibulum sagittis sapien cum sociis natoque penatibus et magnis dis parturient montes nascetur ridiculus mus etiam vel augue vestibulum rutrum rutrum neque aenean auctor gravida sem praesent id massa id nisl venenatis lacinia aenean sit amet justo morbi ut odio cras mi pede malesuada in imperdiet et commodo vulputate justo in blandit ultrices enim');
INSERT INTO Courses(CourseID,DeptCode,Credits,CourseName,CourseDescription) VALUES (17,1,7,'Mabuya spilogaster','donec diam neque vestibulum eget vulputate ut ultrices vel augue vestibulum ante ipsum primis in faucibus orci luctus et ultrices posuere cubilia curae donec pharetra magna vestibulum aliquet ultrices erat tortor sollicitudin mi sit amet lobortis sapien sapien non mi integer ac neque duis bibendum morbi non quam nec dui luctus rutrum nulla tellus in sagittis dui vel nisl duis ac nibh fusce lacus purus aliquet at feugiat non pretium quis lectus suspendisse potenti in eleifend quam a odio in hac habitasse platea dictumst maecenas ut massa quis augue luctus tincidunt nulla mollis molestie');
INSERT INTO Courses(CourseID,DeptCode,Credits,CourseName,CourseDescription) VALUES (18,46,4,'Corvus brachyrhynchos','in faucibus orci luctus et ultrices posuere cubilia curae duis faucibus accumsan odio curabitur convallis duis consequat dui nec nisi volutpat eleifend donec ut dolor morbi vel lectus');
INSERT INTO Courses(CourseID,DeptCode,Credits,CourseName,CourseDescription) VALUES (19,5,7,'Cracticus nigroagularis','justo lacinia eget tincidunt eget tempus vel pede morbi porttitor lorem id ligula suspendisse ornare consequat lectus in est risus auctor sed tristique in tempus sit');
INSERT INTO Courses(CourseID,DeptCode,Credits,CourseName,CourseDescription) VALUES (20,67,7,'Spermophilus parryii','a suscipit nulla elit ac nulla sed vel enim sit amet nunc viverra dapibus nulla suscipit ligula in lacus curabitur at ipsum ac tellus semper interdum mauris ullamcorper purus sit amet nulla quisque arcu libero rutrum ac');
INSERT INTO Courses(CourseID,DeptCode,Credits,CourseName,CourseDescription) VALUES (21,77,7,'Nycticorax nycticorax','sit amet consectetuer adipiscing elit proin interdum mauris non ligula pellentesque ultrices phasellus id sapien in sapien iaculis congue vivamus metus arcu adipiscing molestie hendrerit at vulputate vitae nisl aenean lectus pellentesque eget nunc donec quis orci eget orci vehicula condimentum curabitur in libero ut massa volutpat convallis morbi odio odio elementum eu interdum eu tincidunt in leo maecenas pulvinar lobortis est phasellus sit amet erat nulla tempus vivamus in felis eu sapien cursus vestibulum proin eu mi nulla ac enim in tempor turpis nec euismod scelerisque quam');
INSERT INTO Courses(CourseID,DeptCode,Credits,CourseName,CourseDescription) VALUES (22,7,1,'Pteropus rufus','platea dictumst aliquam augue quam sollicitudin vitae consectetuer eget rutrum at lorem integer tincidunt ante vel ipsum praesent blandit lacinia erat vestibulum sed magna at nunc commodo placerat praesent blandit nam nulla integer pede justo lacinia eget tincidunt eget tempus vel pede morbi porttitor lorem id ligula suspendisse ornare consequat lectus in est risus auctor sed');
INSERT INTO Courses(CourseID,DeptCode,Credits,CourseName,CourseDescription) VALUES (23,98,10,'Diceros bicornis','justo maecenas rhoncus aliquam lacus morbi quis tortor id nulla ultrices aliquet maecenas leo odio condimentum id luctus nec molestie sed justo pellentesque viverra pede ac diam cras pellentesque volutpat dui maecenas tristique est et tempus semper est quam pharetra magna ac consequat metus sapien ut nunc');
INSERT INTO Courses(CourseID,DeptCode,Credits,CourseName,CourseDescription) VALUES (24,86,5,'Spermophilus lateralis','in libero ut massa volutpat convallis morbi odio odio elementum eu interdum eu tincidunt in leo maecenas pulvinar lobortis est phasellus sit amet erat nulla tempus vivamus in felis eu sapien cursus vestibulum proin eu mi nulla ac enim in tempor turpis nec euismod scelerisque quam turpis adipiscing lorem vitae mattis nibh');
INSERT INTO Courses(CourseID,DeptCode,Credits,CourseName,CourseDescription) VALUES (25,99,10,'Actophilornis africanus','amet sem fusce consequat nulla nisl nunc nisl duis bibendum felis sed interdum venenatis turpis enim blandit mi in porttitor pede justo eu massa donec dapibus duis at velit eu est congue elementum in hac habitasse platea dictumst morbi vestibulum velit id pretium iaculis diam erat fermentum justo nec condimentum neque sapien placerat ante nulla justo aliquam quis turpis eget elit sodales scelerisque mauris sit amet eros suspendisse accumsan tortor quis turpis sed ante vivamus tortor duis mattis egestas metus aenean fermentum donec ut mauris eget massa tempor convallis nulla neque libero');
INSERT INTO Courses(CourseID,DeptCode,Credits,CourseName,CourseDescription) VALUES (26,29,2,'Centrocercus urophasianus','tristique in tempus sit amet sem fusce consequat nulla nisl nunc nisl duis bibendum felis sed interdum venenatis turpis enim blandit mi in porttitor pede justo eu massa donec dapibus duis at velit eu est congue elementum in hac habitasse platea dictumst morbi vestibulum velit id pretium iaculis');
INSERT INTO Courses(CourseID,DeptCode,Credits,CourseName,CourseDescription) VALUES (27,18,3,'Agkistrodon piscivorus','aenean lectus pellentesque eget nunc donec quis orci eget orci vehicula condimentum curabitur in libero ut massa volutpat convallis morbi odio odio elementum eu interdum eu tincidunt in leo maecenas pulvinar lobortis est phasellus sit amet erat nulla tempus vivamus');
INSERT INTO Courses(CourseID,DeptCode,Credits,CourseName,CourseDescription) VALUES (28,44,10,'Ictalurus furcatus','dui vel sem sed sagittis nam congue risus semper porta volutpat quam pede lobortis ligula sit amet eleifend pede libero quis orci nullam molestie nibh in lectus pellentesque at nulla suspendisse potenti cras in purus eu magna vulputate luctus cum sociis natoque penatibus et magnis dis parturient montes');
INSERT INTO Courses(CourseID,DeptCode,Credits,CourseName,CourseDescription) VALUES (29,81,1,'Gazella thompsonii','vel lectus in quam fringilla rhoncus mauris enim leo rhoncus sed vestibulum sit amet cursus id turpis integer aliquet massa id lobortis convallis tortor risus dapibus augue vel accumsan tellus nisi eu orci mauris lacinia sapien quis libero nullam sit amet turpis elementum ligula vehicula consequat morbi a ipsum integer a nibh in quis justo maecenas rhoncus aliquam lacus morbi quis tortor id nulla ultrices aliquet maecenas leo odio condimentum id luctus nec molestie sed justo pellentesque viverra pede ac diam cras pellentesque volutpat dui maecenas tristique est et tempus semper est quam pharetra magna ac consequat metus sapien ut');
INSERT INTO Courses(CourseID,DeptCode,Credits,CourseName,CourseDescription) VALUES (30,35,3,'Marmota flaviventris','duis at velit eu est congue elementum in hac habitasse platea dictumst morbi vestibulum velit id pretium iaculis diam erat fermentum justo nec condimentum neque sapien placerat ante nulla justo aliquam quis turpis eget elit sodales scelerisque mauris sit amet eros suspendisse accumsan tortor quis turpis sed ante vivamus tortor duis mattis egestas metus aenean fermentum donec ut mauris');
INSERT INTO Courses(CourseID,DeptCode,Credits,CourseName,CourseDescription) VALUES (31,22,3,'Gekko gecko','amet cursus id turpis integer aliquet massa id lobortis convallis tortor risus dapibus augue vel accumsan tellus nisi eu orci mauris lacinia sapien quis libero nullam sit amet turpis elementum ligula vehicula consequat morbi a ipsum integer a nibh in quis justo maecenas rhoncus aliquam lacus morbi quis tortor id nulla ultrices aliquet maecenas leo odio');
INSERT INTO Courses(CourseID,DeptCode,Credits,CourseName,CourseDescription) VALUES (32,12,2,'Anas platyrhynchos','sed nisl nunc rhoncus dui vel sem sed sagittis nam congue risus semper porta volutpat quam pede lobortis ligula sit amet eleifend pede libero quis orci nullam molestie nibh in lectus pellentesque at nulla suspendisse potenti cras in purus eu magna vulputate luctus cum');
INSERT INTO Courses(CourseID,DeptCode,Credits,CourseName,CourseDescription) VALUES (33,34,8,'Spheniscus mendiculus','magna bibendum imperdiet nullam orci pede venenatis non sodales sed tincidunt eu felis fusce posuere felis sed lacus morbi sem mauris laoreet ut rhoncus aliquet pulvinar sed nisl nunc rhoncus dui vel sem sed sagittis nam congue risus semper porta volutpat quam pede lobortis ligula sit amet eleifend pede libero quis orci nullam molestie nibh in lectus pellentesque at nulla suspendisse potenti cras in purus eu magna vulputate luctus cum sociis natoque penatibus et magnis dis parturient montes nascetur ridiculus mus vivamus vestibulum sagittis sapien cum sociis natoque penatibus et magnis');
INSERT INTO Courses(CourseID,DeptCode,Credits,CourseName,CourseDescription) VALUES (34,70,9,'Chionis alba','cursus urna ut tellus nulla ut erat id mauris vulputate elementum nullam varius nulla facilisi cras non velit nec nisi vulputate nonummy maecenas tincidunt lacus at velit vivamus vel nulla eget eros elementum pellentesque quisque porta volutpat erat quisque erat eros viverra eget congue eget semper rutrum nulla nunc purus phasellus in felis donec semper sapien a');
INSERT INTO Courses(CourseID,DeptCode,Credits,CourseName,CourseDescription) VALUES (35,45,4,'Grus canadensis','natoque penatibus et magnis dis parturient montes nascetur ridiculus mus vivamus vestibulum sagittis sapien cum sociis natoque penatibus et magnis dis parturient montes nascetur ridiculus mus etiam vel augue vestibulum rutrum rutrum neque aenean auctor gravida sem praesent id massa id nisl venenatis lacinia aenean sit amet justo morbi ut odio cras mi pede malesuada in imperdiet et commodo vulputate justo in blandit ultrices enim lorem ipsum dolor sit amet consectetuer adipiscing elit proin interdum mauris non ligula pellentesque ultrices phasellus id sapien in sapien iaculis congue vivamus metus arcu adipiscing molestie hendrerit at vulputate vitae nisl aenean');
INSERT INTO Courses(CourseID,DeptCode,Credits,CourseName,CourseDescription) VALUES (36,23,2,'Columba palumbus','consequat morbi a ipsum integer a nibh in quis justo maecenas rhoncus aliquam lacus morbi quis tortor id nulla ultrices aliquet maecenas leo odio condimentum id luctus nec molestie sed justo pellentesque viverra pede ac diam cras pellentesque volutpat dui maecenas tristique est et tempus semper est quam pharetra magna ac consequat metus sapien ut nunc vestibulum ante ipsum primis in faucibus orci luctus et ultrices posuere cubilia curae mauris viverra diam vitae quam suspendisse potenti nullam porttitor lacus at turpis donec posuere metus vitae ipsum aliquam');
INSERT INTO Courses(CourseID,DeptCode,Credits,CourseName,CourseDescription) VALUES (37,59,3,'Diceros bicornis','dui maecenas tristique est et tempus semper est quam pharetra magna ac consequat metus sapien ut nunc vestibulum ante ipsum primis in faucibus orci luctus et ultrices posuere cubilia curae mauris viverra diam vitae quam');
INSERT INTO Courses(CourseID,DeptCode,Credits,CourseName,CourseDescription) VALUES (38,77,7,'Chauna torquata','in felis eu sapien cursus vestibulum proin eu mi nulla ac enim in tempor turpis nec euismod scelerisque quam turpis adipiscing lorem vitae mattis nibh ligula nec sem duis aliquam convallis nunc proin at turpis a pede posuere nonummy integer non velit donec diam neque vestibulum eget vulputate ut ultrices vel augue');
INSERT INTO Courses(CourseID,DeptCode,Credits,CourseName,CourseDescription) VALUES (39,29,7,'Trachyphonus vaillantii','integer pede justo lacinia eget tincidunt eget tempus vel pede morbi porttitor lorem id ligula suspendisse ornare consequat lectus in est risus auctor sed tristique in tempus sit amet sem fusce consequat nulla nisl');
INSERT INTO Courses(CourseID,DeptCode,Credits,CourseName,CourseDescription) VALUES (40,97,6,'Dipodomys deserti','in eleifend quam a odio in hac habitasse platea dictumst maecenas ut massa quis augue luctus tincidunt nulla mollis molestie lorem quisque ut erat curabitur gravida nisi at nibh in hac habitasse platea dictumst aliquam augue quam sollicitudin vitae consectetuer');
INSERT INTO Courses(CourseID,DeptCode,Credits,CourseName,CourseDescription) VALUES (41,61,3,'Paroaria gularis','nisi vulputate nonummy maecenas tincidunt lacus at velit vivamus vel nulla eget eros elementum pellentesque quisque porta volutpat erat quisque erat eros viverra eget congue eget semper rutrum nulla nunc purus phasellus in felis donec semper sapien a libero nam dui proin leo odio porttitor id consequat in consequat ut nulla sed accumsan felis ut at dolor quis odio consequat varius integer ac leo pellentesque ultrices mattis odio');
INSERT INTO Courses(CourseID,DeptCode,Credits,CourseName,CourseDescription) VALUES (42,89,9,'Dasyprocta leporina','aenean lectus pellentesque eget nunc donec quis orci eget orci vehicula condimentum curabitur in libero ut massa volutpat convallis morbi odio odio elementum eu interdum eu tincidunt in leo maecenas pulvinar lobortis est phasellus sit amet erat nulla tempus vivamus in felis eu sapien cursus vestibulum proin eu mi nulla ac enim');
INSERT INTO Courses(CourseID,DeptCode,Credits,CourseName,CourseDescription) VALUES (43,55,6,'Ornithorhynchus anatinus','nibh in hac habitasse platea dictumst aliquam augue quam sollicitudin vitae consectetuer eget rutrum at lorem integer tincidunt ante vel ipsum praesent blandit lacinia erat vestibulum sed magna at nunc commodo placerat praesent blandit nam nulla integer pede justo lacinia eget tincidunt eget tempus vel pede morbi porttitor lorem id ligula suspendisse ornare consequat lectus in est risus auctor sed tristique in tempus sit amet sem fusce consequat nulla nisl nunc nisl duis bibendum felis sed interdum');
INSERT INTO Courses(CourseID,DeptCode,Credits,CourseName,CourseDescription) VALUES (44,39,7,'Delphinus delphis','urna ut tellus nulla ut erat id mauris vulputate elementum nullam varius nulla facilisi cras non velit nec nisi vulputate nonummy maecenas tincidunt lacus at velit vivamus vel nulla eget eros elementum pellentesque quisque porta volutpat erat quisque erat eros viverra eget congue eget semper rutrum nulla nunc purus phasellus in felis donec semper sapien a libero nam dui proin leo odio porttitor id consequat in consequat ut nulla sed accumsan felis ut at dolor quis odio consequat varius integer ac leo pellentesque ultrices mattis');
INSERT INTO Courses(CourseID,DeptCode,Credits,CourseName,CourseDescription) VALUES (45,47,6,'Tringa glareola','dis parturient montes nascetur ridiculus mus etiam vel augue vestibulum rutrum rutrum neque aenean auctor gravida sem praesent id massa id nisl venenatis lacinia aenean sit amet justo morbi ut odio cras mi pede malesuada in imperdiet et');
INSERT INTO Courses(CourseID,DeptCode,Credits,CourseName,CourseDescription) VALUES (46,36,2,'Choloepus hoffmani','est lacinia nisi venenatis tristique fusce congue diam id ornare imperdiet sapien urna pretium nisl ut volutpat sapien arcu sed augue aliquam erat volutpat in congue etiam justo etiam pretium iaculis justo in hac habitasse platea dictumst etiam faucibus cursus urna');
INSERT INTO Courses(CourseID,DeptCode,Credits,CourseName,CourseDescription) VALUES (47,48,6,'Corythornis cristata','eget nunc donec quis orci eget orci vehicula condimentum curabitur in libero ut massa volutpat convallis morbi odio odio elementum eu interdum eu tincidunt in leo maecenas pulvinar lobortis est phasellus sit amet erat nulla tempus vivamus in felis eu sapien cursus vestibulum proin eu mi nulla ac enim in tempor turpis nec euismod scelerisque quam turpis adipiscing lorem vitae mattis nibh ligula nec sem duis aliquam convallis nunc proin at turpis a');
INSERT INTO Courses(CourseID,DeptCode,Credits,CourseName,CourseDescription) VALUES (48,38,8,'Pteropus rufus','odio curabitur convallis duis consequat dui nec nisi volutpat eleifend donec ut dolor morbi vel lectus in quam fringilla rhoncus mauris enim leo rhoncus sed vestibulum sit amet cursus id turpis integer aliquet massa id lobortis convallis tortor risus dapibus augue vel accumsan tellus nisi eu orci mauris lacinia sapien quis libero nullam sit amet turpis elementum ligula vehicula consequat morbi a ipsum integer a nibh in quis justo maecenas rhoncus aliquam lacus morbi quis tortor id nulla ultrices aliquet maecenas leo odio condimentum id luctus nec molestie sed justo pellentesque viverra pede');
INSERT INTO Courses(CourseID,DeptCode,Credits,CourseName,CourseDescription) VALUES (49,12,4,'Phaethon aethereus','molestie lorem quisque ut erat curabitur gravida nisi at nibh in hac habitasse platea dictumst aliquam augue quam sollicitudin vitae consectetuer eget rutrum at lorem integer tincidunt ante vel ipsum praesent blandit lacinia erat vestibulum sed magna');
INSERT INTO Courses(CourseID,DeptCode,Credits,CourseName,CourseDescription) VALUES (50,64,9,'Varanus sp.','id nisl venenatis lacinia aenean sit amet justo morbi ut odio cras mi pede malesuada in imperdiet et commodo vulputate justo in blandit ultrices enim lorem ipsum dolor sit amet consectetuer adipiscing elit proin interdum mauris non ligula pellentesque ultrices phasellus id sapien in sapien iaculis congue vivamus');
INSERT INTO Courses(CourseID,DeptCode,Credits,CourseName,CourseDescription) VALUES (51,62,8,'Stercorarius longicausus','congue vivamus metus arcu adipiscing molestie hendrerit at vulputate vitae nisl aenean lectus pellentesque eget nunc donec quis orci eget orci vehicula condimentum curabitur in libero ut massa volutpat convallis morbi odio odio elementum eu interdum eu tincidunt in leo maecenas pulvinar lobortis est phasellus sit amet erat nulla tempus vivamus in felis eu sapien cursus vestibulum proin eu mi nulla ac enim in tempor turpis nec euismod scelerisque');
INSERT INTO Courses(CourseID,DeptCode,Credits,CourseName,CourseDescription) VALUES (52,59,8,'Alopex lagopus','cubilia curae donec pharetra magna vestibulum aliquet ultrices erat tortor sollicitudin mi sit amet lobortis sapien sapien non mi integer ac neque duis bibendum morbi non quam nec dui luctus rutrum nulla tellus in sagittis dui vel nisl duis ac nibh fusce lacus purus aliquet at');
INSERT INTO Courses(CourseID,DeptCode,Credits,CourseName,CourseDescription) VALUES (53,1,7,'Scolopax minor','vestibulum aliquet ultrices erat tortor sollicitudin mi sit amet lobortis sapien sapien non mi integer ac neque duis bibendum morbi non quam nec dui luctus rutrum nulla tellus in sagittis dui vel nisl duis ac nibh fusce lacus purus aliquet at feugiat non pretium quis lectus suspendisse potenti in eleifend quam a odio in hac habitasse platea dictumst maecenas ut massa quis augue luctus tincidunt nulla mollis molestie lorem quisque ut erat curabitur gravida nisi at nibh in hac habitasse platea');
INSERT INTO Courses(CourseID,DeptCode,Credits,CourseName,CourseDescription) VALUES (54,85,1,'Ephipplorhynchus senegalensis','purus aliquet at feugiat non pretium quis lectus suspendisse potenti in eleifend quam a odio in hac habitasse platea dictumst maecenas ut massa quis augue luctus tincidunt nulla mollis molestie lorem quisque ut erat curabitur gravida nisi at nibh in hac habitasse platea dictumst aliquam augue quam sollicitudin vitae consectetuer eget rutrum at lorem integer tincidunt ante vel ipsum praesent blandit lacinia erat vestibulum sed magna');
INSERT INTO Courses(CourseID,DeptCode,Credits,CourseName,CourseDescription) VALUES (55,84,8,'Nucifraga columbiana','pellentesque at nulla suspendisse potenti cras in purus eu magna vulputate luctus cum sociis natoque penatibus et magnis dis parturient montes nascetur ridiculus mus vivamus vestibulum sagittis sapien cum sociis natoque penatibus et magnis dis parturient montes nascetur ridiculus mus etiam vel augue vestibulum rutrum rutrum neque aenean auctor gravida sem praesent id massa id nisl venenatis lacinia aenean sit amet justo morbi ut odio cras mi pede malesuada in imperdiet et commodo vulputate justo in blandit ultrices enim lorem');
INSERT INTO Courses(CourseID,DeptCode,Credits,CourseName,CourseDescription) VALUES (56,48,10,'Eudyptula minor','morbi non lectus aliquam sit amet diam in magna bibendum imperdiet nullam orci pede venenatis non sodales sed tincidunt eu felis fusce posuere felis sed lacus morbi sem mauris laoreet ut rhoncus aliquet pulvinar sed nisl nunc rhoncus dui vel sem sed sagittis nam congue risus semper porta volutpat quam pede lobortis ligula sit amet eleifend pede');
INSERT INTO Courses(CourseID,DeptCode,Credits,CourseName,CourseDescription) VALUES (57,5,10,'Lamprotornis nitens','commodo vulputate justo in blandit ultrices enim lorem ipsum dolor sit amet consectetuer adipiscing elit proin interdum mauris non ligula pellentesque ultrices phasellus id sapien in sapien iaculis congue vivamus metus arcu adipiscing molestie hendrerit at vulputate vitae');
INSERT INTO Courses(CourseID,DeptCode,Credits,CourseName,CourseDescription) VALUES (58,97,4,'Felis silvestris lybica','parturient montes nascetur ridiculus mus etiam vel augue vestibulum rutrum rutrum neque aenean auctor gravida sem praesent id massa id nisl venenatis lacinia aenean sit amet justo morbi ut odio cras mi pede malesuada in imperdiet et commodo vulputate justo in blandit ultrices enim lorem ipsum');
INSERT INTO Courses(CourseID,DeptCode,Credits,CourseName,CourseDescription) VALUES (59,87,9,'Oreamnos americanus','risus dapibus augue vel accumsan tellus nisi eu orci mauris lacinia sapien quis libero nullam sit amet turpis elementum ligula vehicula consequat morbi a ipsum integer a nibh in quis justo maecenas rhoncus aliquam lacus morbi quis tortor id nulla ultrices aliquet maecenas leo odio condimentum id luctus nec molestie sed justo pellentesque viverra pede ac diam cras pellentesque volutpat dui maecenas tristique est et tempus semper est quam pharetra magna ac consequat metus sapien ut nunc vestibulum ante ipsum primis in faucibus orci luctus et');
INSERT INTO Courses(CourseID,DeptCode,Credits,CourseName,CourseDescription) VALUES (60,35,1,'Dendrohyrax brucel','eget tempus vel pede morbi porttitor lorem id ligula suspendisse ornare consequat lectus in est risus auctor sed tristique in tempus sit amet sem fusce consequat nulla nisl nunc nisl duis bibendum felis sed interdum venenatis turpis enim blandit mi in porttitor pede justo eu massa donec dapibus duis at velit eu est congue elementum in hac habitasse platea dictumst morbi vestibulum velit');
INSERT INTO Courses(CourseID,DeptCode,Credits,CourseName,CourseDescription) VALUES (61,24,9,'Tursiops truncatus','lacus morbi sem mauris laoreet ut rhoncus aliquet pulvinar sed nisl nunc rhoncus dui vel sem sed sagittis nam congue risus semper porta volutpat quam pede lobortis ligula sit amet eleifend pede libero quis orci nullam molestie nibh in lectus pellentesque at nulla suspendisse potenti cras in purus eu magna vulputate luctus cum sociis natoque penatibus et magnis dis parturient montes nascetur ridiculus mus vivamus vestibulum sagittis sapien cum sociis');
INSERT INTO Courses(CourseID,DeptCode,Credits,CourseName,CourseDescription) VALUES (62,51,4,'Fratercula corniculata','ut mauris eget massa tempor convallis nulla neque libero convallis eget eleifend luctus ultricies eu nibh quisque id justo sit amet sapien dignissim vestibulum vestibulum ante ipsum primis in faucibus orci luctus et ultrices posuere cubilia curae nulla dapibus dolor');
INSERT INTO Courses(CourseID,DeptCode,Credits,CourseName,CourseDescription) VALUES (63,26,1,'Boa constrictor mexicana','scelerisque mauris sit amet eros suspendisse accumsan tortor quis turpis sed ante vivamus tortor duis mattis egestas metus aenean fermentum donec ut mauris eget massa tempor convallis nulla neque libero convallis eget eleifend luctus ultricies eu nibh quisque id justo sit amet sapien dignissim vestibulum vestibulum ante ipsum primis in faucibus orci');
INSERT INTO Courses(CourseID,DeptCode,Credits,CourseName,CourseDescription) VALUES (64,40,9,'Francolinus leucoscepus','quis orci nullam molestie nibh in lectus pellentesque at nulla suspendisse potenti cras in purus eu magna vulputate luctus cum sociis natoque penatibus et magnis dis parturient montes nascetur ridiculus mus vivamus vestibulum sagittis sapien cum sociis natoque');
INSERT INTO Courses(CourseID,DeptCode,Credits,CourseName,CourseDescription) VALUES (65,96,1,'Anitibyx armatus','sit amet turpis elementum ligula vehicula consequat morbi a ipsum integer a nibh in quis justo maecenas rhoncus aliquam lacus morbi quis tortor id nulla ultrices aliquet maecenas leo odio condimentum id luctus nec molestie sed justo pellentesque viverra pede ac diam cras pellentesque volutpat');
INSERT INTO Courses(CourseID,DeptCode,Credits,CourseName,CourseDescription) VALUES (66,7,6,'Macropus eugenii','amet eros suspendisse accumsan tortor quis turpis sed ante vivamus tortor duis mattis egestas metus aenean fermentum donec ut mauris eget massa tempor convallis nulla neque libero convallis eget eleifend luctus ultricies eu nibh');
INSERT INTO Courses(CourseID,DeptCode,Credits,CourseName,CourseDescription) VALUES (67,92,10,'Carphophis sp.','est quam pharetra magna ac consequat metus sapien ut nunc vestibulum ante ipsum primis in faucibus orci luctus et ultrices posuere cubilia curae mauris viverra diam');
INSERT INTO Courses(CourseID,DeptCode,Credits,CourseName,CourseDescription) VALUES (68,73,8,'Plegadis falcinellus','cum sociis natoque penatibus et magnis dis parturient montes nascetur ridiculus mus etiam vel augue vestibulum rutrum rutrum neque aenean auctor gravida sem praesent id massa id nisl venenatis lacinia aenean sit amet justo morbi ut odio cras mi pede malesuada in imperdiet et commodo vulputate justo in blandit ultrices enim lorem ipsum dolor sit amet consectetuer adipiscing elit proin interdum mauris non ligula pellentesque ultrices phasellus id sapien in sapien iaculis congue vivamus metus arcu adipiscing molestie hendrerit at vulputate vitae nisl aenean lectus pellentesque eget nunc donec');
INSERT INTO Courses(CourseID,DeptCode,Credits,CourseName,CourseDescription) VALUES (69,52,8,'Pseudocheirus peregrinus','proin at turpis a pede posuere nonummy integer non velit donec diam neque vestibulum eget vulputate ut ultrices vel augue vestibulum ante ipsum primis in faucibus orci luctus et ultrices posuere cubilia curae donec pharetra magna vestibulum aliquet ultrices erat tortor sollicitudin mi sit amet lobortis sapien sapien non mi integer ac');
INSERT INTO Courses(CourseID,DeptCode,Credits,CourseName,CourseDescription) VALUES (70,80,9,'Zosterops pallidus','pretium iaculis diam erat fermentum justo nec condimentum neque sapien placerat ante nulla justo aliquam quis turpis eget elit sodales scelerisque mauris sit amet eros suspendisse accumsan tortor quis turpis sed ante vivamus tortor duis mattis egestas metus aenean fermentum donec ut mauris eget massa tempor convallis nulla neque libero convallis eget eleifend luctus ultricies eu nibh quisque id justo sit amet sapien dignissim vestibulum vestibulum ante ipsum primis in faucibus orci luctus et ultrices posuere cubilia curae nulla dapibus dolor vel est donec odio justo sollicitudin ut suscipit a feugiat et eros vestibulum ac est lacinia');
INSERT INTO Courses(CourseID,DeptCode,Credits,CourseName,CourseDescription) VALUES (71,43,10,'Cracticus nigroagularis','eros vestibulum ac est lacinia nisi venenatis tristique fusce congue diam id ornare imperdiet sapien urna pretium nisl ut volutpat sapien arcu sed augue aliquam erat volutpat in congue etiam justo etiam pretium iaculis justo in hac habitasse platea dictumst etiam faucibus cursus urna ut tellus nulla ut erat id mauris vulputate elementum nullam varius nulla facilisi cras non velit nec nisi vulputate nonummy maecenas tincidunt lacus at velit vivamus vel nulla eget eros elementum pellentesque quisque');
INSERT INTO Courses(CourseID,DeptCode,Credits,CourseName,CourseDescription) VALUES (72,79,9,'Ceratotherium simum','hac habitasse platea dictumst aliquam augue quam sollicitudin vitae consectetuer eget rutrum at lorem integer tincidunt ante vel ipsum praesent blandit lacinia erat vestibulum sed magna at nunc commodo placerat praesent blandit nam nulla integer pede justo lacinia eget tincidunt eget tempus vel pede morbi porttitor lorem id ligula suspendisse ornare consequat lectus in est risus auctor sed tristique in tempus sit amet sem fusce consequat nulla nisl nunc nisl duis bibendum felis sed');
INSERT INTO Courses(CourseID,DeptCode,Credits,CourseName,CourseDescription) VALUES (73,66,7,'Alligator mississippiensis','mattis egestas metus aenean fermentum donec ut mauris eget massa tempor convallis nulla neque libero convallis eget eleifend luctus ultricies eu nibh quisque id justo sit amet sapien dignissim vestibulum vestibulum ante ipsum primis');
INSERT INTO Courses(CourseID,DeptCode,Credits,CourseName,CourseDescription) VALUES (74,76,2,'Canis mesomelas','tellus nulla ut erat id mauris vulputate elementum nullam varius nulla facilisi cras non velit nec nisi vulputate nonummy maecenas tincidunt lacus at velit vivamus vel nulla eget eros elementum pellentesque quisque porta volutpat erat quisque erat eros viverra eget congue eget semper rutrum nulla nunc purus phasellus in felis donec semper sapien a libero nam dui proin leo odio porttitor id consequat in consequat ut');
INSERT INTO Courses(CourseID,DeptCode,Credits,CourseName,CourseDescription) VALUES (75,25,4,'Macropus rufogriseus','donec pharetra magna vestibulum aliquet ultrices erat tortor sollicitudin mi sit amet lobortis sapien sapien non mi integer ac neque duis bibendum morbi non quam nec dui luctus rutrum nulla tellus in sagittis dui vel nisl duis ac nibh fusce lacus purus aliquet at feugiat non pretium quis lectus suspendisse potenti in eleifend quam a odio in hac habitasse platea dictumst maecenas ut massa quis augue luctus tincidunt nulla mollis molestie lorem quisque ut erat curabitur gravida nisi at nibh in hac');
INSERT INTO Courses(CourseID,DeptCode,Credits,CourseName,CourseDescription) VALUES (76,11,5,'Ara chloroptera','nulla tempus vivamus in felis eu sapien cursus vestibulum proin eu mi nulla ac enim in tempor turpis nec euismod scelerisque quam turpis adipiscing lorem vitae mattis nibh ligula nec sem duis aliquam convallis');
INSERT INTO Courses(CourseID,DeptCode,Credits,CourseName,CourseDescription) VALUES (77,67,5,'Neotoma sp.','et ultrices posuere cubilia curae mauris viverra diam vitae quam suspendisse potenti nullam porttitor lacus at turpis donec posuere metus vitae ipsum aliquam non mauris morbi non lectus aliquam sit amet diam in magna bibendum imperdiet nullam orci pede venenatis non sodales sed tincidunt eu felis fusce posuere felis sed lacus morbi sem mauris laoreet ut rhoncus aliquet pulvinar sed nisl nunc rhoncus dui vel sem sed sagittis nam congue risus semper porta volutpat quam pede lobortis ligula sit amet eleifend pede libero quis orci nullam molestie nibh in lectus pellentesque at nulla suspendisse potenti cras');
INSERT INTO Courses(CourseID,DeptCode,Credits,CourseName,CourseDescription) VALUES (78,36,9,'Crotalus triseriatus','orci vehicula condimentum curabitur in libero ut massa volutpat convallis morbi odio odio elementum eu interdum eu tincidunt in leo maecenas pulvinar lobortis est phasellus sit amet erat nulla tempus vivamus in felis');
INSERT INTO Courses(CourseID,DeptCode,Credits,CourseName,CourseDescription) VALUES (79,4,3,'Mazama americana','magnis dis parturient montes nascetur ridiculus mus vivamus vestibulum sagittis sapien cum sociis natoque penatibus et magnis dis parturient montes nascetur ridiculus mus etiam vel augue vestibulum rutrum rutrum neque aenean auctor gravida sem praesent id massa id nisl venenatis lacinia aenean sit amet justo morbi ut odio cras mi pede malesuada in imperdiet et commodo vulputate justo in blandit ultrices enim lorem ipsum dolor sit amet consectetuer adipiscing elit proin interdum mauris non ligula pellentesque ultrices phasellus id sapien in sapien');
INSERT INTO Courses(CourseID,DeptCode,Credits,CourseName,CourseDescription) VALUES (80,83,2,'Alopex lagopus','sagittis nam congue risus semper porta volutpat quam pede lobortis ligula sit amet eleifend pede libero quis orci nullam molestie nibh in lectus pellentesque at nulla suspendisse potenti cras in purus eu magna vulputate luctus cum sociis natoque penatibus et magnis dis parturient montes nascetur ridiculus mus vivamus vestibulum sagittis sapien cum sociis natoque penatibus et magnis dis parturient montes nascetur ridiculus mus etiam vel augue vestibulum rutrum rutrum neque aenean auctor gravida sem praesent id massa id nisl venenatis lacinia aenean sit amet justo morbi ut odio');
INSERT INTO Courses(CourseID,DeptCode,Credits,CourseName,CourseDescription) VALUES (81,49,10,'Acrobates pygmaeus','in congue etiam justo etiam pretium iaculis justo in hac habitasse platea dictumst etiam faucibus cursus urna ut tellus nulla ut erat id mauris vulputate elementum nullam varius nulla facilisi cras non velit nec nisi vulputate nonummy maecenas tincidunt lacus at velit vivamus vel nulla eget eros elementum pellentesque quisque porta volutpat erat quisque erat eros viverra eget congue eget semper rutrum nulla nunc purus phasellus in felis donec semper sapien a libero nam dui proin leo');
INSERT INTO Courses(CourseID,DeptCode,Credits,CourseName,CourseDescription) VALUES (82,58,4,'Semnopithecus entellus','posuere cubilia curae donec pharetra magna vestibulum aliquet ultrices erat tortor sollicitudin mi sit amet lobortis sapien sapien non mi integer ac neque duis bibendum morbi non quam nec dui luctus rutrum nulla tellus in sagittis dui vel nisl duis ac nibh fusce lacus purus aliquet at feugiat non pretium quis lectus suspendisse potenti in eleifend quam a');
INSERT INTO Courses(CourseID,DeptCode,Credits,CourseName,CourseDescription) VALUES (83,61,2,'Oncorhynchus nerka','lectus in est risus auctor sed tristique in tempus sit amet sem fusce consequat nulla nisl nunc nisl duis bibendum felis sed interdum venenatis turpis enim blandit mi in porttitor pede justo eu massa donec dapibus duis at velit eu est congue elementum in hac habitasse platea dictumst morbi vestibulum velit id pretium iaculis diam erat fermentum justo nec condimentum neque sapien placerat ante');
INSERT INTO Courses(CourseID,DeptCode,Credits,CourseName,CourseDescription) VALUES (84,52,4,'Bugeranus caruncalatus','odio justo sollicitudin ut suscipit a feugiat et eros vestibulum ac est lacinia nisi venenatis tristique fusce congue diam id ornare imperdiet sapien urna pretium nisl ut volutpat sapien arcu sed augue aliquam erat volutpat in congue etiam justo etiam pretium iaculis justo in hac habitasse platea dictumst etiam faucibus cursus urna ut tellus nulla ut erat id mauris vulputate elementum nullam varius nulla facilisi cras non velit nec nisi vulputate nonummy maecenas tincidunt lacus at velit vivamus vel nulla eget eros elementum pellentesque quisque porta volutpat erat quisque erat eros viverra eget congue eget semper rutrum nulla nunc');
INSERT INTO Courses(CourseID,DeptCode,Credits,CourseName,CourseDescription) VALUES (85,98,3,'unavailable','pulvinar lobortis est phasellus sit amet erat nulla tempus vivamus in felis eu sapien cursus vestibulum proin eu mi nulla ac enim in tempor turpis nec euismod scelerisque');
INSERT INTO Courses(CourseID,DeptCode,Credits,CourseName,CourseDescription) VALUES (86,81,3,'Turtur chalcospilos','dolor vel est donec odio justo sollicitudin ut suscipit a feugiat et eros vestibulum ac est lacinia nisi venenatis tristique fusce congue diam id ornare imperdiet sapien urna pretium nisl ut volutpat sapien arcu sed augue aliquam erat volutpat in congue etiam justo etiam pretium iaculis justo in hac habitasse platea dictumst etiam faucibus');
INSERT INTO Courses(CourseID,DeptCode,Credits,CourseName,CourseDescription) VALUES (87,30,3,'Eolophus roseicapillus','curabitur in libero ut massa volutpat convallis morbi odio odio elementum eu interdum eu tincidunt in leo maecenas pulvinar lobortis est phasellus sit amet erat');
INSERT INTO Courses(CourseID,DeptCode,Credits,CourseName,CourseDescription) VALUES (88,73,2,'Lamprotornis chalybaeus','nunc commodo placerat praesent blandit nam nulla integer pede justo lacinia eget tincidunt eget tempus vel pede morbi porttitor lorem id ligula suspendisse ornare consequat lectus in est risus auctor sed tristique in tempus sit amet sem fusce consequat nulla nisl nunc nisl duis bibendum felis sed interdum venenatis turpis enim blandit mi');
INSERT INTO Courses(CourseID,DeptCode,Credits,CourseName,CourseDescription) VALUES (89,35,4,'Pseudalopex gymnocercus','et eros vestibulum ac est lacinia nisi venenatis tristique fusce congue diam id ornare imperdiet sapien urna pretium nisl ut volutpat sapien arcu sed augue aliquam erat volutpat in congue etiam justo etiam pretium iaculis justo in hac habitasse platea dictumst etiam faucibus cursus urna ut tellus');
INSERT INTO Courses(CourseID,DeptCode,Credits,CourseName,CourseDescription) VALUES (90,13,7,'Phalacrocorax niger','vestibulum ante ipsum primis in faucibus orci luctus et ultrices posuere cubilia curae nulla dapibus dolor vel est donec odio justo sollicitudin ut suscipit a feugiat et eros vestibulum ac est lacinia nisi venenatis tristique fusce congue diam id ornare imperdiet sapien urna pretium nisl ut volutpat sapien arcu sed augue aliquam erat volutpat in congue etiam justo etiam pretium iaculis justo in hac habitasse platea dictumst etiam faucibus cursus urna ut tellus nulla ut erat id mauris vulputate elementum nullam varius nulla facilisi cras non');
INSERT INTO Courses(CourseID,DeptCode,Credits,CourseName,CourseDescription) VALUES (91,62,3,'Iguana iguana','blandit mi in porttitor pede justo eu massa donec dapibus duis at velit eu est congue elementum in hac habitasse platea dictumst morbi vestibulum velit id pretium iaculis diam erat fermentum justo');
INSERT INTO Courses(CourseID,DeptCode,Credits,CourseName,CourseDescription) VALUES (92,34,1,'Agkistrodon piscivorus','mauris laoreet ut rhoncus aliquet pulvinar sed nisl nunc rhoncus dui vel sem sed sagittis nam congue risus semper porta volutpat quam pede lobortis ligula sit amet eleifend pede libero quis orci nullam molestie nibh in lectus pellentesque at nulla suspendisse potenti cras in purus eu magna vulputate luctus cum sociis natoque penatibus et magnis dis parturient montes nascetur ridiculus mus vivamus vestibulum');
INSERT INTO Courses(CourseID,DeptCode,Credits,CourseName,CourseDescription) VALUES (93,95,4,'Hymenolaimus malacorhynchus','viverra diam vitae quam suspendisse potenti nullam porttitor lacus at turpis donec posuere metus vitae ipsum aliquam non mauris morbi non lectus aliquam sit amet diam in magna bibendum imperdiet nullam orci pede');
INSERT INTO Courses(CourseID,DeptCode,Credits,CourseName,CourseDescription) VALUES (94,22,1,'unavailable','rutrum rutrum neque aenean auctor gravida sem praesent id massa id nisl venenatis lacinia aenean sit amet justo morbi ut odio cras mi pede malesuada in imperdiet et commodo vulputate justo in blandit ultrices enim lorem ipsum');
INSERT INTO Courses(CourseID,DeptCode,Credits,CourseName,CourseDescription) VALUES (95,45,9,'Estrilda erythronotos','est et tempus semper est quam pharetra magna ac consequat metus sapien ut nunc vestibulum ante ipsum primis in faucibus orci luctus et ultrices posuere cubilia curae mauris viverra diam vitae quam suspendisse potenti nullam porttitor lacus at turpis donec posuere metus vitae ipsum aliquam non mauris morbi non lectus aliquam sit amet diam in magna bibendum imperdiet nullam orci pede venenatis non sodales sed tincidunt eu felis');
INSERT INTO Courses(CourseID,DeptCode,Credits,CourseName,CourseDescription) VALUES (96,10,2,'Paroaria gularis','vestibulum rutrum rutrum neque aenean auctor gravida sem praesent id massa id nisl venenatis lacinia aenean sit amet justo morbi ut odio cras mi pede malesuada in imperdiet et commodo vulputate justo in blandit ultrices enim lorem ipsum dolor sit amet consectetuer adipiscing elit proin interdum mauris non ligula pellentesque ultrices phasellus id sapien in sapien iaculis congue vivamus metus arcu adipiscing molestie hendrerit at vulputate vitae');
INSERT INTO Courses(CourseID,DeptCode,Credits,CourseName,CourseDescription) VALUES (97,77,4,'Falco peregrinus','magnis dis parturient montes nascetur ridiculus mus vivamus vestibulum sagittis sapien cum sociis natoque penatibus et magnis dis parturient montes nascetur ridiculus mus etiam vel augue vestibulum rutrum rutrum neque');
INSERT INTO Courses(CourseID,DeptCode,Credits,CourseName,CourseDescription) VALUES (98,14,5,'Antechinus flavipes','fusce posuere felis sed lacus morbi sem mauris laoreet ut rhoncus aliquet pulvinar sed nisl nunc rhoncus dui vel sem sed sagittis nam congue risus semper porta volutpat quam pede lobortis ligula sit amet eleifend pede libero quis orci nullam molestie nibh in lectus pellentesque at nulla suspendisse potenti cras in purus eu magna vulputate luctus cum sociis natoque penatibus et magnis dis parturient montes nascetur ridiculus mus vivamus vestibulum sagittis sapien cum sociis natoque penatibus et magnis dis parturient montes nascetur ridiculus mus etiam vel augue vestibulum rutrum rutrum neque aenean auctor gravida sem praesent id');
INSERT INTO Courses(CourseID,DeptCode,Credits,CourseName,CourseDescription) VALUES (99,68,4,'Agama sp.','dictumst maecenas ut massa quis augue luctus tincidunt nulla mollis molestie lorem quisque ut erat curabitur gravida nisi at nibh in hac habitasse platea dictumst aliquam augue quam sollicitudin vitae consectetuer eget rutrum at lorem integer tincidunt ante vel ipsum praesent blandit lacinia erat vestibulum sed magna at nunc commodo placerat praesent blandit nam nulla integer pede justo lacinia eget tincidunt eget tempus vel pede morbi porttitor lorem id ligula suspendisse ornare consequat lectus in est risus auctor sed tristique in tempus sit amet sem fusce consequat nulla nisl nunc nisl duis bibendum');
INSERT INTO Courses(CourseID,DeptCode,Credits,CourseName,CourseDescription) VALUES (100,94,6,'Phalacrocorax brasilianus','est congue elementum in hac habitasse platea dictumst morbi vestibulum velit id pretium iaculis diam erat fermentum justo nec condimentum neque sapien placerat ante nulla justo aliquam quis turpis eget elit sodales scelerisque mauris sit amet eros suspendisse accumsan tortor quis turpis sed ante vivamus tortor duis mattis egestas metus aenean fermentum donec ut mauris eget massa tempor convallis nulla neque libero convallis eget');
INSERT INTO Courses(CourseID,DeptCode,Credits,CourseName,CourseDescription) VALUES (101,44,2,'Phalacrocorax carbo','turpis enim blandit mi in porttitor pede justo eu massa donec dapibus duis at velit eu est congue elementum in hac habitasse platea dictumst morbi vestibulum velit id pretium iaculis diam erat fermentum justo nec condimentum neque sapien placerat ante nulla justo aliquam quis turpis eget elit sodales scelerisque mauris sit amet eros suspendisse accumsan tortor quis turpis sed ante vivamus tortor duis mattis egestas metus aenean fermentum donec ut mauris');
INSERT INTO Courses(CourseID,DeptCode,Credits,CourseName,CourseDescription) VALUES (102,17,5,'Damaliscus dorcas','suscipit a feugiat et eros vestibulum ac est lacinia nisi venenatis tristique fusce congue diam id ornare imperdiet sapien urna pretium nisl ut volutpat sapien arcu sed augue aliquam erat volutpat in congue etiam justo etiam pretium iaculis justo in hac habitasse platea dictumst etiam faucibus cursus urna ut tellus nulla ut erat id mauris vulputate elementum nullam varius nulla facilisi cras non velit nec nisi vulputate');
INSERT INTO Courses(CourseID,DeptCode,Credits,CourseName,CourseDescription) VALUES (103,38,8,'Felis chaus','et eros vestibulum ac est lacinia nisi venenatis tristique fusce congue diam id ornare imperdiet sapien urna pretium nisl ut volutpat sapien arcu sed augue aliquam erat volutpat in congue etiam justo etiam pretium iaculis justo in hac habitasse platea dictumst etiam faucibus cursus urna ut tellus nulla ut erat id mauris vulputate elementum nullam varius nulla facilisi cras non velit nec');
INSERT INTO Courses(CourseID,DeptCode,Credits,CourseName,CourseDescription) VALUES (104,24,10,'Felis chaus','pede ullamcorper augue a suscipit nulla elit ac nulla sed vel enim sit amet nunc viverra dapibus nulla suscipit ligula in lacus curabitur at ipsum ac tellus semper interdum mauris ullamcorper purus sit amet nulla quisque arcu libero rutrum ac lobortis vel dapibus');
INSERT INTO Courses(CourseID,DeptCode,Credits,CourseName,CourseDescription) VALUES (105,51,5,'Dendrohyrax brucel','tempor convallis nulla neque libero convallis eget eleifend luctus ultricies eu nibh quisque id justo sit amet sapien dignissim vestibulum vestibulum ante ipsum primis in faucibus orci');
INSERT INTO Courses(CourseID,DeptCode,Credits,CourseName,CourseDescription) VALUES (106,95,4,'Varanus sp.','ipsum dolor sit amet consectetuer adipiscing elit proin risus praesent lectus vestibulum quam sapien varius ut blandit non interdum in ante vestibulum ante ipsum primis in faucibus orci luctus et ultrices posuere cubilia curae duis faucibus accumsan odio curabitur convallis duis consequat dui nec nisi volutpat eleifend donec ut dolor morbi vel lectus in quam fringilla rhoncus mauris enim leo rhoncus sed vestibulum sit amet cursus id turpis integer aliquet massa id lobortis convallis tortor risus dapibus augue vel accumsan tellus nisi eu orci mauris lacinia sapien');
INSERT INTO Courses(CourseID,DeptCode,Credits,CourseName,CourseDescription) VALUES (107,78,9,'Aonyx cinerea','ut suscipit a feugiat et eros vestibulum ac est lacinia nisi venenatis tristique fusce congue diam id ornare imperdiet sapien urna pretium nisl ut volutpat sapien arcu sed augue aliquam erat volutpat in congue etiam justo etiam pretium iaculis justo in hac habitasse platea dictumst etiam faucibus cursus urna ut tellus nulla ut erat id mauris vulputate elementum nullam varius nulla facilisi cras non velit nec nisi vulputate nonummy');
INSERT INTO Courses(CourseID,DeptCode,Credits,CourseName,CourseDescription) VALUES (108,47,8,'Carduelis pinus','vestibulum ante ipsum primis in faucibus orci luctus et ultrices posuere cubilia curae donec pharetra magna vestibulum aliquet ultrices erat tortor sollicitudin mi sit amet lobortis sapien sapien non mi integer ac neque duis bibendum morbi non quam nec dui luctus rutrum nulla tellus in sagittis dui vel nisl duis ac nibh fusce lacus purus aliquet at feugiat non pretium quis lectus suspendisse potenti in eleifend quam a odio in hac habitasse platea dictumst maecenas ut massa quis augue luctus tincidunt nulla mollis');
INSERT INTO Courses(CourseID,DeptCode,Credits,CourseName,CourseDescription) VALUES (109,23,10,'Procyon lotor','lacinia eget tincidunt eget tempus vel pede morbi porttitor lorem id ligula suspendisse ornare consequat lectus in est risus auctor sed tristique in tempus sit amet sem');
INSERT INTO Courses(CourseID,DeptCode,Credits,CourseName,CourseDescription) VALUES (110,12,8,'Corvus albicollis','praesent lectus vestibulum quam sapien varius ut blandit non interdum in ante vestibulum ante ipsum primis in faucibus orci luctus et ultrices posuere cubilia curae duis faucibus accumsan odio curabitur convallis duis consequat dui nec nisi volutpat eleifend donec ut dolor morbi vel lectus in quam fringilla rhoncus mauris enim leo rhoncus sed vestibulum sit amet cursus id turpis integer aliquet massa id lobortis convallis tortor risus dapibus augue vel accumsan tellus nisi eu orci mauris');
INSERT INTO Courses(CourseID,DeptCode,Credits,CourseName,CourseDescription) VALUES (111,79,3,'Sylvicapra grimma','sit amet turpis elementum ligula vehicula consequat morbi a ipsum integer a nibh in quis justo maecenas rhoncus aliquam lacus morbi quis tortor id nulla ultrices aliquet maecenas leo odio condimentum');
INSERT INTO Courses(CourseID,DeptCode,Credits,CourseName,CourseDescription) VALUES (112,25,3,'Otaria flavescens','morbi odio odio elementum eu interdum eu tincidunt in leo maecenas pulvinar lobortis est phasellus sit amet erat nulla tempus vivamus in felis eu sapien cursus vestibulum proin eu mi nulla ac enim in tempor turpis nec euismod scelerisque quam turpis adipiscing lorem vitae mattis nibh ligula nec sem duis aliquam convallis nunc proin at turpis a pede posuere nonummy integer non velit donec diam neque vestibulum eget vulputate ut ultrices vel augue vestibulum ante ipsum primis in faucibus orci luctus et ultrices posuere');
INSERT INTO Courses(CourseID,DeptCode,Credits,CourseName,CourseDescription) VALUES (113,82,5,'Tiliqua scincoides','sit amet cursus id turpis integer aliquet massa id lobortis convallis tortor risus dapibus augue vel accumsan tellus nisi eu orci mauris lacinia sapien quis libero nullam sit amet turpis elementum ligula vehicula consequat morbi a ipsum integer a nibh in quis justo maecenas rhoncus aliquam lacus morbi quis tortor id nulla ultrices aliquet');
INSERT INTO Courses(CourseID,DeptCode,Credits,CourseName,CourseDescription) VALUES (114,66,10,'Isoodon obesulus','quam a odio in hac habitasse platea dictumst maecenas ut massa quis augue luctus tincidunt nulla mollis molestie lorem quisque ut erat curabitur gravida nisi at nibh in hac habitasse platea dictumst aliquam augue quam sollicitudin vitae consectetuer eget rutrum at lorem integer tincidunt ante vel ipsum praesent blandit lacinia erat vestibulum sed magna at nunc commodo placerat praesent');
INSERT INTO Courses(CourseID,DeptCode,Credits,CourseName,CourseDescription) VALUES (115,38,3,'Manouria emys','ultrices enim lorem ipsum dolor sit amet consectetuer adipiscing elit proin interdum mauris non ligula pellentesque ultrices phasellus id sapien in sapien iaculis congue vivamus metus arcu adipiscing molestie hendrerit at vulputate vitae nisl aenean lectus pellentesque eget nunc donec quis orci eget orci vehicula condimentum curabitur in libero ut massa volutpat convallis morbi odio odio elementum eu interdum eu tincidunt in leo maecenas pulvinar lobortis est phasellus sit amet erat nulla tempus vivamus');
INSERT INTO Courses(CourseID,DeptCode,Credits,CourseName,CourseDescription) VALUES (116,1,1,'Erethizon dorsatum','lacinia erat vestibulum sed magna at nunc commodo placerat praesent blandit nam nulla integer pede justo lacinia eget tincidunt eget tempus vel pede morbi porttitor lorem id ligula suspendisse ornare consequat lectus in est risus auctor sed tristique in tempus sit amet sem fusce consequat nulla nisl nunc nisl duis bibendum felis sed interdum venenatis turpis enim blandit mi in porttitor pede justo eu massa donec dapibus duis at velit eu est congue elementum in hac habitasse platea dictumst');
INSERT INTO Courses(CourseID,DeptCode,Credits,CourseName,CourseDescription) VALUES (117,49,8,'Lorythaixoides concolor','non interdum in ante vestibulum ante ipsum primis in faucibus orci luctus et ultrices posuere cubilia curae duis faucibus accumsan odio curabitur convallis duis consequat dui nec nisi volutpat');
INSERT INTO Courses(CourseID,DeptCode,Credits,CourseName,CourseDescription) VALUES (118,43,5,'Cracticus nigroagularis','ipsum aliquam non mauris morbi non lectus aliquam sit amet diam in magna bibendum imperdiet nullam orci pede venenatis non sodales sed tincidunt eu felis fusce posuere felis sed lacus morbi sem mauris laoreet ut rhoncus aliquet pulvinar sed nisl nunc rhoncus dui vel sem sed sagittis nam congue risus semper porta volutpat quam pede lobortis ligula sit amet eleifend pede libero quis orci nullam molestie nibh in lectus pellentesque at nulla suspendisse potenti cras in purus eu magna vulputate luctus cum sociis natoque penatibus et magnis dis parturient montes nascetur ridiculus mus vivamus vestibulum');
INSERT INTO Courses(CourseID,DeptCode,Credits,CourseName,CourseDescription) VALUES (119,60,7,'Agkistrodon piscivorus','consequat nulla nisl nunc nisl duis bibendum felis sed interdum venenatis turpis enim blandit mi in porttitor pede justo eu massa donec dapibus duis at velit eu est congue elementum in hac habitasse platea dictumst morbi vestibulum velit id pretium iaculis diam erat fermentum justo nec condimentum neque sapien placerat ante nulla justo aliquam quis turpis eget elit sodales scelerisque mauris sit amet eros suspendisse accumsan tortor quis turpis sed ante vivamus tortor duis');
INSERT INTO Courses(CourseID,DeptCode,Credits,CourseName,CourseDescription) VALUES (120,91,6,'unavailable','est congue elementum in hac habitasse platea dictumst morbi vestibulum velit id pretium iaculis diam erat fermentum justo nec condimentum neque sapien placerat ante nulla justo aliquam quis turpis eget elit sodales scelerisque mauris sit amet eros suspendisse accumsan tortor quis turpis sed ante vivamus tortor duis mattis egestas metus aenean fermentum donec ut mauris eget massa tempor convallis nulla neque libero convallis eget eleifend luctus ultricies eu nibh quisque id justo sit');
INSERT INTO Courses(CourseID,DeptCode,Credits,CourseName,CourseDescription) VALUES (121,100,8,'Colobus guerza','eget tempus vel pede morbi porttitor lorem id ligula suspendisse ornare consequat lectus in est risus auctor sed tristique in tempus sit amet sem fusce consequat nulla nisl nunc nisl duis bibendum felis sed interdum venenatis turpis');
INSERT INTO Courses(CourseID,DeptCode,Credits,CourseName,CourseDescription) VALUES (122,35,3,'Anathana ellioti','leo pellentesque ultrices mattis odio donec vitae nisi nam ultrices libero non mattis pulvinar nulla pede ullamcorper augue a suscipit nulla elit ac nulla sed vel enim sit amet nunc viverra dapibus nulla suscipit ligula in lacus curabitur at ipsum ac tellus semper interdum mauris ullamcorper purus sit amet nulla quisque arcu libero rutrum ac lobortis vel');
INSERT INTO Courses(CourseID,DeptCode,Credits,CourseName,CourseDescription) VALUES (123,83,2,'Macropus parryi','iaculis congue vivamus metus arcu adipiscing molestie hendrerit at vulputate vitae nisl aenean lectus pellentesque eget nunc donec quis orci eget orci vehicula condimentum curabitur in libero ut massa volutpat convallis morbi odio odio elementum eu interdum eu tincidunt in leo maecenas pulvinar lobortis est phasellus sit amet erat nulla tempus vivamus in felis eu sapien cursus vestibulum proin eu mi nulla ac enim in tempor turpis nec euismod scelerisque quam turpis adipiscing lorem vitae mattis nibh ligula nec sem duis aliquam convallis nunc proin at turpis a pede posuere nonummy integer non velit donec diam neque vestibulum eget');
INSERT INTO Courses(CourseID,DeptCode,Credits,CourseName,CourseDescription) VALUES (124,28,3,'Anthropoides paradisea','amet erat nulla tempus vivamus in felis eu sapien cursus vestibulum proin eu mi nulla ac enim in tempor turpis nec euismod scelerisque quam turpis adipiscing lorem vitae mattis nibh ligula nec sem duis aliquam convallis nunc proin at turpis a pede posuere');
INSERT INTO Courses(CourseID,DeptCode,Credits,CourseName,CourseDescription) VALUES (125,70,7,'Herpestes javanicus','praesent blandit nam nulla integer pede justo lacinia eget tincidunt eget tempus vel pede morbi porttitor lorem id ligula suspendisse ornare consequat lectus in est risus auctor sed tristique in tempus sit amet sem fusce consequat');
INSERT INTO Courses(CourseID,DeptCode,Credits,CourseName,CourseDescription) VALUES (126,49,2,'Sciurus vulgaris','justo in blandit ultrices enim lorem ipsum dolor sit amet consectetuer adipiscing elit proin interdum mauris non ligula pellentesque ultrices phasellus id sapien in sapien iaculis congue vivamus metus arcu adipiscing molestie hendrerit at vulputate vitae nisl aenean lectus pellentesque eget nunc donec quis orci eget orci vehicula condimentum curabitur in libero ut massa volutpat convallis morbi odio odio');
INSERT INTO Courses(CourseID,DeptCode,Credits,CourseName,CourseDescription) VALUES (127,34,6,'Meles meles','nibh in hac habitasse platea dictumst aliquam augue quam sollicitudin vitae consectetuer eget rutrum at lorem integer tincidunt ante vel ipsum praesent blandit lacinia erat vestibulum sed magna at nunc commodo placerat praesent blandit nam nulla integer pede justo lacinia eget tincidunt eget tempus vel pede morbi porttitor lorem id ligula suspendisse ornare consequat lectus in est risus auctor sed tristique in tempus sit amet sem fusce consequat nulla nisl nunc nisl duis bibendum felis sed interdum venenatis turpis enim blandit mi in porttitor pede justo eu massa donec dapibus duis at velit eu est congue elementum');
INSERT INTO Courses(CourseID,DeptCode,Credits,CourseName,CourseDescription) VALUES (128,38,9,'Cacatua tenuirostris','nisl nunc nisl duis bibendum felis sed interdum venenatis turpis enim blandit mi in porttitor pede justo eu massa donec dapibus duis at velit eu est congue elementum in hac habitasse platea');
INSERT INTO Courses(CourseID,DeptCode,Credits,CourseName,CourseDescription) VALUES (129,60,2,'Cebus apella','donec diam neque vestibulum eget vulputate ut ultrices vel augue vestibulum ante ipsum primis in faucibus orci luctus et ultrices posuere cubilia curae donec pharetra magna vestibulum aliquet ultrices erat tortor sollicitudin mi sit amet lobortis sapien sapien non mi integer ac neque duis bibendum morbi non quam nec dui luctus rutrum nulla tellus in sagittis dui vel nisl duis ac nibh fusce lacus purus aliquet at feugiat');
INSERT INTO Courses(CourseID,DeptCode,Credits,CourseName,CourseDescription) VALUES (130,45,10,'Nucifraga columbiana','dis parturient montes nascetur ridiculus mus etiam vel augue vestibulum rutrum rutrum neque aenean auctor gravida sem praesent id massa id nisl venenatis lacinia aenean sit amet justo morbi ut');
INSERT INTO Courses(CourseID,DeptCode,Credits,CourseName,CourseDescription) VALUES (131,50,2,'Colobus guerza','posuere cubilia curae nulla dapibus dolor vel est donec odio justo sollicitudin ut suscipit a feugiat et eros vestibulum ac est lacinia nisi venenatis tristique fusce congue diam id ornare imperdiet sapien urna pretium nisl ut volutpat sapien arcu sed augue aliquam erat volutpat in congue etiam justo etiam');
INSERT INTO Courses(CourseID,DeptCode,Credits,CourseName,CourseDescription) VALUES (132,74,6,'Macropus robustus','volutpat eleifend donec ut dolor morbi vel lectus in quam fringilla rhoncus mauris enim leo rhoncus sed vestibulum sit amet cursus id turpis integer aliquet massa id lobortis convallis tortor risus dapibus augue vel accumsan tellus nisi eu orci mauris lacinia sapien quis libero nullam');
INSERT INTO Courses(CourseID,DeptCode,Credits,CourseName,CourseDescription) VALUES (133,74,7,'Tamandua tetradactyla','ante vestibulum ante ipsum primis in faucibus orci luctus et ultrices posuere cubilia curae duis faucibus accumsan odio curabitur convallis duis consequat dui nec nisi volutpat eleifend donec ut dolor');
INSERT INTO Courses(CourseID,DeptCode,Credits,CourseName,CourseDescription) VALUES (134,16,2,'Bubalornis niger','rhoncus aliquam lacus morbi quis tortor id nulla ultrices aliquet maecenas leo odio condimentum id luctus nec molestie sed justo pellentesque viverra pede ac diam');
INSERT INTO Courses(CourseID,DeptCode,Credits,CourseName,CourseDescription) VALUES (135,58,3,'Papio ursinus','cubilia curae mauris viverra diam vitae quam suspendisse potenti nullam porttitor lacus at turpis donec posuere metus vitae ipsum aliquam non mauris morbi non lectus aliquam sit amet diam in magna bibendum imperdiet nullam orci pede venenatis non sodales sed tincidunt eu felis fusce posuere felis sed lacus morbi sem mauris laoreet ut rhoncus aliquet pulvinar sed nisl nunc rhoncus dui vel sem sed sagittis nam congue risus semper porta volutpat quam pede lobortis ligula sit amet eleifend pede libero quis orci nullam molestie nibh in lectus pellentesque at nulla suspendisse');
INSERT INTO Courses(CourseID,DeptCode,Credits,CourseName,CourseDescription) VALUES (136,31,7,'Macropus agilis','nullam sit amet turpis elementum ligula vehicula consequat morbi a ipsum integer a nibh in quis justo maecenas rhoncus aliquam lacus morbi quis tortor id nulla ultrices aliquet maecenas leo odio condimentum id luctus nec molestie sed justo pellentesque viverra pede ac diam cras pellentesque volutpat dui maecenas tristique est et tempus semper est quam');
INSERT INTO Courses(CourseID,DeptCode,Credits,CourseName,CourseDescription) VALUES (137,46,5,'Sarkidornis melanotos','pretium iaculis justo in hac habitasse platea dictumst etiam faucibus cursus urna ut tellus nulla ut erat id mauris vulputate elementum nullam varius nulla facilisi cras non velit nec nisi vulputate nonummy maecenas tincidunt lacus at velit vivamus vel nulla eget eros elementum pellentesque quisque porta volutpat erat quisque erat eros viverra eget congue eget semper rutrum nulla nunc purus phasellus in felis donec semper sapien a libero nam dui proin leo odio porttitor id consequat in consequat ut nulla sed accumsan felis ut at dolor quis odio');
INSERT INTO Courses(CourseID,DeptCode,Credits,CourseName,CourseDescription) VALUES (138,28,9,'Petaurus breviceps','ridiculus mus etiam vel augue vestibulum rutrum rutrum neque aenean auctor gravida sem praesent id massa id nisl venenatis lacinia aenean sit amet justo morbi ut odio cras mi pede malesuada in imperdiet et commodo vulputate justo in blandit ultrices enim lorem ipsum dolor sit amet consectetuer adipiscing elit proin interdum mauris non ligula pellentesque ultrices phasellus id sapien in sapien iaculis congue vivamus metus arcu adipiscing molestie hendrerit at vulputate vitae nisl aenean lectus pellentesque eget nunc donec quis');
INSERT INTO Courses(CourseID,DeptCode,Credits,CourseName,CourseDescription) VALUES (139,44,3,'Streptopelia senegalensis','justo eu massa donec dapibus duis at velit eu est congue elementum in hac habitasse platea dictumst morbi vestibulum velit id pretium iaculis diam erat fermentum justo nec condimentum neque sapien placerat ante nulla justo aliquam quis turpis eget');
INSERT INTO Courses(CourseID,DeptCode,Credits,CourseName,CourseDescription) VALUES (140,38,1,'Bison bison','vestibulum quam sapien varius ut blandit non interdum in ante vestibulum ante ipsum primis in faucibus orci luctus et ultrices posuere cubilia curae duis faucibus accumsan odio curabitur convallis duis consequat dui nec nisi volutpat eleifend donec ut dolor morbi vel lectus in quam fringilla rhoncus mauris enim leo rhoncus sed vestibulum sit amet cursus id turpis integer aliquet massa id lobortis convallis tortor risus dapibus augue vel accumsan');
INSERT INTO Courses(CourseID,DeptCode,Credits,CourseName,CourseDescription) VALUES (141,94,7,'Equus burchelli','massa tempor convallis nulla neque libero convallis eget eleifend luctus ultricies eu nibh quisque id justo sit amet sapien dignissim vestibulum vestibulum ante ipsum primis in faucibus orci luctus et ultrices posuere cubilia curae nulla dapibus dolor vel est donec odio justo sollicitudin ut suscipit a feugiat et eros vestibulum ac est lacinia nisi venenatis tristique fusce congue diam id ornare imperdiet sapien urna pretium nisl');
INSERT INTO Courses(CourseID,DeptCode,Credits,CourseName,CourseDescription) VALUES (142,23,5,'Taxidea taxus','platea dictumst etiam faucibus cursus urna ut tellus nulla ut erat id mauris vulputate elementum nullam varius nulla facilisi cras non velit nec nisi vulputate nonummy maecenas tincidunt lacus at velit');
INSERT INTO Courses(CourseID,DeptCode,Credits,CourseName,CourseDescription) VALUES (143,7,9,'Ardea cinerea','luctus et ultrices posuere cubilia curae mauris viverra diam vitae quam suspendisse potenti nullam porttitor lacus at turpis donec posuere metus vitae ipsum aliquam non mauris morbi non lectus aliquam sit amet diam in magna bibendum imperdiet nullam orci pede venenatis non sodales sed tincidunt eu felis fusce posuere');
INSERT INTO Courses(CourseID,DeptCode,Credits,CourseName,CourseDescription) VALUES (144,64,6,'Rhea americana','purus phasellus in felis donec semper sapien a libero nam dui proin leo odio porttitor id consequat in consequat ut nulla sed accumsan felis ut at');
INSERT INTO Courses(CourseID,DeptCode,Credits,CourseName,CourseDescription) VALUES (145,81,3,'Geospiza sp.','nibh ligula nec sem duis aliquam convallis nunc proin at turpis a pede posuere nonummy integer non velit donec diam neque vestibulum eget vulputate ut ultrices vel augue vestibulum ante ipsum primis in faucibus orci luctus et ultrices posuere cubilia curae donec pharetra magna vestibulum aliquet ultrices erat tortor sollicitudin mi sit amet lobortis sapien sapien non mi integer ac neque');
INSERT INTO Courses(CourseID,DeptCode,Credits,CourseName,CourseDescription) VALUES (146,87,5,'Alcelaphus buselaphus cokii','sem mauris laoreet ut rhoncus aliquet pulvinar sed nisl nunc rhoncus dui vel sem sed sagittis nam congue risus semper porta volutpat quam pede lobortis ligula sit amet eleifend pede libero quis orci nullam molestie nibh in lectus pellentesque at nulla suspendisse potenti cras in purus eu magna vulputate luctus cum sociis natoque penatibus et magnis dis parturient montes nascetur ridiculus mus vivamus vestibulum sagittis sapien cum sociis natoque penatibus et magnis dis parturient montes nascetur ridiculus mus etiam vel augue');
INSERT INTO Courses(CourseID,DeptCode,Credits,CourseName,CourseDescription) VALUES (147,75,6,'Gabianus pacificus','nec sem duis aliquam convallis nunc proin at turpis a pede posuere nonummy integer non velit donec diam neque vestibulum eget vulputate ut ultrices vel augue vestibulum ante ipsum primis in faucibus orci luctus et ultrices posuere cubilia curae donec pharetra magna vestibulum aliquet ultrices erat tortor sollicitudin mi sit amet');
INSERT INTO Courses(CourseID,DeptCode,Credits,CourseName,CourseDescription) VALUES (148,85,9,'Ammospermophilus nelsoni','ridiculus mus etiam vel augue vestibulum rutrum rutrum neque aenean auctor gravida sem praesent id massa id nisl venenatis lacinia aenean sit amet justo morbi ut odio cras mi pede malesuada in imperdiet et commodo vulputate justo in blandit ultrices enim lorem');
INSERT INTO Courses(CourseID,DeptCode,Credits,CourseName,CourseDescription) VALUES (149,57,8,'Alectura lathami','ligula sit amet eleifend pede libero quis orci nullam molestie nibh in lectus pellentesque at nulla suspendisse potenti cras in purus eu magna vulputate luctus cum sociis natoque penatibus et magnis dis parturient montes nascetur ridiculus mus vivamus vestibulum sagittis sapien cum sociis natoque penatibus et magnis dis parturient montes nascetur ridiculus mus etiam vel augue vestibulum rutrum rutrum neque aenean auctor gravida sem praesent id massa id nisl venenatis lacinia aenean sit amet justo morbi');
INSERT INTO Courses(CourseID,DeptCode,Credits,CourseName,CourseDescription) VALUES (150,18,9,'Colaptes campestroides','tristique in tempus sit amet sem fusce consequat nulla nisl nunc nisl duis bibendum felis sed interdum venenatis turpis enim blandit mi in porttitor pede justo eu massa donec dapibus duis at velit eu est congue elementum in hac habitasse platea dictumst');
INSERT INTO Courses(CourseID,DeptCode,Credits,CourseName,CourseDescription) VALUES (151,22,9,'Thamnolaea cinnmomeiventris','iaculis congue vivamus metus arcu adipiscing molestie hendrerit at vulputate vitae nisl aenean lectus pellentesque eget nunc donec quis orci eget orci vehicula condimentum curabitur in libero ut massa volutpat convallis');
INSERT INTO Courses(CourseID,DeptCode,Credits,CourseName,CourseDescription) VALUES (152,68,9,'Felis caracal','justo eu massa donec dapibus duis at velit eu est congue elementum in hac habitasse platea dictumst morbi vestibulum velit id pretium iaculis diam erat fermentum justo nec condimentum neque sapien placerat ante nulla justo aliquam quis turpis eget elit sodales scelerisque mauris sit amet eros suspendisse accumsan tortor quis turpis sed ante vivamus tortor duis mattis egestas metus aenean fermentum donec ut mauris eget massa tempor convallis nulla neque libero convallis eget eleifend luctus ultricies eu');
INSERT INTO Courses(CourseID,DeptCode,Credits,CourseName,CourseDescription) VALUES (153,97,1,'Coluber constrictor','aliquet pulvinar sed nisl nunc rhoncus dui vel sem sed sagittis nam congue risus semper porta volutpat quam pede lobortis ligula sit amet eleifend pede libero quis orci nullam molestie nibh in lectus pellentesque at nulla suspendisse potenti cras in purus eu magna vulputate luctus cum sociis natoque penatibus et magnis dis parturient montes nascetur ridiculus mus vivamus vestibulum sagittis sapien cum sociis natoque penatibus et magnis dis parturient montes nascetur ridiculus mus etiam');
INSERT INTO Courses(CourseID,DeptCode,Credits,CourseName,CourseDescription) VALUES (154,50,3,'Pedetes capensis','in porttitor pede justo eu massa donec dapibus duis at velit eu est congue elementum in hac habitasse platea dictumst morbi vestibulum velit id pretium iaculis diam erat fermentum justo nec condimentum neque sapien placerat ante nulla justo aliquam quis turpis eget elit sodales scelerisque mauris sit amet eros suspendisse accumsan tortor quis turpis sed ante vivamus tortor duis mattis egestas metus aenean fermentum donec ut mauris eget massa tempor convallis nulla neque libero convallis eget eleifend luctus ultricies eu nibh quisque id justo sit');
INSERT INTO Courses(CourseID,DeptCode,Credits,CourseName,CourseDescription) VALUES (155,35,6,'Ardea golieth','lobortis convallis tortor risus dapibus augue vel accumsan tellus nisi eu orci mauris lacinia sapien quis libero nullam sit amet turpis elementum ligula vehicula consequat morbi a ipsum integer a nibh in quis justo maecenas rhoncus aliquam lacus morbi quis tortor id nulla ultrices aliquet maecenas leo odio condimentum id luctus nec molestie sed justo pellentesque viverra pede ac diam cras pellentesque volutpat dui maecenas tristique est et tempus semper est quam pharetra magna ac consequat metus sapien ut nunc vestibulum');
INSERT INTO Courses(CourseID,DeptCode,Credits,CourseName,CourseDescription) VALUES (156,42,8,'Cochlearius cochlearius','nunc proin at turpis a pede posuere nonummy integer non velit donec diam neque vestibulum eget vulputate ut ultrices vel augue vestibulum ante ipsum primis in faucibus orci luctus et ultrices posuere cubilia curae donec pharetra magna vestibulum aliquet ultrices erat tortor sollicitudin mi sit');
INSERT INTO Courses(CourseID,DeptCode,Credits,CourseName,CourseDescription) VALUES (157,100,10,'Boa constrictor mexicana','nunc proin at turpis a pede posuere nonummy integer non velit donec diam neque vestibulum eget vulputate ut ultrices vel augue vestibulum ante ipsum primis in faucibus orci luctus');
INSERT INTO Courses(CourseID,DeptCode,Credits,CourseName,CourseDescription) VALUES (158,46,7,'Tringa glareola','maecenas tincidunt lacus at velit vivamus vel nulla eget eros elementum pellentesque quisque porta volutpat erat quisque erat eros viverra eget congue eget semper rutrum nulla nunc purus phasellus in felis donec semper sapien a libero nam dui proin leo odio porttitor id consequat in consequat ut nulla sed accumsan felis ut at dolor quis odio consequat varius integer ac leo pellentesque ultrices');
INSERT INTO Courses(CourseID,DeptCode,Credits,CourseName,CourseDescription) VALUES (159,70,3,'Cercatetus concinnus','id massa id nisl venenatis lacinia aenean sit amet justo morbi ut odio cras mi pede malesuada in imperdiet et commodo vulputate justo in blandit ultrices enim lorem ipsum dolor sit amet consectetuer adipiscing elit proin interdum mauris non ligula pellentesque ultrices phasellus id sapien in sapien iaculis congue vivamus metus arcu adipiscing molestie hendrerit at vulputate vitae nisl aenean lectus pellentesque eget nunc donec quis orci eget orci vehicula condimentum curabitur in libero ut massa volutpat convallis morbi odio odio elementum eu interdum eu tincidunt');
INSERT INTO Courses(CourseID,DeptCode,Credits,CourseName,CourseDescription) VALUES (160,44,1,'Mellivora capensis','ridiculus mus vivamus vestibulum sagittis sapien cum sociis natoque penatibus et magnis dis parturient montes nascetur ridiculus mus etiam vel augue vestibulum rutrum rutrum neque aenean auctor gravida sem praesent id massa id');
INSERT INTO Courses(CourseID,DeptCode,Credits,CourseName,CourseDescription) VALUES (161,23,10,'Equus burchelli','vel pede morbi porttitor lorem id ligula suspendisse ornare consequat lectus in est risus auctor sed tristique in tempus sit amet sem fusce consequat nulla nisl nunc nisl duis bibendum felis sed interdum venenatis turpis enim blandit mi in porttitor pede justo eu massa donec dapibus duis at velit eu est congue elementum in');
INSERT INTO Courses(CourseID,DeptCode,Credits,CourseName,CourseDescription) VALUES (162,29,5,'Manouria emys','pede morbi porttitor lorem id ligula suspendisse ornare consequat lectus in est risus auctor sed tristique in tempus sit amet sem fusce consequat nulla nisl nunc nisl duis bibendum felis sed interdum venenatis turpis enim blandit mi in porttitor pede justo eu massa donec dapibus duis at velit eu est congue elementum in hac habitasse platea dictumst morbi vestibulum velit id pretium iaculis diam erat fermentum justo nec condimentum neque sapien placerat ante nulla justo aliquam quis turpis eget elit sodales scelerisque mauris sit amet eros suspendisse accumsan tortor quis turpis sed ante vivamus');
INSERT INTO Courses(CourseID,DeptCode,Credits,CourseName,CourseDescription) VALUES (163,38,5,'Panthera pardus','etiam pretium iaculis justo in hac habitasse platea dictumst etiam faucibus cursus urna ut tellus nulla ut erat id mauris vulputate elementum nullam varius nulla facilisi cras non velit nec nisi vulputate nonummy maecenas tincidunt lacus at velit vivamus vel nulla eget eros elementum pellentesque quisque porta volutpat erat quisque erat');
INSERT INTO Courses(CourseID,DeptCode,Credits,CourseName,CourseDescription) VALUES (164,4,2,'Dacelo novaeguineae','nisi venenatis tristique fusce congue diam id ornare imperdiet sapien urna pretium nisl ut volutpat sapien arcu sed augue aliquam erat volutpat in congue etiam justo etiam pretium iaculis justo in hac habitasse platea dictumst etiam faucibus cursus urna ut tellus nulla ut erat id mauris vulputate elementum');
INSERT INTO Courses(CourseID,DeptCode,Credits,CourseName,CourseDescription) VALUES (165,60,7,'unavailable','sit amet sapien dignissim vestibulum vestibulum ante ipsum primis in faucibus orci luctus et ultrices posuere cubilia curae nulla dapibus dolor vel est donec odio justo sollicitudin ut suscipit a feugiat et eros');
INSERT INTO Courses(CourseID,DeptCode,Credits,CourseName,CourseDescription) VALUES (166,47,9,'Balearica pavonina','erat eros viverra eget congue eget semper rutrum nulla nunc purus phasellus in felis donec semper sapien a libero nam dui proin leo odio porttitor id consequat in consequat ut nulla sed accumsan felis ut at dolor quis odio consequat varius integer ac leo pellentesque ultrices mattis odio donec vitae nisi nam ultrices libero');
INSERT INTO Courses(CourseID,DeptCode,Credits,CourseName,CourseDescription) VALUES (167,1,6,'Equus hemionus','pretium nisl ut volutpat sapien arcu sed augue aliquam erat volutpat in congue etiam justo etiam pretium iaculis justo in hac habitasse platea dictumst etiam faucibus cursus urna ut tellus nulla ut erat id mauris vulputate elementum nullam varius nulla facilisi cras non velit nec nisi vulputate nonummy maecenas tincidunt lacus at velit vivamus vel nulla eget eros elementum pellentesque quisque porta volutpat erat quisque erat eros viverra eget congue eget semper rutrum nulla nunc purus phasellus in felis donec');
INSERT INTO Courses(CourseID,DeptCode,Credits,CourseName,CourseDescription) VALUES (168,49,4,'Psittacula krameri','fermentum donec ut mauris eget massa tempor convallis nulla neque libero convallis eget eleifend luctus ultricies eu nibh quisque id justo sit amet sapien dignissim vestibulum vestibulum ante ipsum primis in faucibus orci luctus et ultrices posuere cubilia curae');
INSERT INTO Courses(CourseID,DeptCode,Credits,CourseName,CourseDescription) VALUES (169,17,6,'Aegypius occipitalis','etiam vel augue vestibulum rutrum rutrum neque aenean auctor gravida sem praesent id massa id nisl venenatis lacinia aenean sit amet justo morbi ut odio cras mi pede malesuada in imperdiet et commodo vulputate justo in blandit ultrices enim lorem ipsum dolor sit amet consectetuer adipiscing elit proin interdum mauris non ligula pellentesque ultrices phasellus id sapien in sapien iaculis congue vivamus metus arcu adipiscing molestie hendrerit at vulputate vitae nisl');
INSERT INTO Courses(CourseID,DeptCode,Credits,CourseName,CourseDescription) VALUES (170,72,1,'Trichosurus vulpecula','libero non mattis pulvinar nulla pede ullamcorper augue a suscipit nulla elit ac nulla sed vel enim sit amet nunc viverra dapibus nulla suscipit ligula in lacus curabitur at ipsum ac tellus semper interdum mauris ullamcorper purus sit amet nulla quisque arcu libero rutrum ac');
INSERT INTO Courses(CourseID,DeptCode,Credits,CourseName,CourseDescription) VALUES (171,41,6,'Vanellus armatus','nisl ut volutpat sapien arcu sed augue aliquam erat volutpat in congue etiam justo etiam pretium iaculis justo in hac habitasse platea dictumst etiam faucibus cursus urna ut tellus nulla ut erat id mauris vulputate elementum nullam varius nulla facilisi cras non velit nec nisi vulputate nonummy maecenas tincidunt lacus at velit vivamus vel nulla eget eros elementum pellentesque quisque porta volutpat');
INSERT INTO Courses(CourseID,DeptCode,Credits,CourseName,CourseDescription) VALUES (172,78,2,'Bubulcus ibis','est quam pharetra magna ac consequat metus sapien ut nunc vestibulum ante ipsum primis in faucibus orci luctus et ultrices posuere cubilia curae mauris viverra diam vitae quam suspendisse potenti nullam porttitor lacus at turpis donec posuere metus vitae ipsum aliquam non mauris morbi non lectus aliquam sit amet diam in magna');
INSERT INTO Courses(CourseID,DeptCode,Credits,CourseName,CourseDescription) VALUES (173,75,3,'Eudromia elegans','nibh in lectus pellentesque at nulla suspendisse potenti cras in purus eu magna vulputate luctus cum sociis natoque penatibus et magnis dis parturient montes nascetur ridiculus mus vivamus vestibulum sagittis sapien cum sociis natoque penatibus et magnis dis parturient montes nascetur ridiculus mus etiam vel augue vestibulum rutrum rutrum neque aenean auctor gravida sem praesent id massa id nisl venenatis lacinia aenean sit amet justo morbi ut odio');
INSERT INTO Courses(CourseID,DeptCode,Credits,CourseName,CourseDescription) VALUES (174,63,3,'Cordylus giganteus','blandit mi in porttitor pede justo eu massa donec dapibus duis at velit eu est congue elementum in hac habitasse platea dictumst morbi vestibulum velit');
INSERT INTO Courses(CourseID,DeptCode,Credits,CourseName,CourseDescription) VALUES (175,83,7,'Graspus graspus','sem mauris laoreet ut rhoncus aliquet pulvinar sed nisl nunc rhoncus dui vel sem sed sagittis nam congue risus semper porta volutpat quam pede lobortis ligula sit amet eleifend pede libero quis orci nullam molestie nibh in lectus pellentesque at nulla suspendisse potenti cras in purus eu magna vulputate luctus cum sociis natoque penatibus et magnis dis parturient montes nascetur ridiculus mus vivamus vestibulum sagittis sapien cum sociis natoque penatibus et magnis dis parturient montes nascetur ridiculus mus etiam vel augue vestibulum rutrum rutrum neque aenean auctor gravida sem praesent id massa id');
INSERT INTO Courses(CourseID,DeptCode,Credits,CourseName,CourseDescription) VALUES (176,16,1,'Tachyglossus aculeatus','quis augue luctus tincidunt nulla mollis molestie lorem quisque ut erat curabitur gravida nisi at nibh in hac habitasse platea dictumst aliquam augue quam sollicitudin vitae consectetuer eget rutrum at lorem integer tincidunt ante vel ipsum praesent blandit lacinia erat vestibulum sed magna at nunc commodo placerat praesent blandit nam nulla integer pede justo lacinia eget tincidunt eget tempus vel pede morbi porttitor lorem id ligula suspendisse');
INSERT INTO Courses(CourseID,DeptCode,Credits,CourseName,CourseDescription) VALUES (177,44,9,'Falco mexicanus','vestibulum ante ipsum primis in faucibus orci luctus et ultrices posuere cubilia curae mauris viverra diam vitae quam suspendisse potenti nullam porttitor lacus at turpis donec posuere metus vitae ipsum aliquam non mauris morbi non lectus aliquam sit amet diam in magna bibendum imperdiet nullam orci pede venenatis non sodales sed tincidunt eu felis fusce posuere felis sed lacus morbi sem mauris');
INSERT INTO Courses(CourseID,DeptCode,Credits,CourseName,CourseDescription) VALUES (178,81,7,'Colaptes campestroides','nisl duis ac nibh fusce lacus purus aliquet at feugiat non pretium quis lectus suspendisse potenti in eleifend quam a odio in hac habitasse platea dictumst maecenas ut massa quis augue luctus tincidunt nulla mollis molestie lorem quisque ut erat curabitur gravida nisi at nibh in hac habitasse platea dictumst aliquam augue quam sollicitudin vitae consectetuer eget rutrum at lorem integer tincidunt ante vel ipsum praesent blandit lacinia erat vestibulum sed magna at nunc commodo placerat praesent');
INSERT INTO Courses(CourseID,DeptCode,Credits,CourseName,CourseDescription) VALUES (179,39,10,'Podargus strigoides','tempus semper est quam pharetra magna ac consequat metus sapien ut nunc vestibulum ante ipsum primis in faucibus orci luctus et ultrices posuere cubilia curae mauris viverra diam vitae quam suspendisse potenti nullam porttitor lacus at turpis donec posuere metus vitae ipsum aliquam non mauris morbi non lectus aliquam sit amet');
INSERT INTO Courses(CourseID,DeptCode,Credits,CourseName,CourseDescription) VALUES (180,60,8,'Drymarchon corias couperi','nulla suscipit ligula in lacus curabitur at ipsum ac tellus semper interdum mauris ullamcorper purus sit amet nulla quisque arcu libero rutrum ac lobortis vel');
INSERT INTO Courses(CourseID,DeptCode,Credits,CourseName,CourseDescription) VALUES (181,14,2,'Alcelaphus buselaphus caama','tempus vel pede morbi porttitor lorem id ligula suspendisse ornare consequat lectus in est risus auctor sed tristique in tempus sit amet sem fusce consequat nulla nisl nunc nisl duis bibendum felis sed interdum venenatis turpis enim blandit mi in porttitor');
INSERT INTO Courses(CourseID,DeptCode,Credits,CourseName,CourseDescription) VALUES (182,56,8,'Anastomus oscitans','est donec odio justo sollicitudin ut suscipit a feugiat et eros vestibulum ac est lacinia nisi venenatis tristique fusce congue diam id ornare imperdiet sapien urna pretium nisl ut volutpat sapien');
INSERT INTO Courses(CourseID,DeptCode,Credits,CourseName,CourseDescription) VALUES (183,31,2,'Laniaurius atrococcineus','integer non velit donec diam neque vestibulum eget vulputate ut ultrices vel augue vestibulum ante ipsum primis in faucibus orci luctus et ultrices posuere cubilia');
INSERT INTO Courses(CourseID,DeptCode,Credits,CourseName,CourseDescription) VALUES (184,72,4,'Dendrocygna viduata','phasellus id sapien in sapien iaculis congue vivamus metus arcu adipiscing molestie hendrerit at vulputate vitae nisl aenean lectus pellentesque eget nunc donec quis orci eget orci vehicula condimentum curabitur in libero ut massa volutpat convallis morbi odio odio elementum eu interdum eu tincidunt in leo maecenas pulvinar lobortis est phasellus sit amet erat nulla tempus vivamus in felis eu sapien cursus vestibulum proin eu mi nulla ac enim in tempor turpis nec euismod scelerisque quam turpis adipiscing lorem vitae mattis nibh ligula nec sem duis aliquam convallis nunc proin at turpis a pede posuere nonummy');
INSERT INTO Courses(CourseID,DeptCode,Credits,CourseName,CourseDescription) VALUES (185,24,9,'Alopex lagopus','rutrum rutrum neque aenean auctor gravida sem praesent id massa id nisl venenatis lacinia aenean sit amet justo morbi ut odio cras mi pede malesuada in imperdiet et commodo vulputate justo');
INSERT INTO Courses(CourseID,DeptCode,Credits,CourseName,CourseDescription) VALUES (186,42,6,'Terathopius ecaudatus','etiam vel augue vestibulum rutrum rutrum neque aenean auctor gravida sem praesent id massa id nisl venenatis lacinia aenean sit amet justo morbi ut odio cras mi pede malesuada in imperdiet et commodo vulputate justo in blandit ultrices enim lorem ipsum dolor sit amet consectetuer adipiscing elit proin interdum mauris non ligula pellentesque ultrices phasellus id sapien in sapien iaculis congue vivamus metus arcu adipiscing molestie hendrerit at vulputate vitae nisl aenean lectus pellentesque eget nunc donec quis orci eget orci vehicula condimentum curabitur in libero ut massa');
INSERT INTO Courses(CourseID,DeptCode,Credits,CourseName,CourseDescription) VALUES (187,79,5,'Tockus erythrorhyncus','ut suscipit a feugiat et eros vestibulum ac est lacinia nisi venenatis tristique fusce congue diam id ornare imperdiet sapien urna pretium nisl ut volutpat');
INSERT INTO Courses(CourseID,DeptCode,Credits,CourseName,CourseDescription) VALUES (188,40,5,'Hystrix cristata','sapien a libero nam dui proin leo odio porttitor id consequat in consequat ut nulla sed accumsan felis ut at dolor quis odio consequat varius integer ac leo pellentesque ultrices mattis odio donec vitae nisi nam ultrices libero non mattis pulvinar nulla pede ullamcorper augue a suscipit nulla elit ac nulla sed vel enim sit amet nunc viverra dapibus nulla suscipit ligula in lacus curabitur at ipsum');
INSERT INTO Courses(CourseID,DeptCode,Credits,CourseName,CourseDescription) VALUES (189,61,4,'Hyaena brunnea','interdum eu tincidunt in leo maecenas pulvinar lobortis est phasellus sit amet erat nulla tempus vivamus in felis eu sapien cursus vestibulum proin eu mi nulla ac enim in tempor turpis nec euismod scelerisque quam turpis adipiscing lorem vitae mattis nibh ligula nec sem duis aliquam convallis nunc proin at turpis a pede posuere nonummy integer non velit donec diam neque vestibulum eget vulputate ut ultrices');
INSERT INTO Courses(CourseID,DeptCode,Credits,CourseName,CourseDescription) VALUES (190,6,7,'Dendrocitta vagabunda','vel nisl duis ac nibh fusce lacus purus aliquet at feugiat non pretium quis lectus suspendisse potenti in eleifend quam a odio in hac habitasse platea dictumst maecenas ut massa quis augue luctus tincidunt nulla mollis molestie lorem quisque ut erat curabitur gravida nisi at nibh');
INSERT INTO Courses(CourseID,DeptCode,Credits,CourseName,CourseDescription) VALUES (191,50,2,'Ovibos moschatus','turpis integer aliquet massa id lobortis convallis tortor risus dapibus augue vel accumsan tellus nisi eu orci mauris lacinia sapien quis libero nullam sit amet turpis elementum ligula vehicula consequat morbi a ipsum integer a nibh in quis justo maecenas rhoncus aliquam lacus morbi quis tortor id nulla ultrices aliquet maecenas leo odio condimentum id luctus nec molestie sed justo pellentesque viverra pede ac diam cras pellentesque');
INSERT INTO Courses(CourseID,DeptCode,Credits,CourseName,CourseDescription) VALUES (192,36,4,'Laniaurius atrococcineus','ac nibh fusce lacus purus aliquet at feugiat non pretium quis lectus suspendisse potenti in eleifend quam a odio in hac habitasse platea dictumst maecenas ut massa quis augue luctus tincidunt nulla mollis molestie lorem quisque ut erat curabitur gravida nisi at nibh in');
INSERT INTO Courses(CourseID,DeptCode,Credits,CourseName,CourseDescription) VALUES (193,9,6,'Francolinus coqui','cubilia curae nulla dapibus dolor vel est donec odio justo sollicitudin ut suscipit a feugiat et eros vestibulum ac est lacinia nisi venenatis tristique fusce congue diam id ornare imperdiet sapien urna pretium nisl ut volutpat sapien arcu sed augue aliquam erat volutpat in congue etiam justo etiam pretium iaculis justo in hac habitasse platea dictumst');
INSERT INTO Courses(CourseID,DeptCode,Credits,CourseName,CourseDescription) VALUES (194,99,8,'Ramphastos tucanus','lectus vestibulum quam sapien varius ut blandit non interdum in ante vestibulum ante ipsum primis in faucibus orci luctus et ultrices posuere cubilia curae duis faucibus accumsan odio curabitur convallis duis consequat dui nec nisi volutpat eleifend donec ut dolor morbi vel lectus in quam fringilla rhoncus mauris enim leo rhoncus sed vestibulum sit amet cursus id turpis integer aliquet massa id lobortis convallis tortor risus dapibus augue vel accumsan tellus nisi eu orci mauris lacinia sapien quis libero nullam sit amet turpis elementum ligula');
INSERT INTO Courses(CourseID,DeptCode,Credits,CourseName,CourseDescription) VALUES (195,54,8,'Sagittarius serpentarius','nec molestie sed justo pellentesque viverra pede ac diam cras pellentesque volutpat dui maecenas tristique est et tempus semper est quam pharetra magna ac consequat metus sapien ut nunc vestibulum ante ipsum primis in faucibus orci luctus et ultrices posuere');
INSERT INTO Courses(CourseID,DeptCode,Credits,CourseName,CourseDescription) VALUES (196,47,10,'Odocoileus hemionus','cubilia curae mauris viverra diam vitae quam suspendisse potenti nullam porttitor lacus at turpis donec posuere metus vitae ipsum aliquam non mauris morbi non lectus aliquam sit amet diam in magna bibendum imperdiet');
INSERT INTO Courses(CourseID,DeptCode,Credits,CourseName,CourseDescription) VALUES (197,84,2,'Larus dominicanus','curabitur gravida nisi at nibh in hac habitasse platea dictumst aliquam augue quam sollicitudin vitae consectetuer eget rutrum at lorem integer tincidunt ante vel ipsum praesent blandit lacinia erat vestibulum sed magna at nunc commodo placerat praesent blandit nam nulla integer pede justo lacinia eget tincidunt eget tempus vel pede morbi porttitor lorem id ligula suspendisse ornare consequat lectus in est risus auctor sed tristique in');
INSERT INTO Courses(CourseID,DeptCode,Credits,CourseName,CourseDescription) VALUES (198,62,10,'Cygnus atratus','aliquet at feugiat non pretium quis lectus suspendisse potenti in eleifend quam a odio in hac habitasse platea dictumst maecenas ut massa quis augue luctus tincidunt nulla mollis molestie lorem quisque ut erat curabitur gravida nisi at nibh in hac habitasse platea dictumst aliquam augue quam sollicitudin vitae consectetuer eget rutrum at lorem integer tincidunt ante vel ipsum praesent blandit lacinia erat vestibulum sed magna at nunc commodo placerat praesent blandit nam nulla integer pede justo lacinia eget tincidunt eget');
INSERT INTO Courses(CourseID,DeptCode,Credits,CourseName,CourseDescription) VALUES (199,6,5,'Actophilornis africanus','in lectus pellentesque at nulla suspendisse potenti cras in purus eu magna vulputate luctus cum sociis natoque penatibus et magnis dis parturient montes nascetur ridiculus mus vivamus vestibulum sagittis');
INSERT INTO Courses(CourseID,DeptCode,Credits,CourseName,CourseDescription) VALUES (200,92,9,'Myiarchus tuberculifer','ante ipsum primis in faucibus orci luctus et ultrices posuere cubilia curae nulla dapibus dolor vel est donec odio justo sollicitudin ut suscipit a feugiat et eros vestibulum ac est lacinia nisi venenatis tristique fusce congue diam id ornare imperdiet sapien urna pretium nisl ut volutpat sapien arcu sed augue aliquam erat volutpat in congue etiam justo etiam pretium iaculis justo in hac habitasse platea dictumst etiam faucibus cursus urna ut');
INSERT INTO Courses(CourseID,DeptCode,Credits,CourseName,CourseDescription) VALUES (201,69,7,'Equus hemionus','neque vestibulum eget vulputate ut ultrices vel augue vestibulum ante ipsum primis in faucibus orci luctus et ultrices posuere cubilia curae donec pharetra magna vestibulum aliquet ultrices erat tortor sollicitudin mi sit amet lobortis sapien sapien non mi integer ac neque duis bibendum morbi non quam nec dui luctus rutrum nulla tellus in sagittis dui vel');
INSERT INTO Courses(CourseID,DeptCode,Credits,CourseName,CourseDescription) VALUES (202,94,9,'Corvus brachyrhynchos','luctus et ultrices posuere cubilia curae nulla dapibus dolor vel est donec odio justo sollicitudin ut suscipit a feugiat et eros vestibulum ac est lacinia nisi venenatis tristique fusce congue diam id ornare imperdiet sapien urna pretium nisl ut volutpat sapien arcu sed augue aliquam erat volutpat in congue etiam justo etiam pretium iaculis justo in hac habitasse platea dictumst');
INSERT INTO Courses(CourseID,DeptCode,Credits,CourseName,CourseDescription) VALUES (203,32,3,'Tauraco porphyrelophus','gravida nisi at nibh in hac habitasse platea dictumst aliquam augue quam sollicitudin vitae consectetuer eget rutrum at lorem integer tincidunt ante vel ipsum praesent blandit lacinia erat vestibulum sed magna at nunc commodo placerat praesent blandit nam nulla integer pede justo lacinia eget tincidunt eget tempus vel pede morbi porttitor lorem id ligula suspendisse ornare consequat lectus in est risus auctor');
INSERT INTO Courses(CourseID,DeptCode,Credits,CourseName,CourseDescription) VALUES (204,2,6,'Grus rubicundus','sem praesent id massa id nisl venenatis lacinia aenean sit amet justo morbi ut odio cras mi pede malesuada in imperdiet et commodo vulputate justo in blandit ultrices enim lorem ipsum dolor sit');
INSERT INTO Courses(CourseID,DeptCode,Credits,CourseName,CourseDescription) VALUES (205,16,1,'Phoenicopterus ruber','ligula suspendisse ornare consequat lectus in est risus auctor sed tristique in tempus sit amet sem fusce consequat nulla nisl nunc nisl duis bibendum felis sed interdum venenatis turpis enim blandit mi in porttitor pede justo eu massa donec dapibus duis at');
INSERT INTO Courses(CourseID,DeptCode,Credits,CourseName,CourseDescription) VALUES (206,82,9,'Lama guanicoe','nulla suspendisse potenti cras in purus eu magna vulputate luctus cum sociis natoque penatibus et magnis dis parturient montes nascetur ridiculus mus vivamus vestibulum sagittis sapien cum sociis natoque penatibus et magnis dis parturient montes nascetur ridiculus mus etiam vel augue vestibulum rutrum rutrum neque aenean');
INSERT INTO Courses(CourseID,DeptCode,Credits,CourseName,CourseDescription) VALUES (207,35,7,'unavailable','massa id lobortis convallis tortor risus dapibus augue vel accumsan tellus nisi eu orci mauris lacinia sapien quis libero nullam sit amet turpis elementum ligula vehicula consequat morbi a ipsum integer a nibh in quis justo maecenas rhoncus aliquam lacus morbi quis');
INSERT INTO Courses(CourseID,DeptCode,Credits,CourseName,CourseDescription) VALUES (208,72,4,'Climacteris melanura','in est risus auctor sed tristique in tempus sit amet sem fusce consequat nulla nisl nunc nisl duis bibendum felis sed interdum venenatis turpis enim blandit mi in porttitor pede justo eu massa donec dapibus duis at velit eu est congue elementum in hac habitasse platea dictumst morbi vestibulum velit id pretium iaculis diam erat fermentum justo nec condimentum neque sapien placerat ante nulla justo aliquam quis turpis');
INSERT INTO Courses(CourseID,DeptCode,Credits,CourseName,CourseDescription) VALUES (209,48,6,'Paroaria gularis','erat id mauris vulputate elementum nullam varius nulla facilisi cras non velit nec nisi vulputate nonummy maecenas tincidunt lacus at velit vivamus vel nulla eget eros elementum pellentesque quisque porta volutpat erat quisque erat eros viverra eget congue eget semper rutrum nulla nunc purus phasellus in felis donec semper sapien a libero nam dui proin leo odio porttitor id consequat in consequat ut nulla sed accumsan felis ut at dolor quis odio consequat varius integer ac leo pellentesque ultrices mattis odio donec');
INSERT INTO Courses(CourseID,DeptCode,Credits,CourseName,CourseDescription) VALUES (210,55,4,'Tapirus terrestris','odio curabitur convallis duis consequat dui nec nisi volutpat eleifend donec ut dolor morbi vel lectus in quam fringilla rhoncus mauris enim leo rhoncus sed vestibulum sit amet cursus id');
INSERT INTO Courses(CourseID,DeptCode,Credits,CourseName,CourseDescription) VALUES (211,17,9,'unavailable','sit amet consectetuer adipiscing elit proin risus praesent lectus vestibulum quam sapien varius ut blandit non interdum in ante vestibulum ante ipsum primis in faucibus orci luctus et ultrices posuere cubilia curae duis faucibus accumsan odio curabitur convallis duis consequat dui nec nisi volutpat eleifend donec ut dolor morbi vel lectus in quam fringilla rhoncus mauris enim leo rhoncus sed vestibulum');
INSERT INTO Courses(CourseID,DeptCode,Credits,CourseName,CourseDescription) VALUES (212,75,2,'Merops bullockoides','rutrum rutrum neque aenean auctor gravida sem praesent id massa id nisl venenatis lacinia aenean sit amet justo morbi ut odio cras mi pede malesuada in imperdiet et commodo vulputate justo in blandit ultrices enim lorem ipsum dolor sit amet consectetuer adipiscing elit proin interdum mauris non ligula pellentesque ultrices phasellus id sapien in sapien iaculis congue vivamus metus arcu adipiscing molestie hendrerit at vulputate vitae nisl aenean lectus pellentesque eget nunc donec quis orci eget orci vehicula condimentum curabitur in libero ut massa volutpat convallis');
INSERT INTO Courses(CourseID,DeptCode,Credits,CourseName,CourseDescription) VALUES (213,7,3,'Spheniscus mendiculus','imperdiet et commodo vulputate justo in blandit ultrices enim lorem ipsum dolor sit amet consectetuer adipiscing elit proin interdum mauris non ligula pellentesque ultrices phasellus id sapien in sapien iaculis congue vivamus metus arcu adipiscing molestie hendrerit');
INSERT INTO Courses(CourseID,DeptCode,Credits,CourseName,CourseDescription) VALUES (214,91,8,'Hystrix cristata','nibh ligula nec sem duis aliquam convallis nunc proin at turpis a pede posuere nonummy integer non velit donec diam neque vestibulum eget vulputate ut ultrices vel augue vestibulum ante ipsum primis in faucibus orci luctus et ultrices posuere cubilia curae donec pharetra magna vestibulum aliquet ultrices erat tortor sollicitudin mi sit amet lobortis');
INSERT INTO Courses(CourseID,DeptCode,Credits,CourseName,CourseDescription) VALUES (215,61,2,'Junonia genoveua','viverra pede ac diam cras pellentesque volutpat dui maecenas tristique est et tempus semper est quam pharetra magna ac consequat metus sapien ut nunc vestibulum ante ipsum primis in faucibus orci luctus et ultrices posuere cubilia curae mauris viverra diam vitae quam suspendisse potenti nullam porttitor lacus at turpis donec posuere metus vitae ipsum aliquam non mauris morbi non lectus aliquam sit amet diam in magna bibendum imperdiet nullam orci pede venenatis non sodales sed tincidunt');
INSERT INTO Courses(CourseID,DeptCode,Credits,CourseName,CourseDescription) VALUES (216,98,5,'Ictonyx striatus','odio condimentum id luctus nec molestie sed justo pellentesque viverra pede ac diam cras pellentesque volutpat dui maecenas tristique est et tempus semper est quam pharetra magna ac consequat metus sapien ut nunc vestibulum ante ipsum primis in faucibus orci luctus et ultrices posuere cubilia curae mauris viverra diam vitae quam suspendisse potenti nullam porttitor lacus at turpis donec posuere metus vitae ipsum aliquam non mauris morbi non lectus aliquam sit amet diam in magna bibendum imperdiet nullam orci pede venenatis non sodales');
INSERT INTO Courses(CourseID,DeptCode,Credits,CourseName,CourseDescription) VALUES (217,51,2,'Terathopius ecaudatus','sed augue aliquam erat volutpat in congue etiam justo etiam pretium iaculis justo in hac habitasse platea dictumst etiam faucibus cursus urna ut tellus nulla ut erat id mauris vulputate elementum nullam varius nulla facilisi cras non velit nec nisi vulputate nonummy maecenas tincidunt lacus at velit vivamus vel nulla eget eros elementum pellentesque quisque porta volutpat erat quisque erat eros viverra eget congue eget semper rutrum nulla nunc');
INSERT INTO Courses(CourseID,DeptCode,Credits,CourseName,CourseDescription) VALUES (218,85,6,'Trichosurus vulpecula','viverra dapibus nulla suscipit ligula in lacus curabitur at ipsum ac tellus semper interdum mauris ullamcorper purus sit amet nulla quisque arcu libero rutrum ac lobortis vel dapibus at');
INSERT INTO Courses(CourseID,DeptCode,Credits,CourseName,CourseDescription) VALUES (219,53,8,'Streptopelia decipiens','rutrum rutrum neque aenean auctor gravida sem praesent id massa id nisl venenatis lacinia aenean sit amet justo morbi ut odio cras mi pede malesuada in imperdiet et commodo vulputate justo in blandit ultrices enim lorem');
INSERT INTO Courses(CourseID,DeptCode,Credits,CourseName,CourseDescription) VALUES (220,10,9,'Estrilda erythronotos','vitae mattis nibh ligula nec sem duis aliquam convallis nunc proin at turpis a pede posuere nonummy integer non velit donec diam neque vestibulum eget vulputate ut ultrices vel augue vestibulum ante ipsum primis in faucibus orci luctus et ultrices posuere cubilia curae donec pharetra magna vestibulum aliquet ultrices erat tortor sollicitudin mi sit amet lobortis sapien sapien non mi integer ac neque duis bibendum');
INSERT INTO Courses(CourseID,DeptCode,Credits,CourseName,CourseDescription) VALUES (221,14,9,'Tachybaptus ruficollis','primis in faucibus orci luctus et ultrices posuere cubilia curae donec pharetra magna vestibulum aliquet ultrices erat tortor sollicitudin mi sit amet lobortis sapien sapien non mi integer ac neque duis bibendum morbi non quam nec dui luctus rutrum nulla tellus in sagittis dui vel nisl duis ac');
INSERT INTO Courses(CourseID,DeptCode,Credits,CourseName,CourseDescription) VALUES (222,64,6,'Tragelaphus strepsiceros','ligula nec sem duis aliquam convallis nunc proin at turpis a pede posuere nonummy integer non velit donec diam neque vestibulum eget vulputate ut ultrices vel augue vestibulum ante');
INSERT INTO Courses(CourseID,DeptCode,Credits,CourseName,CourseDescription) VALUES (223,30,1,'Anitibyx armatus','ridiculus mus vivamus vestibulum sagittis sapien cum sociis natoque penatibus et magnis dis parturient montes nascetur ridiculus mus etiam vel augue vestibulum rutrum rutrum neque aenean auctor gravida sem praesent id massa id nisl venenatis lacinia aenean sit amet justo morbi ut odio cras mi pede malesuada in imperdiet et commodo vulputate justo in blandit ultrices enim lorem ipsum dolor sit amet consectetuer adipiscing elit proin interdum');
INSERT INTO Courses(CourseID,DeptCode,Credits,CourseName,CourseDescription) VALUES (224,43,2,'Gymnorhina tibicen','velit nec nisi vulputate nonummy maecenas tincidunt lacus at velit vivamus vel nulla eget eros elementum pellentesque quisque porta volutpat erat quisque erat eros viverra eget congue eget semper rutrum nulla nunc purus phasellus in felis donec semper sapien a libero nam dui proin leo odio porttitor id consequat in consequat ut nulla sed accumsan felis ut at dolor quis odio consequat');
INSERT INTO Courses(CourseID,DeptCode,Credits,CourseName,CourseDescription) VALUES (225,5,2,'Pelecanus conspicillatus','sit amet consectetuer adipiscing elit proin interdum mauris non ligula pellentesque ultrices phasellus id sapien in sapien iaculis congue vivamus metus arcu adipiscing molestie hendrerit at vulputate vitae nisl aenean lectus pellentesque eget nunc donec quis orci eget orci vehicula condimentum curabitur in libero ut massa volutpat convallis morbi odio odio elementum eu interdum eu tincidunt');
INSERT INTO Courses(CourseID,DeptCode,Credits,CourseName,CourseDescription) VALUES (226,61,9,'Psophia viridis','sit amet eros suspendisse accumsan tortor quis turpis sed ante vivamus tortor duis mattis egestas metus aenean fermentum donec ut mauris eget massa tempor convallis nulla neque libero convallis eget eleifend luctus ultricies eu nibh quisque id justo sit amet sapien dignissim vestibulum vestibulum ante ipsum primis in faucibus orci luctus et ultrices posuere cubilia curae nulla dapibus dolor vel est donec odio justo sollicitudin ut suscipit a feugiat et eros vestibulum ac est');
INSERT INTO Courses(CourseID,DeptCode,Credits,CourseName,CourseDescription) VALUES (227,82,5,'Gazella granti','pede libero quis orci nullam molestie nibh in lectus pellentesque at nulla suspendisse potenti cras in purus eu magna vulputate luctus cum sociis natoque penatibus et magnis dis parturient montes nascetur ridiculus mus vivamus vestibulum sagittis sapien cum sociis natoque penatibus et magnis dis parturient montes nascetur ridiculus mus etiam vel augue vestibulum rutrum rutrum neque aenean auctor gravida sem praesent id massa id nisl venenatis lacinia aenean sit amet justo morbi ut odio cras mi pede malesuada in imperdiet et commodo vulputate justo in blandit');
INSERT INTO Courses(CourseID,DeptCode,Credits,CourseName,CourseDescription) VALUES (228,41,8,'Climacteris melanura','eget nunc donec quis orci eget orci vehicula condimentum curabitur in libero ut massa volutpat convallis morbi odio odio elementum eu interdum eu tincidunt in leo maecenas pulvinar lobortis est phasellus sit amet erat nulla tempus vivamus in felis eu sapien cursus vestibulum proin eu mi nulla ac enim in tempor turpis nec euismod scelerisque quam turpis adipiscing lorem vitae mattis nibh ligula');
INSERT INTO Courses(CourseID,DeptCode,Credits,CourseName,CourseDescription) VALUES (229,70,9,'Phalacrocorax varius','mattis egestas metus aenean fermentum donec ut mauris eget massa tempor convallis nulla neque libero convallis eget eleifend luctus ultricies eu nibh quisque id justo sit amet sapien dignissim vestibulum vestibulum ante ipsum primis in faucibus orci luctus et ultrices posuere cubilia curae nulla dapibus dolor vel est donec odio justo sollicitudin ut suscipit a feugiat et eros vestibulum ac est lacinia nisi venenatis tristique fusce congue diam id ornare imperdiet sapien urna pretium nisl ut volutpat sapien arcu sed');
INSERT INTO Courses(CourseID,DeptCode,Credits,CourseName,CourseDescription) VALUES (230,54,5,'Graspus graspus','suspendisse accumsan tortor quis turpis sed ante vivamus tortor duis mattis egestas metus aenean fermentum donec ut mauris eget massa tempor convallis nulla neque libero convallis eget eleifend luctus ultricies eu nibh quisque id justo sit amet sapien dignissim vestibulum vestibulum ante ipsum primis in faucibus orci luctus et ultrices posuere cubilia curae nulla dapibus dolor vel est donec odio justo sollicitudin ut suscipit a feugiat et eros vestibulum ac');
INSERT INTO Courses(CourseID,DeptCode,Credits,CourseName,CourseDescription) VALUES (231,65,4,'Acridotheres tristis','dis parturient montes nascetur ridiculus mus etiam vel augue vestibulum rutrum rutrum neque aenean auctor gravida sem praesent id massa id nisl venenatis lacinia aenean sit amet justo morbi ut odio cras mi pede malesuada in imperdiet et commodo vulputate justo in blandit ultrices enim lorem ipsum dolor sit amet consectetuer adipiscing elit proin interdum mauris non ligula pellentesque ultrices phasellus id sapien in sapien iaculis congue vivamus metus arcu adipiscing molestie hendrerit at vulputate vitae nisl aenean lectus pellentesque eget nunc donec quis orci eget orci vehicula condimentum curabitur in libero ut massa volutpat convallis morbi');
INSERT INTO Courses(CourseID,DeptCode,Credits,CourseName,CourseDescription) VALUES (232,44,4,'Gyps bengalensis','duis consequat dui nec nisi volutpat eleifend donec ut dolor morbi vel lectus in quam fringilla rhoncus mauris enim leo rhoncus sed vestibulum sit amet cursus id turpis integer aliquet massa id lobortis convallis tortor risus dapibus augue vel accumsan tellus nisi eu orci mauris lacinia sapien quis libero nullam sit amet turpis elementum ligula vehicula');
INSERT INTO Courses(CourseID,DeptCode,Credits,CourseName,CourseDescription) VALUES (233,72,6,'Limosa haemastica','vitae nisl aenean lectus pellentesque eget nunc donec quis orci eget orci vehicula condimentum curabitur in libero ut massa volutpat convallis morbi odio odio elementum eu interdum eu tincidunt in leo maecenas pulvinar lobortis est phasellus sit amet erat nulla tempus vivamus in felis eu sapien cursus vestibulum proin eu mi');
INSERT INTO Courses(CourseID,DeptCode,Credits,CourseName,CourseDescription) VALUES (234,81,9,'Libellula quadrimaculata','ridiculus mus etiam vel augue vestibulum rutrum rutrum neque aenean auctor gravida sem praesent id massa id nisl venenatis lacinia aenean sit amet justo morbi ut odio cras mi pede malesuada in imperdiet et commodo vulputate justo in blandit ultrices enim lorem ipsum dolor sit amet consectetuer adipiscing elit proin interdum mauris non ligula pellentesque ultrices phasellus id sapien in');
INSERT INTO Courses(CourseID,DeptCode,Credits,CourseName,CourseDescription) VALUES (235,10,6,'Uraeginthus granatina','volutpat erat quisque erat eros viverra eget congue eget semper rutrum nulla nunc purus phasellus in felis donec semper sapien a libero nam dui proin leo odio porttitor id consequat in consequat ut nulla sed accumsan felis ut at dolor quis odio consequat varius integer ac leo pellentesque ultrices mattis odio donec vitae nisi nam ultrices libero non mattis pulvinar nulla pede ullamcorper augue a suscipit nulla elit ac');
INSERT INTO Courses(CourseID,DeptCode,Credits,CourseName,CourseDescription) VALUES (236,29,5,'Grus antigone','ut massa quis augue luctus tincidunt nulla mollis molestie lorem quisque ut erat curabitur gravida nisi at nibh in hac habitasse platea dictumst aliquam augue quam sollicitudin vitae consectetuer eget rutrum at lorem integer tincidunt ante vel ipsum praesent blandit');
INSERT INTO Courses(CourseID,DeptCode,Credits,CourseName,CourseDescription) VALUES (237,66,1,'Diomedea irrorata','adipiscing elit proin interdum mauris non ligula pellentesque ultrices phasellus id sapien in sapien iaculis congue vivamus metus arcu adipiscing molestie hendrerit at vulputate vitae nisl aenean lectus pellentesque eget nunc donec quis orci eget orci vehicula condimentum curabitur in libero ut massa volutpat convallis morbi odio odio elementum eu interdum eu tincidunt in leo maecenas pulvinar lobortis est phasellus sit amet erat nulla tempus vivamus in felis eu sapien cursus vestibulum proin eu mi nulla ac enim in');
INSERT INTO Courses(CourseID,DeptCode,Credits,CourseName,CourseDescription) VALUES (238,39,5,'Podargus strigoides','curae nulla dapibus dolor vel est donec odio justo sollicitudin ut suscipit a feugiat et eros vestibulum ac est lacinia nisi venenatis tristique fusce congue diam id ornare imperdiet sapien urna pretium nisl ut volutpat');
INSERT INTO Courses(CourseID,DeptCode,Credits,CourseName,CourseDescription) VALUES (239,23,4,'Phalacrocorax brasilianus','maecenas pulvinar lobortis est phasellus sit amet erat nulla tempus vivamus in felis eu sapien cursus vestibulum proin eu mi nulla ac enim in tempor turpis nec euismod scelerisque quam turpis adipiscing lorem vitae mattis nibh ligula nec sem duis aliquam convallis nunc proin');
INSERT INTO Courses(CourseID,DeptCode,Credits,CourseName,CourseDescription) VALUES (240,68,2,'Ratufa indica','maecenas ut massa quis augue luctus tincidunt nulla mollis molestie lorem quisque ut erat curabitur gravida nisi at nibh in hac habitasse platea dictumst aliquam augue quam sollicitudin vitae consectetuer eget rutrum at lorem integer tincidunt ante vel ipsum praesent blandit lacinia erat vestibulum sed magna at nunc commodo placerat praesent blandit nam nulla integer pede justo lacinia eget tincidunt eget tempus vel pede morbi porttitor lorem id ligula suspendisse ornare consequat lectus in est risus auctor sed tristique in');
INSERT INTO Courses(CourseID,DeptCode,Credits,CourseName,CourseDescription) VALUES (241,75,8,'Fulica cristata','est congue elementum in hac habitasse platea dictumst morbi vestibulum velit id pretium iaculis diam erat fermentum justo nec condimentum neque sapien placerat ante nulla justo aliquam quis turpis eget elit sodales scelerisque mauris sit amet eros suspendisse accumsan tortor quis turpis sed ante vivamus tortor duis mattis egestas metus aenean fermentum donec ut mauris eget massa tempor convallis nulla neque libero convallis eget');
INSERT INTO Courses(CourseID,DeptCode,Credits,CourseName,CourseDescription) VALUES (242,6,8,'Cygnus atratus','viverra diam vitae quam suspendisse potenti nullam porttitor lacus at turpis donec posuere metus vitae ipsum aliquam non mauris morbi non lectus aliquam sit amet diam in magna bibendum imperdiet nullam orci pede venenatis non sodales sed tincidunt eu felis fusce posuere felis sed lacus morbi sem mauris laoreet ut rhoncus aliquet pulvinar sed nisl nunc rhoncus dui vel sem sed sagittis nam congue risus semper porta volutpat quam pede lobortis ligula sit amet eleifend pede libero quis orci nullam molestie nibh in lectus pellentesque at nulla suspendisse potenti cras in');
INSERT INTO Courses(CourseID,DeptCode,Credits,CourseName,CourseDescription) VALUES (243,13,1,'Phoenicopterus ruber','quisque erat eros viverra eget congue eget semper rutrum nulla nunc purus phasellus in felis donec semper sapien a libero nam dui proin leo odio porttitor id consequat in consequat ut');
INSERT INTO Courses(CourseID,DeptCode,Credits,CourseName,CourseDescription) VALUES (244,60,3,'Diceros bicornis','vestibulum ante ipsum primis in faucibus orci luctus et ultrices posuere cubilia curae mauris viverra diam vitae quam suspendisse potenti nullam porttitor lacus at turpis donec posuere metus vitae ipsum aliquam non mauris morbi non lectus aliquam sit amet');
INSERT INTO Courses(CourseID,DeptCode,Credits,CourseName,CourseDescription) VALUES (245,73,6,'Aonyx capensis','est risus auctor sed tristique in tempus sit amet sem fusce consequat nulla nisl nunc nisl duis bibendum felis sed interdum venenatis turpis enim blandit mi in porttitor pede justo eu massa');
INSERT INTO Courses(CourseID,DeptCode,Credits,CourseName,CourseDescription) VALUES (246,80,4,'Tadorna tadorna','faucibus orci luctus et ultrices posuere cubilia curae mauris viverra diam vitae quam suspendisse potenti nullam porttitor lacus at turpis donec posuere metus vitae ipsum aliquam non mauris morbi non lectus aliquam sit amet diam in magna bibendum imperdiet nullam orci pede venenatis non sodales sed tincidunt eu felis fusce posuere felis sed lacus morbi sem mauris laoreet ut rhoncus aliquet pulvinar sed nisl nunc rhoncus dui vel sem sed sagittis nam congue risus semper porta volutpat');
INSERT INTO Courses(CourseID,DeptCode,Credits,CourseName,CourseDescription) VALUES (247,27,3,'Castor canadensis','ut erat curabitur gravida nisi at nibh in hac habitasse platea dictumst aliquam augue quam sollicitudin vitae consectetuer eget rutrum at lorem integer tincidunt ante vel ipsum praesent blandit lacinia erat vestibulum sed magna at nunc commodo placerat praesent blandit nam nulla integer pede justo lacinia eget tincidunt eget tempus vel pede morbi porttitor lorem id ligula suspendisse ornare consequat lectus in est risus auctor sed');
INSERT INTO Courses(CourseID,DeptCode,Credits,CourseName,CourseDescription) VALUES (248,20,6,'Bettongia penicillata','aliquet pulvinar sed nisl nunc rhoncus dui vel sem sed sagittis nam congue risus semper porta volutpat quam pede lobortis ligula sit amet eleifend pede libero quis orci nullam molestie nibh in lectus pellentesque at');
INSERT INTO Courses(CourseID,DeptCode,Credits,CourseName,CourseDescription) VALUES (249,76,9,'Mephitis mephitis','ultrices enim lorem ipsum dolor sit amet consectetuer adipiscing elit proin interdum mauris non ligula pellentesque ultrices phasellus id sapien in sapien iaculis congue vivamus metus arcu adipiscing molestie hendrerit at vulputate vitae nisl aenean lectus pellentesque eget nunc donec quis orci eget orci vehicula condimentum curabitur in libero ut massa volutpat convallis morbi odio odio elementum eu interdum eu tincidunt in leo maecenas pulvinar lobortis est phasellus sit amet erat nulla tempus vivamus in felis eu sapien');
INSERT INTO Courses(CourseID,DeptCode,Credits,CourseName,CourseDescription) VALUES (250,62,9,'Iguana iguana','justo aliquam quis turpis eget elit sodales scelerisque mauris sit amet eros suspendisse accumsan tortor quis turpis sed ante vivamus tortor duis mattis egestas metus aenean fermentum donec ut mauris eget massa tempor convallis nulla neque libero convallis eget eleifend luctus ultricies eu nibh quisque id justo sit amet sapien dignissim vestibulum vestibulum ante ipsum primis in faucibus orci luctus et ultrices posuere cubilia curae nulla dapibus dolor vel est donec odio justo sollicitudin ut suscipit a feugiat et eros vestibulum');


DROP TABLE IF EXISTS FinancialPackages;
CREATE TABLE FinancialPackages(
   FFCode       INTEGER  NOT NULL
  ,CollegeID    INTEGER  NOT NULL
  ,LowerRange   INTEGER  NOT NULL
  ,UpperRange   INTEGER  NOT NULL
  ,AmountOfAid  INTEGER  NOT NULL
  ,NumSemesters INTEGER  NOT NULL
  ,PRIMARY KEY(FFCode,CollegeID)
);
INSERT INTO FinancialPackages(FFCode,CollegeID,LowerRange,UpperRange,AmountOfAid,NumSemesters) VALUES (1,18,906,4321,78459,3);
INSERT INTO FinancialPackages(FFCode,CollegeID,LowerRange,UpperRange,AmountOfAid,NumSemesters) VALUES (2,107,180,5688,25944,1);
INSERT INTO FinancialPackages(FFCode,CollegeID,LowerRange,UpperRange,AmountOfAid,NumSemesters) VALUES (3,136,311,5809,87985,3);
INSERT INTO FinancialPackages(FFCode,CollegeID,LowerRange,UpperRange,AmountOfAid,NumSemesters) VALUES (4,94,982,5108,71603,7);
INSERT INTO FinancialPackages(FFCode,CollegeID,LowerRange,UpperRange,AmountOfAid,NumSemesters) VALUES (5,81,596,3780,58662,8);
INSERT INTO FinancialPackages(FFCode,CollegeID,LowerRange,UpperRange,AmountOfAid,NumSemesters) VALUES (6,52,301,1696,5665,8);
INSERT INTO FinancialPackages(FFCode,CollegeID,LowerRange,UpperRange,AmountOfAid,NumSemesters) VALUES (7,137,418,9838,64872,7);
INSERT INTO FinancialPackages(FFCode,CollegeID,LowerRange,UpperRange,AmountOfAid,NumSemesters) VALUES (8,143,736,4583,85164,6);
INSERT INTO FinancialPackages(FFCode,CollegeID,LowerRange,UpperRange,AmountOfAid,NumSemesters) VALUES (9,60,360,6992,46626,7);
INSERT INTO FinancialPackages(FFCode,CollegeID,LowerRange,UpperRange,AmountOfAid,NumSemesters) VALUES (10,84,847,5704,2772,1);
INSERT INTO FinancialPackages(FFCode,CollegeID,LowerRange,UpperRange,AmountOfAid,NumSemesters) VALUES (11,47,861,8660,69037,1);
INSERT INTO FinancialPackages(FFCode,CollegeID,LowerRange,UpperRange,AmountOfAid,NumSemesters) VALUES (12,131,315,5420,65236,8);
INSERT INTO FinancialPackages(FFCode,CollegeID,LowerRange,UpperRange,AmountOfAid,NumSemesters) VALUES (13,62,857,1598,39653,4);
INSERT INTO FinancialPackages(FFCode,CollegeID,LowerRange,UpperRange,AmountOfAid,NumSemesters) VALUES (14,96,318,2743,78808,5);
INSERT INTO FinancialPackages(FFCode,CollegeID,LowerRange,UpperRange,AmountOfAid,NumSemesters) VALUES (15,13,997,6520,40220,6);
INSERT INTO FinancialPackages(FFCode,CollegeID,LowerRange,UpperRange,AmountOfAid,NumSemesters) VALUES (16,77,747,6509,44915,5);
INSERT INTO FinancialPackages(FFCode,CollegeID,LowerRange,UpperRange,AmountOfAid,NumSemesters) VALUES (17,64,669,8890,83526,1);
INSERT INTO FinancialPackages(FFCode,CollegeID,LowerRange,UpperRange,AmountOfAid,NumSemesters) VALUES (18,58,676,9337,48340,7);
INSERT INTO FinancialPackages(FFCode,CollegeID,LowerRange,UpperRange,AmountOfAid,NumSemesters) VALUES (19,22,503,7384,44308,1);
INSERT INTO FinancialPackages(FFCode,CollegeID,LowerRange,UpperRange,AmountOfAid,NumSemesters) VALUES (20,23,325,3883,74885,4);
INSERT INTO FinancialPackages(FFCode,CollegeID,LowerRange,UpperRange,AmountOfAid,NumSemesters) VALUES (21,61,863,9768,24343,5);
INSERT INTO FinancialPackages(FFCode,CollegeID,LowerRange,UpperRange,AmountOfAid,NumSemesters) VALUES (22,43,622,5297,66158,8);
INSERT INTO FinancialPackages(FFCode,CollegeID,LowerRange,UpperRange,AmountOfAid,NumSemesters) VALUES (23,5,268,1987,10967,8);
INSERT INTO FinancialPackages(FFCode,CollegeID,LowerRange,UpperRange,AmountOfAid,NumSemesters) VALUES (24,52,279,8256,81712,7);
INSERT INTO FinancialPackages(FFCode,CollegeID,LowerRange,UpperRange,AmountOfAid,NumSemesters) VALUES (25,53,350,5506,53808,7);
INSERT INTO FinancialPackages(FFCode,CollegeID,LowerRange,UpperRange,AmountOfAid,NumSemesters) VALUES (26,45,242,8027,71779,5);
INSERT INTO FinancialPackages(FFCode,CollegeID,LowerRange,UpperRange,AmountOfAid,NumSemesters) VALUES (27,114,871,2850,6337,4);
INSERT INTO FinancialPackages(FFCode,CollegeID,LowerRange,UpperRange,AmountOfAid,NumSemesters) VALUES (28,3,967,7826,4244,7);
INSERT INTO FinancialPackages(FFCode,CollegeID,LowerRange,UpperRange,AmountOfAid,NumSemesters) VALUES (29,126,657,2357,14373,8);
INSERT INTO FinancialPackages(FFCode,CollegeID,LowerRange,UpperRange,AmountOfAid,NumSemesters) VALUES (30,127,240,7625,72609,7);
INSERT INTO FinancialPackages(FFCode,CollegeID,LowerRange,UpperRange,AmountOfAid,NumSemesters) VALUES (31,20,26,2880,85368,8);
INSERT INTO FinancialPackages(FFCode,CollegeID,LowerRange,UpperRange,AmountOfAid,NumSemesters) VALUES (32,102,668,9618,364,7);
INSERT INTO FinancialPackages(FFCode,CollegeID,LowerRange,UpperRange,AmountOfAid,NumSemesters) VALUES (33,23,380,3058,46578,5);
INSERT INTO FinancialPackages(FFCode,CollegeID,LowerRange,UpperRange,AmountOfAid,NumSemesters) VALUES (34,73,319,1034,33453,7);
INSERT INTO FinancialPackages(FFCode,CollegeID,LowerRange,UpperRange,AmountOfAid,NumSemesters) VALUES (35,4,394,8055,8144,4);
INSERT INTO FinancialPackages(FFCode,CollegeID,LowerRange,UpperRange,AmountOfAid,NumSemesters) VALUES (36,23,934,4984,80687,2);
INSERT INTO FinancialPackages(FFCode,CollegeID,LowerRange,UpperRange,AmountOfAid,NumSemesters) VALUES (37,35,912,1285,51048,7);
INSERT INTO FinancialPackages(FFCode,CollegeID,LowerRange,UpperRange,AmountOfAid,NumSemesters) VALUES (38,53,609,8175,79925,2);
INSERT INTO FinancialPackages(FFCode,CollegeID,LowerRange,UpperRange,AmountOfAid,NumSemesters) VALUES (39,6,820,8638,83497,6);
INSERT INTO FinancialPackages(FFCode,CollegeID,LowerRange,UpperRange,AmountOfAid,NumSemesters) VALUES (40,37,208,8615,8935,1);
INSERT INTO FinancialPackages(FFCode,CollegeID,LowerRange,UpperRange,AmountOfAid,NumSemesters) VALUES (41,122,429,7612,37271,4);
INSERT INTO FinancialPackages(FFCode,CollegeID,LowerRange,UpperRange,AmountOfAid,NumSemesters) VALUES (42,82,491,4836,23496,3);
INSERT INTO FinancialPackages(FFCode,CollegeID,LowerRange,UpperRange,AmountOfAid,NumSemesters) VALUES (43,87,425,7210,74000,6);
INSERT INTO FinancialPackages(FFCode,CollegeID,LowerRange,UpperRange,AmountOfAid,NumSemesters) VALUES (44,125,466,4269,94995,6);
INSERT INTO FinancialPackages(FFCode,CollegeID,LowerRange,UpperRange,AmountOfAid,NumSemesters) VALUES (45,121,91,8569,97231,7);
INSERT INTO FinancialPackages(FFCode,CollegeID,LowerRange,UpperRange,AmountOfAid,NumSemesters) VALUES (46,100,886,9280,25666,2);
INSERT INTO FinancialPackages(FFCode,CollegeID,LowerRange,UpperRange,AmountOfAid,NumSemesters) VALUES (47,140,739,3105,7801,2);
INSERT INTO FinancialPackages(FFCode,CollegeID,LowerRange,UpperRange,AmountOfAid,NumSemesters) VALUES (48,109,185,5418,73726,1);
INSERT INTO FinancialPackages(FFCode,CollegeID,LowerRange,UpperRange,AmountOfAid,NumSemesters) VALUES (49,148,417,2311,73814,4);
INSERT INTO FinancialPackages(FFCode,CollegeID,LowerRange,UpperRange,AmountOfAid,NumSemesters) VALUES (50,4,77,5758,25490,1);
INSERT INTO FinancialPackages(FFCode,CollegeID,LowerRange,UpperRange,AmountOfAid,NumSemesters) VALUES (51,30,424,1222,26776,3);
INSERT INTO FinancialPackages(FFCode,CollegeID,LowerRange,UpperRange,AmountOfAid,NumSemesters) VALUES (52,33,484,3042,29420,6);
INSERT INTO FinancialPackages(FFCode,CollegeID,LowerRange,UpperRange,AmountOfAid,NumSemesters) VALUES (53,95,188,2070,82647,6);
INSERT INTO FinancialPackages(FFCode,CollegeID,LowerRange,UpperRange,AmountOfAid,NumSemesters) VALUES (54,42,306,1181,46917,4);
INSERT INTO FinancialPackages(FFCode,CollegeID,LowerRange,UpperRange,AmountOfAid,NumSemesters) VALUES (55,86,215,3354,29200,3);
INSERT INTO FinancialPackages(FFCode,CollegeID,LowerRange,UpperRange,AmountOfAid,NumSemesters) VALUES (56,129,858,6306,35982,4);
INSERT INTO FinancialPackages(FFCode,CollegeID,LowerRange,UpperRange,AmountOfAid,NumSemesters) VALUES (57,45,289,5266,2814,3);
INSERT INTO FinancialPackages(FFCode,CollegeID,LowerRange,UpperRange,AmountOfAid,NumSemesters) VALUES (58,73,637,1712,14052,3);
INSERT INTO FinancialPackages(FFCode,CollegeID,LowerRange,UpperRange,AmountOfAid,NumSemesters) VALUES (59,66,147,8093,80178,2);
INSERT INTO FinancialPackages(FFCode,CollegeID,LowerRange,UpperRange,AmountOfAid,NumSemesters) VALUES (60,72,93,5335,25325,5);
INSERT INTO FinancialPackages(FFCode,CollegeID,LowerRange,UpperRange,AmountOfAid,NumSemesters) VALUES (61,6,227,7628,63205,8);
INSERT INTO FinancialPackages(FFCode,CollegeID,LowerRange,UpperRange,AmountOfAid,NumSemesters) VALUES (62,4,901,8536,70757,1);
INSERT INTO FinancialPackages(FFCode,CollegeID,LowerRange,UpperRange,AmountOfAid,NumSemesters) VALUES (63,55,225,5799,98737,6);
INSERT INTO FinancialPackages(FFCode,CollegeID,LowerRange,UpperRange,AmountOfAid,NumSemesters) VALUES (64,25,338,2644,14488,7);
INSERT INTO FinancialPackages(FFCode,CollegeID,LowerRange,UpperRange,AmountOfAid,NumSemesters) VALUES (65,56,234,2596,98458,3);
INSERT INTO FinancialPackages(FFCode,CollegeID,LowerRange,UpperRange,AmountOfAid,NumSemesters) VALUES (66,59,999,4127,36732,8);
INSERT INTO FinancialPackages(FFCode,CollegeID,LowerRange,UpperRange,AmountOfAid,NumSemesters) VALUES (67,64,231,5014,73509,4);
INSERT INTO FinancialPackages(FFCode,CollegeID,LowerRange,UpperRange,AmountOfAid,NumSemesters) VALUES (68,150,821,4699,49719,6);
INSERT INTO FinancialPackages(FFCode,CollegeID,LowerRange,UpperRange,AmountOfAid,NumSemesters) VALUES (69,3,177,4980,13282,3);
INSERT INTO FinancialPackages(FFCode,CollegeID,LowerRange,UpperRange,AmountOfAid,NumSemesters) VALUES (70,54,631,9990,31042,8);
INSERT INTO FinancialPackages(FFCode,CollegeID,LowerRange,UpperRange,AmountOfAid,NumSemesters) VALUES (71,79,526,2873,73965,4);
INSERT INTO FinancialPackages(FFCode,CollegeID,LowerRange,UpperRange,AmountOfAid,NumSemesters) VALUES (72,6,307,5703,92766,2);
INSERT INTO FinancialPackages(FFCode,CollegeID,LowerRange,UpperRange,AmountOfAid,NumSemesters) VALUES (73,48,908,8159,23145,8);
INSERT INTO FinancialPackages(FFCode,CollegeID,LowerRange,UpperRange,AmountOfAid,NumSemesters) VALUES (74,40,714,9723,18536,2);
INSERT INTO FinancialPackages(FFCode,CollegeID,LowerRange,UpperRange,AmountOfAid,NumSemesters) VALUES (75,5,363,9686,90015,5);
INSERT INTO FinancialPackages(FFCode,CollegeID,LowerRange,UpperRange,AmountOfAid,NumSemesters) VALUES (76,44,900,1617,88583,3);
INSERT INTO FinancialPackages(FFCode,CollegeID,LowerRange,UpperRange,AmountOfAid,NumSemesters) VALUES (77,36,372,8977,29637,7);
INSERT INTO FinancialPackages(FFCode,CollegeID,LowerRange,UpperRange,AmountOfAid,NumSemesters) VALUES (78,22,375,4672,83446,7);
INSERT INTO FinancialPackages(FFCode,CollegeID,LowerRange,UpperRange,AmountOfAid,NumSemesters) VALUES (79,111,384,7531,65889,7);
INSERT INTO FinancialPackages(FFCode,CollegeID,LowerRange,UpperRange,AmountOfAid,NumSemesters) VALUES (80,49,840,9603,27364,6);
INSERT INTO FinancialPackages(FFCode,CollegeID,LowerRange,UpperRange,AmountOfAid,NumSemesters) VALUES (81,74,55,6490,7814,2);
INSERT INTO FinancialPackages(FFCode,CollegeID,LowerRange,UpperRange,AmountOfAid,NumSemesters) VALUES (82,59,665,1531,64205,1);
INSERT INTO FinancialPackages(FFCode,CollegeID,LowerRange,UpperRange,AmountOfAid,NumSemesters) VALUES (83,137,978,1995,64385,5);
INSERT INTO FinancialPackages(FFCode,CollegeID,LowerRange,UpperRange,AmountOfAid,NumSemesters) VALUES (84,78,681,5341,94554,5);
INSERT INTO FinancialPackages(FFCode,CollegeID,LowerRange,UpperRange,AmountOfAid,NumSemesters) VALUES (85,43,69,3238,65817,7);
INSERT INTO FinancialPackages(FFCode,CollegeID,LowerRange,UpperRange,AmountOfAid,NumSemesters) VALUES (86,97,787,4588,85696,2);
INSERT INTO FinancialPackages(FFCode,CollegeID,LowerRange,UpperRange,AmountOfAid,NumSemesters) VALUES (87,63,329,5097,82480,1);
INSERT INTO FinancialPackages(FFCode,CollegeID,LowerRange,UpperRange,AmountOfAid,NumSemesters) VALUES (88,130,394,5975,86135,7);
INSERT INTO FinancialPackages(FFCode,CollegeID,LowerRange,UpperRange,AmountOfAid,NumSemesters) VALUES (89,25,501,1733,84455,4);
INSERT INTO FinancialPackages(FFCode,CollegeID,LowerRange,UpperRange,AmountOfAid,NumSemesters) VALUES (90,100,855,9853,478,8);
INSERT INTO FinancialPackages(FFCode,CollegeID,LowerRange,UpperRange,AmountOfAid,NumSemesters) VALUES (91,149,859,6754,22783,4);
INSERT INTO FinancialPackages(FFCode,CollegeID,LowerRange,UpperRange,AmountOfAid,NumSemesters) VALUES (92,90,759,7935,49802,7);
INSERT INTO FinancialPackages(FFCode,CollegeID,LowerRange,UpperRange,AmountOfAid,NumSemesters) VALUES (93,66,630,8792,15191,4);
INSERT INTO FinancialPackages(FFCode,CollegeID,LowerRange,UpperRange,AmountOfAid,NumSemesters) VALUES (94,31,750,3770,4784,7);
INSERT INTO FinancialPackages(FFCode,CollegeID,LowerRange,UpperRange,AmountOfAid,NumSemesters) VALUES (95,142,40,5089,60483,6);
INSERT INTO FinancialPackages(FFCode,CollegeID,LowerRange,UpperRange,AmountOfAid,NumSemesters) VALUES (96,92,677,5151,53057,8);
INSERT INTO FinancialPackages(FFCode,CollegeID,LowerRange,UpperRange,AmountOfAid,NumSemesters) VALUES (97,148,31,3042,62359,1);
INSERT INTO FinancialPackages(FFCode,CollegeID,LowerRange,UpperRange,AmountOfAid,NumSemesters) VALUES (98,121,912,5109,34792,8);
INSERT INTO FinancialPackages(FFCode,CollegeID,LowerRange,UpperRange,AmountOfAid,NumSemesters) VALUES (99,78,503,8754,70349,5);
INSERT INTO FinancialPackages(FFCode,CollegeID,LowerRange,UpperRange,AmountOfAid,NumSemesters) VALUES (100,60,787,7688,49423,8);


DROP TABLE IF EXISTS Scholarships;
CREATE TABLE Scholarships(
   SSCode                 INTEGER  NOT NULL
  ,FFCode                 INTEGER  NOT NULL
  ,ScholarshipName        VARCHAR(19) NOT NULL
  ,ScholarshipDescription VARCHAR(669) NOT NULL
  ,Amount                 INTEGER  NOT NULL
  ,PRIMARY KEY(SSCode,FFCode)
);
INSERT INTO Scholarships(SSCode,FFCode,ScholarshipName,ScholarshipDescription,Amount) VALUES (1,17,'help-desk','consequat nulla nisl nunc nisl duis bibendum felis sed interdum venenatis turpis enim blandit mi in porttitor pede justo eu massa donec dapibus duis at velit eu est congue elementum in hac habitasse platea dictumst morbi vestibulum velit id pretium iaculis diam erat fermentum justo nec condimentum neque sapien placerat ante nulla justo aliquam quis turpis',81128);
INSERT INTO Scholarships(SSCode,FFCode,ScholarshipName,ScholarshipDescription,Amount) VALUES (2,13,'bottom-line','neque duis bibendum morbi non quam nec dui luctus rutrum nulla tellus in sagittis dui vel nisl duis ac nibh fusce lacus purus aliquet at feugiat non pretium quis lectus suspendisse potenti in eleifend quam a odio in hac habitasse platea dictumst maecenas ut massa quis augue luctus tincidunt nulla mollis molestie lorem quisque ut erat curabitur gravida nisi at nibh in hac habitasse platea dictumst aliquam augue quam sollicitudin vitae consectetuer eget rutrum at lorem integer tincidunt ante vel ipsum praesent blandit lacinia erat vestibulum sed magna at nunc commodo placerat praesent blandit nam nulla integer pede justo lacinia',28438);
INSERT INTO Scholarships(SSCode,FFCode,ScholarshipName,ScholarshipDescription,Amount) VALUES (3,54,'support','eget elit sodales scelerisque mauris sit amet eros suspendisse accumsan tortor quis turpis sed ante vivamus tortor duis mattis egestas metus aenean fermentum donec ut mauris eget massa tempor convallis nulla neque libero convallis eget eleifend luctus ultricies eu nibh quisque id justo sit amet sapien dignissim vestibulum vestibulum ante ipsum primis in faucibus orci',18543);
INSERT INTO Scholarships(SSCode,FFCode,ScholarshipName,ScholarshipDescription,Amount) VALUES (4,66,'global','parturient montes nascetur ridiculus mus etiam vel augue vestibulum rutrum rutrum neque aenean auctor gravida sem praesent id massa id nisl venenatis lacinia aenean sit amet justo morbi ut odio cras mi pede malesuada in imperdiet et commodo vulputate justo in blandit ultrices',27092);
INSERT INTO Scholarships(SSCode,FFCode,ScholarshipName,ScholarshipDescription,Amount) VALUES (5,89,'standardization','quisque ut erat curabitur gravida nisi at nibh in hac habitasse platea dictumst aliquam augue quam sollicitudin vitae consectetuer eget rutrum at lorem integer tincidunt',30032);
INSERT INTO Scholarships(SSCode,FFCode,ScholarshipName,ScholarshipDescription,Amount) VALUES (6,78,'functionalities','vel accumsan tellus nisi eu orci mauris lacinia sapien quis libero nullam sit amet turpis elementum ligula vehicula consequat morbi a ipsum integer a nibh in quis justo maecenas rhoncus aliquam lacus morbi quis tortor id nulla ultrices aliquet maecenas leo odio condimentum id luctus nec molestie sed justo pellentesque viverra pede ac diam cras pellentesque volutpat',81206);
INSERT INTO Scholarships(SSCode,FFCode,ScholarshipName,ScholarshipDescription,Amount) VALUES (7,47,'Open-source','mauris sit amet eros suspendisse accumsan tortor quis turpis sed ante vivamus tortor duis mattis egestas metus aenean fermentum donec ut mauris eget massa tempor convallis nulla neque libero convallis eget',93145);
INSERT INTO Scholarships(SSCode,FFCode,ScholarshipName,ScholarshipDescription,Amount) VALUES (8,84,'monitoring','duis at velit eu est congue elementum in hac habitasse platea dictumst morbi vestibulum velit id pretium iaculis diam erat fermentum justo nec condimentum neque sapien placerat ante nulla justo aliquam quis turpis eget elit sodales scelerisque mauris sit amet eros suspendisse accumsan tortor quis turpis sed ante vivamus tortor duis mattis egestas metus aenean fermentum donec ut mauris eget massa tempor convallis nulla neque libero convallis eget eleifend luctus ultricies eu nibh quisque id justo sit amet sapien dignissim vestibulum vestibulum ante ipsum primis in faucibus orci luctus et ultrices posuere cubilia curae nulla dapibus dolor vel est',70282);
INSERT INTO Scholarships(SSCode,FFCode,ScholarshipName,ScholarshipDescription,Amount) VALUES (9,90,'info-mediaries','mi integer ac neque duis bibendum morbi non quam nec dui luctus rutrum nulla tellus in sagittis dui vel nisl duis ac nibh fusce lacus purus aliquet at feugiat non pretium quis lectus suspendisse potenti in eleifend quam a odio in hac habitasse platea dictumst maecenas ut massa quis augue luctus tincidunt nulla mollis molestie lorem quisque ut erat curabitur gravida nisi at nibh in hac habitasse platea dictumst aliquam augue quam sollicitudin vitae consectetuer eget rutrum at lorem integer tincidunt ante vel ipsum praesent blandit lacinia erat vestibulum sed magna at nunc commodo placerat',5825);
INSERT INTO Scholarships(SSCode,FFCode,ScholarshipName,ScholarshipDescription,Amount) VALUES (10,3,'archive','vestibulum proin eu mi nulla ac enim in tempor turpis nec euismod scelerisque quam turpis adipiscing lorem vitae mattis nibh ligula nec sem duis aliquam convallis nunc proin at turpis a pede posuere nonummy integer non velit donec diam neque vestibulum eget vulputate ut ultrices vel augue vestibulum ante ipsum primis in faucibus orci luctus et ultrices posuere cubilia curae donec pharetra magna vestibulum aliquet ultrices erat tortor sollicitudin mi sit amet lobortis sapien sapien non mi integer ac neque duis bibendum morbi non quam nec dui luctus rutrum nulla tellus in sagittis dui',76541);
INSERT INTO Scholarships(SSCode,FFCode,ScholarshipName,ScholarshipDescription,Amount) VALUES (11,4,'product','erat quisque erat eros viverra eget congue eget semper rutrum nulla nunc purus phasellus in felis donec semper sapien a libero nam dui proin leo odio porttitor id consequat in consequat ut nulla sed accumsan felis ut at dolor quis odio consequat varius integer ac leo pellentesque ultrices mattis odio donec vitae',97408);
INSERT INTO Scholarships(SSCode,FFCode,ScholarshipName,ScholarshipDescription,Amount) VALUES (12,32,'motivating','non mauris morbi non lectus aliquam sit amet diam in magna bibendum imperdiet nullam orci pede venenatis non sodales sed tincidunt eu felis fusce posuere felis sed lacus morbi sem mauris laoreet ut rhoncus aliquet pulvinar sed nisl nunc rhoncus dui vel sem sed sagittis nam congue risus semper porta volutpat quam pede lobortis ligula sit amet eleifend pede libero quis orci nullam molestie nibh in lectus pellentesque at nulla suspendisse potenti cras',58146);
INSERT INTO Scholarships(SSCode,FFCode,ScholarshipName,ScholarshipDescription,Amount) VALUES (13,20,'Proactive','tempus semper est quam pharetra magna ac consequat metus sapien ut nunc vestibulum ante ipsum primis in faucibus orci luctus et ultrices posuere cubilia curae mauris viverra diam vitae quam suspendisse potenti nullam porttitor lacus at turpis donec posuere metus vitae ipsum aliquam non mauris morbi non lectus aliquam sit amet diam in magna bibendum imperdiet nullam orci pede venenatis non',23571);
INSERT INTO Scholarships(SSCode,FFCode,ScholarshipName,ScholarshipDescription,Amount) VALUES (14,67,'Expanded','ac consequat metus sapien ut nunc vestibulum ante ipsum primis in faucibus orci luctus et ultrices posuere cubilia curae mauris viverra diam vitae quam suspendisse potenti nullam porttitor lacus at turpis donec posuere metus vitae ipsum aliquam non mauris morbi non lectus aliquam sit amet diam in magna bibendum imperdiet nullam orci pede venenatis non sodales sed tincidunt eu felis fusce posuere felis sed lacus morbi sem mauris laoreet ut rhoncus aliquet pulvinar sed',42664);
INSERT INTO Scholarships(SSCode,FFCode,ScholarshipName,ScholarshipDescription,Amount) VALUES (15,54,'Synergized','cras pellentesque volutpat dui maecenas tristique est et tempus semper est quam pharetra magna ac consequat metus sapien ut nunc vestibulum ante ipsum primis in faucibus orci luctus',94778);
INSERT INTO Scholarships(SSCode,FFCode,ScholarshipName,ScholarshipDescription,Amount) VALUES (16,85,'approach','in eleifend quam a odio in hac habitasse platea dictumst maecenas ut massa quis augue luctus tincidunt nulla mollis molestie lorem quisque ut erat curabitur gravida nisi at nibh in hac habitasse platea dictumst aliquam augue quam sollicitudin vitae consectetuer eget rutrum at lorem integer tincidunt ante vel ipsum praesent blandit',64417);
INSERT INTO Scholarships(SSCode,FFCode,ScholarshipName,ScholarshipDescription,Amount) VALUES (17,40,'migration','mi nulla ac enim in tempor turpis nec euismod scelerisque quam turpis adipiscing lorem vitae mattis nibh ligula nec sem duis aliquam convallis nunc proin at turpis a pede posuere nonummy integer non velit donec diam neque vestibulum eget vulputate ut ultrices vel augue vestibulum ante ipsum primis in faucibus orci luctus et ultrices posuere cubilia curae donec pharetra magna vestibulum aliquet ultrices erat tortor sollicitudin mi sit amet lobortis sapien sapien non mi integer ac neque',43330);
INSERT INTO Scholarships(SSCode,FFCode,ScholarshipName,ScholarshipDescription,Amount) VALUES (18,52,'open system','eu massa donec dapibus duis at velit eu est congue elementum in hac habitasse platea dictumst morbi vestibulum velit id pretium iaculis diam erat fermentum justo nec condimentum neque sapien placerat ante nulla justo aliquam quis turpis eget elit sodales scelerisque mauris sit amet eros suspendisse accumsan tortor quis turpis sed ante vivamus tortor duis mattis egestas metus aenean',48157);
INSERT INTO Scholarships(SSCode,FFCode,ScholarshipName,ScholarshipDescription,Amount) VALUES (19,86,'regional','luctus et ultrices posuere cubilia curae nulla dapibus dolor vel est donec odio justo sollicitudin ut suscipit a feugiat et eros vestibulum ac est lacinia nisi venenatis tristique fusce congue diam id ornare imperdiet sapien urna pretium nisl ut volutpat sapien arcu sed augue aliquam erat volutpat in congue etiam justo etiam pretium iaculis justo in hac habitasse platea dictumst etiam',45174);
INSERT INTO Scholarships(SSCode,FFCode,ScholarshipName,ScholarshipDescription,Amount) VALUES (20,60,'orchestration','pretium nisl ut volutpat sapien arcu sed augue aliquam erat volutpat in congue etiam justo etiam pretium iaculis justo in hac habitasse platea dictumst etiam faucibus cursus urna ut tellus nulla ut erat id mauris vulputate elementum nullam',8492);
INSERT INTO Scholarships(SSCode,FFCode,ScholarshipName,ScholarshipDescription,Amount) VALUES (21,96,'orchestration','pretium nisl ut volutpat sapien arcu sed augue aliquam erat volutpat in congue etiam justo etiam pretium iaculis justo in hac habitasse platea dictumst etiam faucibus cursus urna ut tellus nulla ut erat id mauris',76025);
INSERT INTO Scholarships(SSCode,FFCode,ScholarshipName,ScholarshipDescription,Amount) VALUES (22,58,'Versatile','primis in faucibus orci luctus et ultrices posuere cubilia curae nulla dapibus dolor vel est donec odio justo sollicitudin ut suscipit a feugiat et eros',47294);
INSERT INTO Scholarships(SSCode,FFCode,ScholarshipName,ScholarshipDescription,Amount) VALUES (23,97,'internet solution','orci mauris lacinia sapien quis libero nullam sit amet turpis elementum ligula vehicula consequat morbi a ipsum integer a nibh in quis justo maecenas rhoncus aliquam lacus morbi quis tortor id nulla ultrices aliquet maecenas leo odio condimentum id luctus nec molestie sed justo pellentesque viverra pede ac diam cras pellentesque volutpat dui maecenas tristique est et tempus semper est quam pharetra magna ac consequat metus sapien ut nunc vestibulum ante ipsum primis in faucibus orci luctus et ultrices posuere cubilia curae mauris viverra diam vitae quam suspendisse potenti nullam porttitor lacus at turpis',81754);
INSERT INTO Scholarships(SSCode,FFCode,ScholarshipName,ScholarshipDescription,Amount) VALUES (24,14,'User-friendly','dui vel nisl duis ac nibh fusce lacus purus aliquet at feugiat non pretium quis lectus suspendisse potenti in eleifend quam a odio in hac habitasse platea dictumst maecenas ut massa quis augue luctus tincidunt nulla mollis molestie lorem quisque ut erat curabitur gravida nisi at nibh in hac habitasse platea dictumst aliquam augue quam sollicitudin vitae consectetuer eget',90562);
INSERT INTO Scholarships(SSCode,FFCode,ScholarshipName,ScholarshipDescription,Amount) VALUES (25,1,'instruction set','fusce posuere felis sed lacus morbi sem mauris laoreet ut rhoncus aliquet pulvinar sed nisl nunc rhoncus dui vel sem sed sagittis nam congue risus semper porta',66564);
INSERT INTO Scholarships(SSCode,FFCode,ScholarshipName,ScholarshipDescription,Amount) VALUES (26,12,'Reduced','in ante vestibulum ante ipsum primis in faucibus orci luctus et ultrices posuere cubilia curae duis faucibus accumsan odio curabitur convallis duis consequat dui nec nisi volutpat eleifend donec ut dolor morbi vel lectus in quam fringilla rhoncus mauris enim leo rhoncus sed vestibulum sit amet cursus',51431);
INSERT INTO Scholarships(SSCode,FFCode,ScholarshipName,ScholarshipDescription,Amount) VALUES (27,24,'actuating','ante vel ipsum praesent blandit lacinia erat vestibulum sed magna at nunc commodo placerat praesent blandit nam nulla integer pede justo lacinia eget tincidunt eget tempus vel pede morbi porttitor lorem id ligula suspendisse ornare consequat lectus in est risus auctor sed tristique in tempus sit amet sem fusce consequat nulla nisl nunc nisl duis bibendum felis sed interdum venenatis turpis enim blandit',87437);
INSERT INTO Scholarships(SSCode,FFCode,ScholarshipName,ScholarshipDescription,Amount) VALUES (28,8,'Decentralized','amet lobortis sapien sapien non mi integer ac neque duis bibendum morbi non quam nec dui luctus rutrum nulla tellus in sagittis dui vel nisl duis ac nibh fusce lacus purus aliquet at feugiat non pretium quis lectus suspendisse potenti in eleifend quam a odio in hac habitasse platea dictumst maecenas ut massa quis augue luctus tincidunt nulla mollis molestie lorem quisque ut erat curabitur gravida nisi at nibh in hac habitasse platea',12917);
INSERT INTO Scholarships(SSCode,FFCode,ScholarshipName,ScholarshipDescription,Amount) VALUES (29,90,'Customizable','pellentesque ultrices phasellus id sapien in sapien iaculis congue vivamus metus arcu adipiscing molestie hendrerit at vulputate vitae nisl aenean lectus pellentesque eget nunc donec quis orci eget orci vehicula condimentum curabitur in libero ut massa volutpat convallis morbi odio odio elementum eu interdum eu tincidunt in leo maecenas pulvinar',89186);
INSERT INTO Scholarships(SSCode,FFCode,ScholarshipName,ScholarshipDescription,Amount) VALUES (30,72,'Public-key','vestibulum aliquet ultrices erat tortor sollicitudin mi sit amet lobortis sapien sapien non mi integer ac neque duis bibendum morbi non quam nec dui luctus rutrum nulla tellus in sagittis dui vel nisl duis ac nibh fusce lacus purus aliquet at feugiat non pretium quis lectus suspendisse potenti in eleifend quam a odio in hac habitasse platea dictumst maecenas ut massa quis augue',88922);
INSERT INTO Scholarships(SSCode,FFCode,ScholarshipName,ScholarshipDescription,Amount) VALUES (31,78,'Diverse','magnis dis parturient montes nascetur ridiculus mus vivamus vestibulum sagittis sapien cum sociis natoque penatibus et magnis dis parturient montes nascetur ridiculus mus etiam vel augue',51292);
INSERT INTO Scholarships(SSCode,FFCode,ScholarshipName,ScholarshipDescription,Amount) VALUES (32,7,'context-sensitive','eget tincidunt eget tempus vel pede morbi porttitor lorem id ligula suspendisse ornare consequat lectus in est risus auctor sed tristique in tempus sit amet sem fusce consequat nulla nisl nunc nisl duis bibendum felis sed interdum venenatis turpis enim blandit mi in porttitor pede justo eu massa donec dapibus duis at velit eu est congue elementum in hac habitasse platea dictumst morbi vestibulum velit id pretium iaculis diam erat fermentum justo nec condimentum neque sapien placerat ante',63203);
INSERT INTO Scholarships(SSCode,FFCode,ScholarshipName,ScholarshipDescription,Amount) VALUES (33,17,'next generation','pellentesque viverra pede ac diam cras pellentesque volutpat dui maecenas tristique est et tempus semper est quam pharetra magna ac consequat metus sapien ut nunc vestibulum ante ipsum primis in faucibus orci luctus et ultrices posuere cubilia curae mauris viverra diam vitae quam suspendisse potenti nullam porttitor',45538);
INSERT INTO Scholarships(SSCode,FFCode,ScholarshipName,ScholarshipDescription,Amount) VALUES (34,48,'local area network','est lacinia nisi venenatis tristique fusce congue diam id ornare imperdiet sapien urna pretium nisl ut volutpat sapien arcu sed augue aliquam erat volutpat in congue etiam justo etiam pretium iaculis justo in hac habitasse platea dictumst etiam faucibus cursus urna ut tellus nulla ut erat id mauris vulputate elementum nullam varius nulla facilisi cras non velit nec nisi vulputate nonummy maecenas tincidunt lacus at velit vivamus vel nulla eget',51417);
INSERT INTO Scholarships(SSCode,FFCode,ScholarshipName,ScholarshipDescription,Amount) VALUES (35,100,'Visionary','sed vel enim sit amet nunc viverra dapibus nulla suscipit ligula in lacus curabitur at ipsum ac tellus semper interdum mauris ullamcorper purus sit amet nulla quisque arcu libero rutrum ac lobortis',93180);
INSERT INTO Scholarships(SSCode,FFCode,ScholarshipName,ScholarshipDescription,Amount) VALUES (36,8,'Universal','et commodo vulputate justo in blandit ultrices enim lorem ipsum dolor sit amet consectetuer adipiscing elit proin interdum mauris non ligula pellentesque ultrices phasellus id sapien in sapien iaculis congue vivamus metus arcu adipiscing molestie hendrerit at vulputate vitae nisl aenean lectus pellentesque eget nunc donec quis orci eget orci vehicula condimentum curabitur in libero',66226);
INSERT INTO Scholarships(SSCode,FFCode,ScholarshipName,ScholarshipDescription,Amount) VALUES (37,56,'Synchronised','curabitur gravida nisi at nibh in hac habitasse platea dictumst aliquam augue quam sollicitudin vitae consectetuer eget rutrum at lorem integer tincidunt ante vel ipsum praesent blandit lacinia erat vestibulum sed magna at nunc commodo placerat praesent blandit nam nulla integer pede justo lacinia eget tincidunt eget tempus vel pede morbi porttitor lorem id ligula suspendisse ornare consequat lectus in est risus auctor sed tristique in tempus sit amet sem fusce consequat nulla nisl nunc nisl duis bibendum felis sed interdum venenatis turpis enim blandit mi in porttitor pede justo eu massa donec',38922);
INSERT INTO Scholarships(SSCode,FFCode,ScholarshipName,ScholarshipDescription,Amount) VALUES (38,61,'synergy','commodo placerat praesent blandit nam nulla integer pede justo lacinia eget tincidunt eget tempus vel pede morbi porttitor lorem id ligula suspendisse ornare consequat lectus in est risus auctor sed tristique in tempus sit amet sem fusce consequat nulla nisl nunc nisl duis bibendum felis sed interdum venenatis turpis enim blandit mi in porttitor pede justo eu massa donec dapibus duis at velit eu est congue elementum in hac habitasse platea dictumst morbi vestibulum velit id',38953);
INSERT INTO Scholarships(SSCode,FFCode,ScholarshipName,ScholarshipDescription,Amount) VALUES (39,89,'matrices','est lacinia nisi venenatis tristique fusce congue diam id ornare imperdiet sapien urna pretium nisl ut volutpat sapien arcu sed augue aliquam erat volutpat in congue etiam justo etiam pretium iaculis justo in hac habitasse platea dictumst etiam faucibus cursus urna ut tellus nulla ut erat id mauris vulputate elementum nullam varius nulla facilisi cras non velit nec nisi vulputate nonummy maecenas tincidunt lacus at velit vivamus vel',39897);
INSERT INTO Scholarships(SSCode,FFCode,ScholarshipName,ScholarshipDescription,Amount) VALUES (40,78,'mission-critical','duis ac nibh fusce lacus purus aliquet at feugiat non pretium quis lectus suspendisse potenti in eleifend quam a odio in hac habitasse platea dictumst maecenas ut massa quis augue luctus tincidunt nulla mollis molestie lorem',25927);
INSERT INTO Scholarships(SSCode,FFCode,ScholarshipName,ScholarshipDescription,Amount) VALUES (41,87,'projection','varius integer ac leo pellentesque ultrices mattis odio donec vitae nisi nam ultrices libero non mattis pulvinar nulla pede ullamcorper augue a suscipit nulla elit ac nulla sed vel enim sit amet nunc viverra dapibus nulla suscipit ligula in lacus curabitur at ipsum ac tellus semper interdum mauris ullamcorper purus sit amet nulla quisque arcu libero rutrum ac lobortis vel',56345);
INSERT INTO Scholarships(SSCode,FFCode,ScholarshipName,ScholarshipDescription,Amount) VALUES (42,98,'intangible','rhoncus mauris enim leo rhoncus sed vestibulum sit amet cursus id turpis integer aliquet massa id lobortis convallis tortor risus dapibus augue vel accumsan tellus nisi',53736);
INSERT INTO Scholarships(SSCode,FFCode,ScholarshipName,ScholarshipDescription,Amount) VALUES (43,3,'Virtual','potenti cras in purus eu magna vulputate luctus cum sociis natoque penatibus et magnis dis parturient montes nascetur ridiculus mus vivamus vestibulum sagittis sapien cum sociis natoque penatibus et magnis dis parturient montes nascetur ridiculus mus etiam vel augue vestibulum rutrum rutrum neque aenean auctor gravida sem praesent id massa id nisl venenatis lacinia aenean sit amet justo morbi',11206);
INSERT INTO Scholarships(SSCode,FFCode,ScholarshipName,ScholarshipDescription,Amount) VALUES (44,67,'installation','mauris non ligula pellentesque ultrices phasellus id sapien in sapien iaculis congue vivamus metus arcu adipiscing molestie hendrerit at vulputate vitae nisl aenean lectus pellentesque eget nunc donec quis orci eget orci vehicula condimentum curabitur',79922);
INSERT INTO Scholarships(SSCode,FFCode,ScholarshipName,ScholarshipDescription,Amount) VALUES (45,82,'Sharable','leo odio porttitor id consequat in consequat ut nulla sed accumsan felis ut at dolor quis odio consequat varius integer ac leo pellentesque ultrices mattis odio donec vitae nisi nam ultrices libero non mattis pulvinar nulla pede ullamcorper augue a suscipit nulla elit',20340);
INSERT INTO Scholarships(SSCode,FFCode,ScholarshipName,ScholarshipDescription,Amount) VALUES (46,80,'Object-based','accumsan odio curabitur convallis duis consequat dui nec nisi volutpat eleifend donec ut dolor morbi vel lectus in quam fringilla rhoncus mauris enim leo rhoncus',54538);
INSERT INTO Scholarships(SSCode,FFCode,ScholarshipName,ScholarshipDescription,Amount) VALUES (47,9,'circuit','primis in faucibus orci luctus et ultrices posuere cubilia curae duis faucibus accumsan odio curabitur convallis duis consequat dui nec nisi volutpat eleifend donec ut dolor morbi',46428);
INSERT INTO Scholarships(SSCode,FFCode,ScholarshipName,ScholarshipDescription,Amount) VALUES (48,45,'zero tolerance','a nibh in quis justo maecenas rhoncus aliquam lacus morbi quis tortor id nulla ultrices aliquet maecenas leo odio condimentum id luctus nec molestie sed justo pellentesque viverra pede ac diam cras pellentesque volutpat dui maecenas tristique est et tempus semper est quam pharetra magna ac consequat metus sapien ut nunc vestibulum ante ipsum primis in faucibus orci luctus et ultrices posuere cubilia curae mauris viverra diam vitae quam suspendisse potenti nullam porttitor lacus at turpis donec posuere metus vitae ipsum aliquam non mauris morbi non lectus aliquam sit amet diam in',24439);
INSERT INTO Scholarships(SSCode,FFCode,ScholarshipName,ScholarshipDescription,Amount) VALUES (49,55,'challenge','nullam porttitor lacus at turpis donec posuere metus vitae ipsum aliquam non mauris morbi non lectus aliquam sit amet diam in magna bibendum imperdiet nullam orci pede venenatis non sodales sed tincidunt eu felis fusce posuere felis sed lacus morbi sem mauris laoreet ut rhoncus aliquet pulvinar sed nisl nunc rhoncus dui vel sem sed sagittis nam congue risus semper porta volutpat quam pede lobortis ligula sit amet eleifend pede libero quis orci nullam molestie nibh in lectus pellentesque at nulla suspendisse potenti cras in purus eu magna vulputate',52941);
INSERT INTO Scholarships(SSCode,FFCode,ScholarshipName,ScholarshipDescription,Amount) VALUES (50,39,'encoding','et eros vestibulum ac est lacinia nisi venenatis tristique fusce congue diam id ornare imperdiet sapien urna pretium nisl ut volutpat sapien arcu sed augue aliquam erat volutpat in congue etiam justo etiam pretium iaculis justo in hac habitasse platea dictumst',87092);
INSERT INTO Scholarships(SSCode,FFCode,ScholarshipName,ScholarshipDescription,Amount) VALUES (51,31,'web-enabled','in tempus sit amet sem fusce consequat nulla nisl nunc nisl duis bibendum felis sed interdum venenatis turpis enim blandit mi in porttitor pede justo eu massa donec dapibus duis at velit eu est congue elementum in hac habitasse platea dictumst morbi vestibulum velit id pretium iaculis diam erat fermentum justo nec condimentum neque sapien placerat ante nulla justo aliquam quis turpis eget elit sodales scelerisque mauris sit amet eros suspendisse accumsan tortor quis turpis sed ante vivamus tortor',72849);
INSERT INTO Scholarships(SSCode,FFCode,ScholarshipName,ScholarshipDescription,Amount) VALUES (52,50,'Pre-emptive','justo aliquam quis turpis eget elit sodales scelerisque mauris sit amet eros suspendisse accumsan tortor quis turpis sed ante vivamus tortor duis mattis egestas metus aenean fermentum donec ut mauris eget massa tempor convallis',30315);
INSERT INTO Scholarships(SSCode,FFCode,ScholarshipName,ScholarshipDescription,Amount) VALUES (53,5,'Expanded','velit id pretium iaculis diam erat fermentum justo nec condimentum neque sapien placerat ante nulla justo aliquam quis turpis eget elit sodales scelerisque mauris sit amet eros suspendisse accumsan tortor quis turpis sed ante vivamus tortor duis mattis egestas metus aenean fermentum donec ut mauris eget massa tempor convallis nulla neque libero convallis eget eleifend luctus ultricies eu nibh quisque id justo sit amet sapien dignissim vestibulum vestibulum ante ipsum primis in faucibus orci luctus et ultrices posuere cubilia curae nulla dapibus dolor vel est',16198);
INSERT INTO Scholarships(SSCode,FFCode,ScholarshipName,ScholarshipDescription,Amount) VALUES (54,48,'asynchronous','donec ut mauris eget massa tempor convallis nulla neque libero convallis eget eleifend luctus ultricies eu nibh quisque id justo sit amet sapien dignissim vestibulum vestibulum ante ipsum primis in faucibus orci luctus et ultrices posuere cubilia curae nulla dapibus dolor vel est donec odio justo sollicitudin ut suscipit a feugiat et eros vestibulum ac est lacinia nisi venenatis tristique fusce congue diam id ornare imperdiet sapien urna pretium nisl ut volutpat sapien arcu sed augue aliquam erat volutpat in congue etiam justo etiam pretium',61002);
INSERT INTO Scholarships(SSCode,FFCode,ScholarshipName,ScholarshipDescription,Amount) VALUES (55,33,'ability','amet justo morbi ut odio cras mi pede malesuada in imperdiet et commodo vulputate justo in blandit ultrices enim lorem ipsum dolor sit amet consectetuer adipiscing elit proin interdum mauris non ligula pellentesque ultrices phasellus id sapien in sapien iaculis congue vivamus metus arcu adipiscing molestie hendrerit at vulputate vitae nisl aenean lectus pellentesque eget nunc donec quis orci eget orci vehicula condimentum curabitur in libero ut massa volutpat convallis morbi odio odio elementum',56802);
INSERT INTO Scholarships(SSCode,FFCode,ScholarshipName,ScholarshipDescription,Amount) VALUES (56,76,'Extended','sapien dignissim vestibulum vestibulum ante ipsum primis in faucibus orci luctus et ultrices posuere cubilia curae nulla dapibus dolor vel est donec odio justo sollicitudin ut suscipit a feugiat et eros vestibulum ac est lacinia nisi venenatis tristique fusce congue diam id ornare imperdiet sapien urna pretium nisl ut volutpat sapien arcu sed augue aliquam erat volutpat',62112);
INSERT INTO Scholarships(SSCode,FFCode,ScholarshipName,ScholarshipDescription,Amount) VALUES (57,70,'24/7','bibendum imperdiet nullam orci pede venenatis non sodales sed tincidunt eu felis fusce posuere felis sed lacus morbi sem mauris laoreet ut rhoncus aliquet pulvinar sed nisl nunc rhoncus dui vel sem sed sagittis nam congue risus semper porta volutpat quam pede lobortis ligula sit amet eleifend pede libero quis orci nullam molestie nibh in lectus pellentesque at nulla suspendisse potenti cras in purus eu magna vulputate luctus cum sociis natoque penatibus et magnis dis parturient montes nascetur ridiculus mus vivamus vestibulum sagittis sapien cum sociis natoque penatibus et magnis dis parturient montes',56046);
INSERT INTO Scholarships(SSCode,FFCode,ScholarshipName,ScholarshipDescription,Amount) VALUES (58,35,'Devolved','sapien non mi integer ac neque duis bibendum morbi non quam nec dui luctus rutrum nulla tellus in sagittis dui vel nisl duis ac nibh fusce lacus purus aliquet at feugiat non pretium quis lectus suspendisse potenti in eleifend quam a odio in hac habitasse platea dictumst maecenas ut massa quis augue luctus tincidunt nulla mollis molestie lorem quisque ut erat curabitur gravida nisi at nibh in hac habitasse platea dictumst aliquam augue quam sollicitudin vitae consectetuer eget rutrum at lorem',25945);
INSERT INTO Scholarships(SSCode,FFCode,ScholarshipName,ScholarshipDescription,Amount) VALUES (59,15,'interface','dictumst etiam faucibus cursus urna ut tellus nulla ut erat id mauris vulputate elementum nullam varius nulla facilisi cras non velit nec nisi vulputate nonummy maecenas tincidunt lacus at velit vivamus vel nulla eget eros elementum pellentesque quisque',18516);
INSERT INTO Scholarships(SSCode,FFCode,ScholarshipName,ScholarshipDescription,Amount) VALUES (60,63,'firmware','dictumst aliquam augue quam sollicitudin vitae consectetuer eget rutrum at lorem integer tincidunt ante vel ipsum praesent blandit lacinia erat vestibulum sed magna at nunc commodo placerat praesent blandit nam nulla integer',24443);
INSERT INTO Scholarships(SSCode,FFCode,ScholarshipName,ScholarshipDescription,Amount) VALUES (61,46,'service-desk','nibh in quis justo maecenas rhoncus aliquam lacus morbi quis tortor id nulla ultrices aliquet maecenas leo odio condimentum id luctus nec molestie sed justo pellentesque viverra pede ac diam cras pellentesque volutpat dui maecenas tristique est et tempus semper est quam pharetra magna ac consequat metus sapien ut nunc vestibulum ante ipsum primis in faucibus orci luctus et ultrices posuere',9119);
INSERT INTO Scholarships(SSCode,FFCode,ScholarshipName,ScholarshipDescription,Amount) VALUES (62,7,'open architecture','cras pellentesque volutpat dui maecenas tristique est et tempus semper est quam pharetra magna ac consequat metus sapien ut nunc vestibulum ante ipsum primis in faucibus orci luctus et ultrices posuere cubilia curae mauris viverra diam vitae quam suspendisse potenti nullam porttitor lacus at turpis donec posuere metus vitae ipsum aliquam non mauris morbi non lectus aliquam sit amet diam in magna bibendum imperdiet nullam orci pede venenatis non sodales sed tincidunt eu felis fusce posuere felis sed lacus morbi sem mauris laoreet ut rhoncus aliquet pulvinar sed nisl nunc rhoncus dui vel sem sed sagittis',10306);
INSERT INTO Scholarships(SSCode,FFCode,ScholarshipName,ScholarshipDescription,Amount) VALUES (63,30,'Focused','velit vivamus vel nulla eget eros elementum pellentesque quisque porta volutpat erat quisque erat eros viverra eget congue eget semper rutrum nulla nunc purus phasellus in felis donec semper sapien a libero nam dui proin leo odio porttitor id consequat in consequat ut nulla sed accumsan felis ut at',27185);
INSERT INTO Scholarships(SSCode,FFCode,ScholarshipName,ScholarshipDescription,Amount) VALUES (64,37,'Seamless','in libero ut massa volutpat convallis morbi odio odio elementum eu interdum eu tincidunt in leo maecenas pulvinar lobortis est phasellus sit amet erat nulla tempus vivamus in felis eu sapien cursus vestibulum proin eu mi nulla ac enim in tempor turpis nec euismod scelerisque quam turpis adipiscing lorem vitae mattis nibh ligula nec sem duis aliquam',49959);
INSERT INTO Scholarships(SSCode,FFCode,ScholarshipName,ScholarshipDescription,Amount) VALUES (65,98,'Managed','eget tincidunt eget tempus vel pede morbi porttitor lorem id ligula suspendisse ornare consequat lectus in est risus auctor sed tristique in tempus sit amet sem fusce consequat nulla nisl nunc nisl duis bibendum felis sed interdum venenatis turpis enim blandit mi in porttitor pede justo eu massa donec dapibus duis',64723);
INSERT INTO Scholarships(SSCode,FFCode,ScholarshipName,ScholarshipDescription,Amount) VALUES (66,78,'product','tortor duis mattis egestas metus aenean fermentum donec ut mauris eget massa tempor convallis nulla neque libero convallis eget eleifend luctus ultricies eu nibh quisque',39698);
INSERT INTO Scholarships(SSCode,FFCode,ScholarshipName,ScholarshipDescription,Amount) VALUES (67,56,'application','non mi integer ac neque duis bibendum morbi non quam nec dui luctus rutrum nulla tellus in sagittis dui vel nisl duis ac nibh fusce lacus purus aliquet at feugiat non pretium quis lectus suspendisse potenti in eleifend quam a odio in hac habitasse platea dictumst maecenas ut massa quis augue',63075);
INSERT INTO Scholarships(SSCode,FFCode,ScholarshipName,ScholarshipDescription,Amount) VALUES (68,64,'Diverse','ultrices enim lorem ipsum dolor sit amet consectetuer adipiscing elit proin interdum mauris non ligula pellentesque ultrices phasellus id sapien in sapien iaculis congue vivamus metus arcu adipiscing molestie hendrerit at vulputate vitae nisl aenean lectus pellentesque eget nunc donec quis orci eget orci vehicula condimentum curabitur in libero ut massa volutpat convallis morbi odio odio elementum eu interdum eu tincidunt in leo maecenas pulvinar lobortis est phasellus sit amet erat nulla tempus vivamus in felis eu sapien cursus vestibulum proin eu mi nulla ac enim in tempor turpis nec',40801);
INSERT INTO Scholarships(SSCode,FFCode,ScholarshipName,ScholarshipDescription,Amount) VALUES (69,4,'Team-oriented','libero convallis eget eleifend luctus ultricies eu nibh quisque id justo sit amet sapien dignissim vestibulum vestibulum ante ipsum primis in faucibus orci luctus et ultrices posuere cubilia curae',75620);
INSERT INTO Scholarships(SSCode,FFCode,ScholarshipName,ScholarshipDescription,Amount) VALUES (70,48,'Persevering','nascetur ridiculus mus vivamus vestibulum sagittis sapien cum sociis natoque penatibus et magnis dis parturient montes nascetur ridiculus mus etiam vel augue vestibulum rutrum rutrum neque aenean auctor gravida sem praesent id massa id nisl venenatis lacinia aenean sit amet justo morbi ut odio cras mi pede malesuada in imperdiet et commodo vulputate justo in blandit ultrices enim lorem ipsum dolor sit amet consectetuer adipiscing elit proin interdum mauris non ligula pellentesque ultrices phasellus id sapien in sapien iaculis congue vivamus metus arcu adipiscing molestie hendrerit at vulputate vitae nisl aenean lectus pellentesque eget nunc donec quis orci eget',32354);
INSERT INTO Scholarships(SSCode,FFCode,ScholarshipName,ScholarshipDescription,Amount) VALUES (71,67,'static','maecenas leo odio condimentum id luctus nec molestie sed justo pellentesque viverra pede ac diam cras pellentesque volutpat dui maecenas tristique est et tempus semper est quam pharetra magna ac consequat metus',51701);
INSERT INTO Scholarships(SSCode,FFCode,ScholarshipName,ScholarshipDescription,Amount) VALUES (72,50,'system-worthy','orci vehicula condimentum curabitur in libero ut massa volutpat convallis morbi odio odio elementum eu interdum eu tincidunt in leo maecenas pulvinar lobortis est phasellus sit amet erat nulla tempus vivamus in felis eu sapien cursus vestibulum proin eu mi nulla ac enim in tempor turpis nec',81096);
INSERT INTO Scholarships(SSCode,FFCode,ScholarshipName,ScholarshipDescription,Amount) VALUES (73,62,'zero administration','ultrices phasellus id sapien in sapien iaculis congue vivamus metus arcu adipiscing molestie hendrerit at vulputate vitae nisl aenean lectus pellentesque eget nunc donec quis orci eget orci vehicula condimentum curabitur in libero ut massa volutpat convallis morbi odio odio elementum eu interdum eu tincidunt in leo maecenas pulvinar lobortis est phasellus sit amet erat nulla tempus vivamus in felis eu sapien cursus vestibulum proin eu mi nulla ac enim in tempor turpis nec euismod scelerisque quam turpis adipiscing lorem',50225);
INSERT INTO Scholarships(SSCode,FFCode,ScholarshipName,ScholarshipDescription,Amount) VALUES (74,99,'Focused','vestibulum sagittis sapien cum sociis natoque penatibus et magnis dis parturient montes nascetur ridiculus mus etiam vel augue vestibulum rutrum rutrum neque aenean auctor gravida sem praesent id massa id',45682);
INSERT INTO Scholarships(SSCode,FFCode,ScholarshipName,ScholarshipDescription,Amount) VALUES (75,96,'mission-critical','aenean fermentum donec ut mauris eget massa tempor convallis nulla neque libero convallis eget eleifend luctus ultricies eu nibh quisque id justo sit amet sapien dignissim vestibulum vestibulum ante ipsum primis in faucibus orci luctus et ultrices posuere cubilia curae nulla dapibus dolor vel est donec odio justo sollicitudin ut suscipit a feugiat et eros vestibulum ac est lacinia nisi venenatis tristique fusce congue diam id ornare imperdiet sapien urna pretium nisl ut volutpat sapien arcu sed augue aliquam erat volutpat in congue etiam justo etiam pretium iaculis justo in hac habitasse platea dictumst etiam faucibus cursus',79008);
INSERT INTO Scholarships(SSCode,FFCode,ScholarshipName,ScholarshipDescription,Amount) VALUES (76,17,'policy','amet sem fusce consequat nulla nisl nunc nisl duis bibendum felis sed interdum venenatis turpis enim blandit mi in porttitor pede justo eu massa donec dapibus duis at velit eu est congue elementum in hac habitasse platea dictumst morbi vestibulum velit id pretium iaculis diam erat fermentum justo nec condimentum neque sapien placerat ante nulla justo aliquam quis turpis eget elit sodales scelerisque mauris sit amet eros suspendisse accumsan tortor quis turpis sed ante vivamus tortor duis mattis egestas',13453);
INSERT INTO Scholarships(SSCode,FFCode,ScholarshipName,ScholarshipDescription,Amount) VALUES (77,96,'middleware','ut erat id mauris vulputate elementum nullam varius nulla facilisi cras non velit nec nisi vulputate nonummy maecenas tincidunt lacus at velit vivamus vel nulla eget eros elementum pellentesque quisque porta volutpat erat quisque erat eros viverra eget congue eget semper rutrum nulla nunc purus phasellus in felis donec semper sapien a libero nam dui proin leo',31508);
INSERT INTO Scholarships(SSCode,FFCode,ScholarshipName,ScholarshipDescription,Amount) VALUES (78,92,'bi-directional','pede justo lacinia eget tincidunt eget tempus vel pede morbi porttitor lorem id ligula suspendisse ornare consequat lectus in est risus auctor sed tristique in tempus sit amet sem fusce consequat nulla nisl nunc nisl duis bibendum felis sed interdum venenatis turpis enim blandit mi in porttitor pede justo eu massa donec dapibus duis at velit eu est congue elementum in hac habitasse platea',29007);
INSERT INTO Scholarships(SSCode,FFCode,ScholarshipName,ScholarshipDescription,Amount) VALUES (79,67,'hybrid','magna bibendum imperdiet nullam orci pede venenatis non sodales sed tincidunt eu felis fusce posuere felis sed lacus morbi sem mauris laoreet ut rhoncus aliquet pulvinar sed nisl nunc rhoncus dui vel sem',4348);
INSERT INTO Scholarships(SSCode,FFCode,ScholarshipName,ScholarshipDescription,Amount) VALUES (80,73,'utilisation','potenti nullam porttitor lacus at turpis donec posuere metus vitae ipsum aliquam non mauris morbi non lectus aliquam sit amet diam in magna bibendum imperdiet nullam orci pede venenatis non sodales sed tincidunt eu felis fusce posuere felis sed lacus morbi sem mauris laoreet ut rhoncus aliquet pulvinar sed nisl nunc rhoncus dui vel sem sed sagittis nam congue risus semper porta volutpat quam pede lobortis ligula sit amet eleifend pede libero quis orci nullam molestie nibh in lectus pellentesque at nulla suspendisse potenti cras in purus eu magna vulputate luctus cum sociis',14896);
INSERT INTO Scholarships(SSCode,FFCode,ScholarshipName,ScholarshipDescription,Amount) VALUES (81,97,'Enterprise-wide','justo pellentesque viverra pede ac diam cras pellentesque volutpat dui maecenas tristique est et tempus semper est quam pharetra magna ac consequat metus sapien ut nunc vestibulum ante ipsum primis in faucibus orci luctus et ultrices posuere cubilia curae mauris viverra diam vitae quam suspendisse potenti nullam porttitor lacus at turpis donec posuere metus vitae ipsum aliquam non mauris morbi non lectus aliquam sit amet diam in magna bibendum imperdiet nullam orci pede venenatis non sodales sed tincidunt eu felis fusce posuere felis sed lacus morbi sem mauris laoreet ut rhoncus aliquet pulvinar sed',34496);
INSERT INTO Scholarships(SSCode,FFCode,ScholarshipName,ScholarshipDescription,Amount) VALUES (82,17,'Automated','lectus in est risus auctor sed tristique in tempus sit amet sem fusce consequat nulla nisl nunc nisl duis bibendum felis sed interdum venenatis turpis enim blandit mi in porttitor pede justo eu massa donec dapibus duis at velit eu est congue elementum in',82687);
INSERT INTO Scholarships(SSCode,FFCode,ScholarshipName,ScholarshipDescription,Amount) VALUES (83,67,'Proactive','non pretium quis lectus suspendisse potenti in eleifend quam a odio in hac habitasse platea dictumst maecenas ut massa quis augue luctus tincidunt nulla mollis molestie lorem quisque ut erat curabitur gravida nisi at nibh in hac habitasse platea dictumst aliquam augue quam sollicitudin vitae consectetuer eget rutrum at lorem integer tincidunt ante vel ipsum praesent blandit lacinia erat vestibulum sed magna at nunc commodo placerat praesent blandit nam nulla integer pede justo lacinia eget tincidunt',52016);
INSERT INTO Scholarships(SSCode,FFCode,ScholarshipName,ScholarshipDescription,Amount) VALUES (84,62,'projection','luctus et ultrices posuere cubilia curae mauris viverra diam vitae quam suspendisse potenti nullam porttitor lacus at turpis donec posuere metus vitae ipsum aliquam non mauris morbi non lectus aliquam sit amet diam in magna bibendum imperdiet nullam orci pede venenatis non sodales sed tincidunt eu felis fusce posuere felis sed lacus morbi sem mauris laoreet ut rhoncus aliquet pulvinar sed nisl nunc rhoncus dui vel sem sed sagittis nam congue risus semper porta volutpat quam pede lobortis ligula sit amet eleifend pede',94792);
INSERT INTO Scholarships(SSCode,FFCode,ScholarshipName,ScholarshipDescription,Amount) VALUES (85,84,'tangible','ante ipsum primis in faucibus orci luctus et ultrices posuere cubilia curae duis faucibus accumsan odio curabitur convallis duis consequat dui nec nisi volutpat eleifend donec ut dolor morbi vel lectus in quam fringilla rhoncus mauris enim leo rhoncus sed vestibulum sit amet cursus',8804);
INSERT INTO Scholarships(SSCode,FFCode,ScholarshipName,ScholarshipDescription,Amount) VALUES (86,3,'matrix','cras mi pede malesuada in imperdiet et commodo vulputate justo in blandit ultrices enim lorem ipsum dolor sit amet consectetuer adipiscing elit proin interdum mauris non ligula pellentesque ultrices phasellus id sapien in sapien iaculis congue vivamus metus arcu adipiscing molestie hendrerit at vulputate vitae nisl aenean lectus pellentesque eget nunc donec quis orci eget orci',58543);
INSERT INTO Scholarships(SSCode,FFCode,ScholarshipName,ScholarshipDescription,Amount) VALUES (87,54,'Enhanced','elit proin interdum mauris non ligula pellentesque ultrices phasellus id sapien in sapien iaculis congue vivamus metus arcu adipiscing molestie hendrerit at vulputate vitae nisl aenean lectus pellentesque eget nunc donec quis',66501);
INSERT INTO Scholarships(SSCode,FFCode,ScholarshipName,ScholarshipDescription,Amount) VALUES (88,42,'solution-oriented','convallis tortor risus dapibus augue vel accumsan tellus nisi eu orci mauris lacinia sapien quis libero nullam sit amet turpis elementum ligula vehicula consequat morbi a ipsum integer a nibh in quis justo maecenas rhoncus aliquam lacus morbi quis tortor id nulla ultrices aliquet maecenas leo odio condimentum id',29899);
INSERT INTO Scholarships(SSCode,FFCode,ScholarshipName,ScholarshipDescription,Amount) VALUES (89,49,'Exclusive','at lorem integer tincidunt ante vel ipsum praesent blandit lacinia erat vestibulum sed magna at nunc commodo placerat praesent blandit nam nulla integer pede justo lacinia eget tincidunt eget tempus vel pede morbi porttitor lorem id ligula suspendisse ornare consequat lectus in est risus auctor sed tristique in tempus sit amet sem fusce consequat nulla nisl nunc nisl duis bibendum felis sed interdum venenatis turpis enim blandit mi in porttitor pede justo eu massa donec dapibus duis',24111);
INSERT INTO Scholarships(SSCode,FFCode,ScholarshipName,ScholarshipDescription,Amount) VALUES (90,90,'internet solution','cursus urna ut tellus nulla ut erat id mauris vulputate elementum nullam varius nulla facilisi cras non velit nec nisi vulputate nonummy maecenas tincidunt lacus at velit vivamus vel nulla eget eros elementum pellentesque quisque porta volutpat erat quisque erat eros viverra eget congue eget semper rutrum nulla nunc purus phasellus in felis donec semper sapien a libero nam dui proin leo odio porttitor id consequat in consequat ut nulla sed accumsan felis ut at dolor quis odio',73193);
INSERT INTO Scholarships(SSCode,FFCode,ScholarshipName,ScholarshipDescription,Amount) VALUES (91,35,'analyzer','elementum in hac habitasse platea dictumst morbi vestibulum velit id pretium iaculis diam erat fermentum justo nec condimentum neque sapien placerat ante nulla justo aliquam quis turpis eget elit sodales scelerisque mauris sit amet eros suspendisse accumsan tortor quis',18310);
INSERT INTO Scholarships(SSCode,FFCode,ScholarshipName,ScholarshipDescription,Amount) VALUES (92,34,'paradigm','pharetra magna ac consequat metus sapien ut nunc vestibulum ante ipsum primis in faucibus orci luctus et ultrices posuere cubilia curae mauris viverra diam vitae quam suspendisse potenti nullam porttitor lacus at turpis donec posuere metus vitae ipsum aliquam non mauris morbi non lectus aliquam sit amet diam in magna bibendum imperdiet nullam orci pede venenatis non sodales sed tincidunt eu felis fusce posuere',14679);
INSERT INTO Scholarships(SSCode,FFCode,ScholarshipName,ScholarshipDescription,Amount) VALUES (93,81,'static','convallis morbi odio odio elementum eu interdum eu tincidunt in leo maecenas pulvinar lobortis est phasellus sit amet erat nulla tempus vivamus in felis eu sapien cursus vestibulum proin eu mi nulla ac enim in tempor turpis nec euismod scelerisque quam turpis adipiscing lorem vitae mattis nibh ligula nec sem duis aliquam convallis',77899);
INSERT INTO Scholarships(SSCode,FFCode,ScholarshipName,ScholarshipDescription,Amount) VALUES (94,80,'Mandatory','praesent blandit lacinia erat vestibulum sed magna at nunc commodo placerat praesent blandit nam nulla integer pede justo lacinia eget tincidunt eget tempus vel pede morbi porttitor lorem id ligula suspendisse ornare consequat lectus in est risus auctor sed tristique in tempus sit amet sem fusce consequat nulla nisl nunc nisl duis bibendum felis sed interdum venenatis turpis',6464);
INSERT INTO Scholarships(SSCode,FFCode,ScholarshipName,ScholarshipDescription,Amount) VALUES (95,86,'executive','volutpat quam pede lobortis ligula sit amet eleifend pede libero quis orci nullam molestie nibh in lectus pellentesque at nulla suspendisse potenti cras in purus eu magna vulputate luctus cum sociis natoque penatibus et magnis dis parturient montes nascetur ridiculus mus vivamus vestibulum sagittis sapien cum sociis natoque penatibus et magnis dis parturient montes nascetur ridiculus mus etiam vel augue vestibulum rutrum rutrum neque aenean auctor gravida sem praesent id massa id nisl venenatis lacinia',10120);
INSERT INTO Scholarships(SSCode,FFCode,ScholarshipName,ScholarshipDescription,Amount) VALUES (96,35,'content-based','justo in blandit ultrices enim lorem ipsum dolor sit amet consectetuer adipiscing elit proin interdum mauris non ligula pellentesque ultrices phasellus id sapien in sapien iaculis congue vivamus metus arcu adipiscing molestie hendrerit at vulputate vitae nisl aenean lectus pellentesque eget nunc donec quis orci eget orci vehicula',43991);
INSERT INTO Scholarships(SSCode,FFCode,ScholarshipName,ScholarshipDescription,Amount) VALUES (97,100,'task-force','magna vulputate luctus cum sociis natoque penatibus et magnis dis parturient montes nascetur ridiculus mus vivamus vestibulum sagittis sapien cum sociis natoque penatibus et magnis dis parturient montes nascetur ridiculus mus etiam vel augue vestibulum rutrum rutrum neque aenean auctor gravida sem praesent id massa id nisl venenatis lacinia aenean sit amet justo morbi ut odio cras mi pede malesuada in imperdiet et commodo vulputate justo in blandit ultrices enim lorem ipsum dolor sit amet consectetuer adipiscing elit proin interdum mauris non ligula pellentesque ultrices phasellus id sapien in sapien iaculis congue vivamus metus arcu adipiscing molestie',21001);
INSERT INTO Scholarships(SSCode,FFCode,ScholarshipName,ScholarshipDescription,Amount) VALUES (98,86,'matrix','in faucibus orci luctus et ultrices posuere cubilia curae nulla dapibus dolor vel est donec odio justo sollicitudin ut suscipit a feugiat et eros vestibulum',58896);
INSERT INTO Scholarships(SSCode,FFCode,ScholarshipName,ScholarshipDescription,Amount) VALUES (99,76,'tertiary','velit eu est congue elementum in hac habitasse platea dictumst morbi vestibulum velit id pretium iaculis diam erat fermentum justo nec condimentum neque sapien placerat ante nulla justo aliquam quis turpis eget elit sodales scelerisque mauris sit amet eros suspendisse accumsan tortor quis turpis sed ante vivamus tortor duis mattis egestas metus aenean fermentum donec ut mauris eget massa tempor convallis nulla neque libero convallis eget eleifend luctus ultricies eu nibh quisque id justo sit amet sapien dignissim vestibulum vestibulum ante ipsum primis in faucibus orci luctus',9818);
INSERT INTO Scholarships(SSCode,FFCode,ScholarshipName,ScholarshipDescription,Amount) VALUES (100,42,'Integrated','sit amet consectetuer adipiscing elit proin interdum mauris non ligula pellentesque ultrices phasellus id sapien in sapien iaculis congue vivamus metus arcu adipiscing molestie hendrerit at vulputate vitae nisl aenean lectus pellentesque eget nunc donec quis orci eget orci vehicula condimentum curabitur in libero ut massa volutpat convallis morbi odio odio elementum eu interdum eu tincidunt in leo maecenas pulvinar lobortis est phasellus sit amet erat',95357);



DROP TABLE IF EXISTS Students;
CREATE TABLE Students(
   StudentID    INTEGER  NOT NULL PRIMARY KEY 
  ,SchoolID     INTEGER  NOT NULL
  ,CounselorID  INTEGER  NOT NULL
  ,FirstName    VARCHAR(14) NOT NULL
  ,LastName     VARCHAR(16) NOT NULL
  ,Email        VARCHAR(35) NOT NULL
  ,CurrentYear  INTEGER  NOT NULL
  ,DesiredMajor VARCHAR(24) NOT NULL
  ,DesiredMinor VARCHAR(24)
  ,SAT          INTEGER  NOT NULL
  ,ACT          INTEGER  NOT NULL
  ,GPA          FLOAT NOT NULL
  ,PhoneNumber  BIGINT  NOT NULL
);
INSERT INTO Students(StudentID,SchoolID,CounselorID,FirstName,LastName,Email,CurrentYear,DesiredMajor,DesiredMinor,SAT,ACT,GPA,PhoneNumber) VALUES (1,12,1,'Elbert','Duchateau','educhateau0@usgs.gov',2005,'Product Management',NULL,1133,1340,2.689,6772157581);
INSERT INTO Students(StudentID,SchoolID,CounselorID,FirstName,LastName,Email,CurrentYear,DesiredMajor,DesiredMinor,SAT,ACT,GPA,PhoneNumber) VALUES (2,92,26,'Micky','Grieve','mgrieve1@usa.gov',2005,'Marketing',NULL,1352,907,1.058,1434185503);
INSERT INTO Students(StudentID,SchoolID,CounselorID,FirstName,LastName,Email,CurrentYear,DesiredMajor,DesiredMinor,SAT,ACT,GPA,PhoneNumber) VALUES (3,34,24,'Paola','Lothean','plothean2@shareasale.com',2008,'Support','Engineering',508,1493,1.666,9355442921);
INSERT INTO Students(StudentID,SchoolID,CounselorID,FirstName,LastName,Email,CurrentYear,DesiredMajor,DesiredMinor,SAT,ACT,GPA,PhoneNumber) VALUES (4,39,41,'Germaine','Richardot','grichardot3@people.com.cn',2008,'Support','Training',1232,931,1.416,6173311920);
INSERT INTO Students(StudentID,SchoolID,CounselorID,FirstName,LastName,Email,CurrentYear,DesiredMajor,DesiredMinor,SAT,ACT,GPA,PhoneNumber) VALUES (5,10,10,'Araldo','Thexton','athexton4@posterous.com',2009,'Accounting','Engineering',680,1555,2.472,8871328635);
INSERT INTO Students(StudentID,SchoolID,CounselorID,FirstName,LastName,Email,CurrentYear,DesiredMajor,DesiredMinor,SAT,ACT,GPA,PhoneNumber) VALUES (6,104,25,'Inna','Brager','ibrager5@hugedomains.com',1998,'Human Resources','Legal',1492,1504,3.851,4391075039);
INSERT INTO Students(StudentID,SchoolID,CounselorID,FirstName,LastName,Email,CurrentYear,DesiredMajor,DesiredMinor,SAT,ACT,GPA,PhoneNumber) VALUES (7,125,44,'Lexis','Oldland','loldland6@who.int',1995,'Product Management',NULL,1335,862,3.033,5162095852);
INSERT INTO Students(StudentID,SchoolID,CounselorID,FirstName,LastName,Email,CurrentYear,DesiredMajor,DesiredMinor,SAT,ACT,GPA,PhoneNumber) VALUES (8,88,9,'Dall','De Fries','ddefries7@about.com',2002,'Research and Development','Research and Development',1160,1051,2.287,7483900846);
INSERT INTO Students(StudentID,SchoolID,CounselorID,FirstName,LastName,Email,CurrentYear,DesiredMajor,DesiredMinor,SAT,ACT,GPA,PhoneNumber) VALUES (9,119,3,'Vittorio','Affron','vaffron8@reverbnation.com',2003,'Legal','Sales',1357,1005,2.344,6986022656);
INSERT INTO Students(StudentID,SchoolID,CounselorID,FirstName,LastName,Email,CurrentYear,DesiredMajor,DesiredMinor,SAT,ACT,GPA,PhoneNumber) VALUES (10,52,38,'Tamqrah','Troke','ttroke9@mit.edu',1986,'Human Resources',NULL,513,585,2.577,1225242141);
INSERT INTO Students(StudentID,SchoolID,CounselorID,FirstName,LastName,Email,CurrentYear,DesiredMajor,DesiredMinor,SAT,ACT,GPA,PhoneNumber) VALUES (11,76,20,'Consalve','Kinsett','ckinsetta@google.co.uk',1997,'Engineering','Business Development',1232,1338,1.361,2927606889);
INSERT INTO Students(StudentID,SchoolID,CounselorID,FirstName,LastName,Email,CurrentYear,DesiredMajor,DesiredMinor,SAT,ACT,GPA,PhoneNumber) VALUES (12,115,49,'Abby','Dowse','adowseb@dmoz.org',1999,'Product Management','Engineering',928,1295,3.124,8315666489);
INSERT INTO Students(StudentID,SchoolID,CounselorID,FirstName,LastName,Email,CurrentYear,DesiredMajor,DesiredMinor,SAT,ACT,GPA,PhoneNumber) VALUES (13,121,43,'Loretta','Fredy','lfredyc@miibeian.gov.cn',2012,'Services','Engineering',406,503,1.912,1742633826);
INSERT INTO Students(StudentID,SchoolID,CounselorID,FirstName,LastName,Email,CurrentYear,DesiredMajor,DesiredMinor,SAT,ACT,GPA,PhoneNumber) VALUES (14,65,16,'Linc','Brevetor','lbrevetord@dyndns.org',1998,'Product Management','Accounting',1382,823,2.886,7681881603);
INSERT INTO Students(StudentID,SchoolID,CounselorID,FirstName,LastName,Email,CurrentYear,DesiredMajor,DesiredMinor,SAT,ACT,GPA,PhoneNumber) VALUES (15,80,5,'Doris','Ricart','dricarte@ucoz.ru',1995,'Human Resources','Support',1466,603,3.61,3768281338);
INSERT INTO Students(StudentID,SchoolID,CounselorID,FirstName,LastName,Email,CurrentYear,DesiredMajor,DesiredMinor,SAT,ACT,GPA,PhoneNumber) VALUES (16,35,12,'Pryce','Woodsford','pwoodsfordf@google.pl',2006,'Accounting','Legal',1192,677,2.53,9875997984);
INSERT INTO Students(StudentID,SchoolID,CounselorID,FirstName,LastName,Email,CurrentYear,DesiredMajor,DesiredMinor,SAT,ACT,GPA,PhoneNumber) VALUES (17,29,19,'Drucy','Loadman','dloadmang@ft.com',1998,'Marketing','Support',808,513,2.688,7651852183);
INSERT INTO Students(StudentID,SchoolID,CounselorID,FirstName,LastName,Email,CurrentYear,DesiredMajor,DesiredMinor,SAT,ACT,GPA,PhoneNumber) VALUES (18,37,4,'Merrie','Olech','molechh@nationalgeographic.com',1998,'Marketing','Services',612,498,1.222,4241594073);
INSERT INTO Students(StudentID,SchoolID,CounselorID,FirstName,LastName,Email,CurrentYear,DesiredMajor,DesiredMinor,SAT,ACT,GPA,PhoneNumber) VALUES (19,56,30,'Jordain','Sowle','jsowlei@chron.com',2005,'Research and Development',NULL,699,1108,3.096,7501332611);
INSERT INTO Students(StudentID,SchoolID,CounselorID,FirstName,LastName,Email,CurrentYear,DesiredMajor,DesiredMinor,SAT,ACT,GPA,PhoneNumber) VALUES (20,25,21,'Candace','Threlkeld','cthrelkeldj@fda.gov',2000,'Human Resources','Engineering',1546,1357,1.699,7106823461);
INSERT INTO Students(StudentID,SchoolID,CounselorID,FirstName,LastName,Email,CurrentYear,DesiredMajor,DesiredMinor,SAT,ACT,GPA,PhoneNumber) VALUES (21,60,14,'Imelda','Liff','iliffk@sciencedirect.com',2012,'Product Management','Legal',1312,702,1.435,5369212947);
INSERT INTO Students(StudentID,SchoolID,CounselorID,FirstName,LastName,Email,CurrentYear,DesiredMajor,DesiredMinor,SAT,ACT,GPA,PhoneNumber) VALUES (22,98,7,'Liane','Grut','lgrutl@comsenz.com',2013,'Services','Services',1309,709,3.155,8652030484);
INSERT INTO Students(StudentID,SchoolID,CounselorID,FirstName,LastName,Email,CurrentYear,DesiredMajor,DesiredMinor,SAT,ACT,GPA,PhoneNumber) VALUES (23,59,33,'Rosana','Ruffli','rrufflim@who.int',1992,'Engineering',NULL,1442,1047,3.542,6229149816);
INSERT INTO Students(StudentID,SchoolID,CounselorID,FirstName,LastName,Email,CurrentYear,DesiredMajor,DesiredMinor,SAT,ACT,GPA,PhoneNumber) VALUES (24,27,15,'Lynnell','Proske','lprosken@indiegogo.com',2005,'Accounting',NULL,1349,1318,2.438,2756335752);
INSERT INTO Students(StudentID,SchoolID,CounselorID,FirstName,LastName,Email,CurrentYear,DesiredMajor,DesiredMinor,SAT,ACT,GPA,PhoneNumber) VALUES (25,85,35,'Bartolomeo','Bauldrey','bbauldreyo@ucoz.ru',2007,'Product Management','Accounting',635,1043,2.747,6668051379);
INSERT INTO Students(StudentID,SchoolID,CounselorID,FirstName,LastName,Email,CurrentYear,DesiredMajor,DesiredMinor,SAT,ACT,GPA,PhoneNumber) VALUES (26,15,42,'Mayor','Howsam','mhowsamp@woothemes.com',2009,'Business Development','Engineering',783,1548,2.751,3941733938);
INSERT INTO Students(StudentID,SchoolID,CounselorID,FirstName,LastName,Email,CurrentYear,DesiredMajor,DesiredMinor,SAT,ACT,GPA,PhoneNumber) VALUES (27,69,39,'Luise','Larmett','llarmettq@ebay.com',1998,'Training','Legal',953,795,1.38,2079404599);
INSERT INTO Students(StudentID,SchoolID,CounselorID,FirstName,LastName,Email,CurrentYear,DesiredMajor,DesiredMinor,SAT,ACT,GPA,PhoneNumber) VALUES (28,80,32,'Eugen','Birkenhead','ebirkenheadr@cafepress.com',1993,'Marketing','Support',1396,700,3.788,4428032580);
INSERT INTO Students(StudentID,SchoolID,CounselorID,FirstName,LastName,Email,CurrentYear,DesiredMajor,DesiredMinor,SAT,ACT,GPA,PhoneNumber) VALUES (29,11,4,'Ricki','Haile','rhailes@etsy.com',2012,'Human Resources','Marketing',1377,1109,3.346,6663003749);
INSERT INTO Students(StudentID,SchoolID,CounselorID,FirstName,LastName,Email,CurrentYear,DesiredMajor,DesiredMinor,SAT,ACT,GPA,PhoneNumber) VALUES (30,52,47,'Rutherford','Weedon','rweedont@dyndns.org',1999,'Engineering',NULL,1197,1512,1.043,8942344706);
INSERT INTO Students(StudentID,SchoolID,CounselorID,FirstName,LastName,Email,CurrentYear,DesiredMajor,DesiredMinor,SAT,ACT,GPA,PhoneNumber) VALUES (31,16,26,'Giuseppe','McMichell','gmcmichellu@mail.ru',2002,'Training','Engineering',1502,646,1.615,1002692413);
INSERT INTO Students(StudentID,SchoolID,CounselorID,FirstName,LastName,Email,CurrentYear,DesiredMajor,DesiredMinor,SAT,ACT,GPA,PhoneNumber) VALUES (32,53,19,'Ilsa','Vicary','ivicaryv@altervista.org',1985,'Engineering','Business Development',1065,1382,1.201,1579015212);
INSERT INTO Students(StudentID,SchoolID,CounselorID,FirstName,LastName,Email,CurrentYear,DesiredMajor,DesiredMinor,SAT,ACT,GPA,PhoneNumber) VALUES (33,67,21,'Klement','Loan','kloanw@nih.gov',1999,'Human Resources','Product Management',566,694,1.53,4578203059);
INSERT INTO Students(StudentID,SchoolID,CounselorID,FirstName,LastName,Email,CurrentYear,DesiredMajor,DesiredMinor,SAT,ACT,GPA,PhoneNumber) VALUES (34,51,49,'Huntlee','Zotto','hzottox@about.me',2009,'Services',NULL,1564,1329,1.79,3939421793);
INSERT INTO Students(StudentID,SchoolID,CounselorID,FirstName,LastName,Email,CurrentYear,DesiredMajor,DesiredMinor,SAT,ACT,GPA,PhoneNumber) VALUES (35,47,27,'Elaine','Fellman','efellmany@latimes.com',2002,'Support','Legal',777,1359,1.118,6493325865);
INSERT INTO Students(StudentID,SchoolID,CounselorID,FirstName,LastName,Email,CurrentYear,DesiredMajor,DesiredMinor,SAT,ACT,GPA,PhoneNumber) VALUES (36,23,35,'Karel','Scolts','kscoltsz@weather.com',2011,'Human Resources',NULL,845,1019,2.847,8037147011);
INSERT INTO Students(StudentID,SchoolID,CounselorID,FirstName,LastName,Email,CurrentYear,DesiredMajor,DesiredMinor,SAT,ACT,GPA,PhoneNumber) VALUES (37,117,37,'Joshua','Shirt','jshirt10@paginegialle.it',1996,'Legal',NULL,1594,616,2.929,7522445241);
INSERT INTO Students(StudentID,SchoolID,CounselorID,FirstName,LastName,Email,CurrentYear,DesiredMajor,DesiredMinor,SAT,ACT,GPA,PhoneNumber) VALUES (38,50,17,'Maximo','Sloane','msloane11@networksolutions.com',2003,'Product Management','Marketing',1031,1401,3.961,4028694735);
INSERT INTO Students(StudentID,SchoolID,CounselorID,FirstName,LastName,Email,CurrentYear,DesiredMajor,DesiredMinor,SAT,ACT,GPA,PhoneNumber) VALUES (39,77,12,'Parnell','Cabrara','pcabrara12@jimdo.com',2003,'Sales',NULL,1017,400,3.817,5986924491);
INSERT INTO Students(StudentID,SchoolID,CounselorID,FirstName,LastName,Email,CurrentYear,DesiredMajor,DesiredMinor,SAT,ACT,GPA,PhoneNumber) VALUES (40,64,28,'Shane','Houlison','shoulison13@wufoo.com',2000,'Marketing',NULL,477,918,2.807,6676387559);
INSERT INTO Students(StudentID,SchoolID,CounselorID,FirstName,LastName,Email,CurrentYear,DesiredMajor,DesiredMinor,SAT,ACT,GPA,PhoneNumber) VALUES (41,97,8,'Franzen','Wight','fwight14@oakley.com',1989,'Product Management','Product Management',754,1237,2.4,3662086644);
INSERT INTO Students(StudentID,SchoolID,CounselorID,FirstName,LastName,Email,CurrentYear,DesiredMajor,DesiredMinor,SAT,ACT,GPA,PhoneNumber) VALUES (42,73,3,'Alard','Eddolls','aeddolls15@usnews.com',1992,'Business Development','Training',881,888,1.022,8488624124);
INSERT INTO Students(StudentID,SchoolID,CounselorID,FirstName,LastName,Email,CurrentYear,DesiredMajor,DesiredMinor,SAT,ACT,GPA,PhoneNumber) VALUES (43,118,50,'Jozef','Coneau','jconeau16@irs.gov',2001,'Services',NULL,1225,1411,3.076,9143513045);
INSERT INTO Students(StudentID,SchoolID,CounselorID,FirstName,LastName,Email,CurrentYear,DesiredMajor,DesiredMinor,SAT,ACT,GPA,PhoneNumber) VALUES (44,62,34,'Astrid','Jurgenson','ajurgenson17@a8.net',2012,'Research and Development','Services',1389,1358,2.952,9531494169);
INSERT INTO Students(StudentID,SchoolID,CounselorID,FirstName,LastName,Email,CurrentYear,DesiredMajor,DesiredMinor,SAT,ACT,GPA,PhoneNumber) VALUES (45,4,10,'Gwendolen','Prescott','gprescott18@bing.com',2001,'Business Development','Support',1365,1351,2.752,4659845576);
INSERT INTO Students(StudentID,SchoolID,CounselorID,FirstName,LastName,Email,CurrentYear,DesiredMajor,DesiredMinor,SAT,ACT,GPA,PhoneNumber) VALUES (46,57,30,'Guillemette','Reary','greary19@feedburner.com',1997,'Business Development',NULL,1046,1039,1.358,2129427060);
INSERT INTO Students(StudentID,SchoolID,CounselorID,FirstName,LastName,Email,CurrentYear,DesiredMajor,DesiredMinor,SAT,ACT,GPA,PhoneNumber) VALUES (47,79,20,'Lorene','Grain','lgrain1a@sfgate.com',2006,'Engineering','Support',1159,1307,1.897,3991789008);
INSERT INTO Students(StudentID,SchoolID,CounselorID,FirstName,LastName,Email,CurrentYear,DesiredMajor,DesiredMinor,SAT,ACT,GPA,PhoneNumber) VALUES (48,87,2,'Ichabod','Pacey','ipacey1b@blogs.com',2000,'Product Management',NULL,1103,999,2.757,3388113400);
INSERT INTO Students(StudentID,SchoolID,CounselorID,FirstName,LastName,Email,CurrentYear,DesiredMajor,DesiredMinor,SAT,ACT,GPA,PhoneNumber) VALUES (49,101,13,'Far','Srawley','fsrawley1c@china.com.cn',2004,'Product Management','Human Resources',835,901,3.503,7083137747);
INSERT INTO Students(StudentID,SchoolID,CounselorID,FirstName,LastName,Email,CurrentYear,DesiredMajor,DesiredMinor,SAT,ACT,GPA,PhoneNumber) VALUES (50,115,48,'Eryn','Cleft','ecleft1d@vinaora.com',1995,'Support','Engineering',832,1405,1.427,8373299861);
INSERT INTO Students(StudentID,SchoolID,CounselorID,FirstName,LastName,Email,CurrentYear,DesiredMajor,DesiredMinor,SAT,ACT,GPA,PhoneNumber) VALUES (51,3,23,'Arnuad','Tippler','atippler1e@usgs.gov',1985,'Engineering',NULL,581,1391,3.268,8814047711);
INSERT INTO Students(StudentID,SchoolID,CounselorID,FirstName,LastName,Email,CurrentYear,DesiredMajor,DesiredMinor,SAT,ACT,GPA,PhoneNumber) VALUES (52,68,12,'Bradly','Whannel','bwhannel1f@ask.com',1993,'Support',NULL,496,722,2.048,3573953534);
INSERT INTO Students(StudentID,SchoolID,CounselorID,FirstName,LastName,Email,CurrentYear,DesiredMajor,DesiredMinor,SAT,ACT,GPA,PhoneNumber) VALUES (53,19,37,'Calli','Churching','cchurching1g@spotify.com',2005,'Support','Sales',1371,1578,2.899,8373812463);
INSERT INTO Students(StudentID,SchoolID,CounselorID,FirstName,LastName,Email,CurrentYear,DesiredMajor,DesiredMinor,SAT,ACT,GPA,PhoneNumber) VALUES (54,29,38,'Chris','Whyborn','cwhyborn1h@blogspot.com',1996,'Product Management',NULL,1047,560,2.761,9661779526);
INSERT INTO Students(StudentID,SchoolID,CounselorID,FirstName,LastName,Email,CurrentYear,DesiredMajor,DesiredMinor,SAT,ACT,GPA,PhoneNumber) VALUES (55,11,19,'Agnesse','Eastes','aeastes1i@example.com',1990,'Engineering','Research and Development',433,486,3.411,2504193747);
INSERT INTO Students(StudentID,SchoolID,CounselorID,FirstName,LastName,Email,CurrentYear,DesiredMajor,DesiredMinor,SAT,ACT,GPA,PhoneNumber) VALUES (56,42,22,'Efren','Greve','egreve1j@apple.com',2010,'Engineering','Services',1488,446,3.288,7509655060);
INSERT INTO Students(StudentID,SchoolID,CounselorID,FirstName,LastName,Email,CurrentYear,DesiredMajor,DesiredMinor,SAT,ACT,GPA,PhoneNumber) VALUES (57,57,39,'Dedie','McGeagh','dmcgeagh1k@meetup.com',1989,'Legal','Business Development',446,522,1.771,9325887979);
INSERT INTO Students(StudentID,SchoolID,CounselorID,FirstName,LastName,Email,CurrentYear,DesiredMajor,DesiredMinor,SAT,ACT,GPA,PhoneNumber) VALUES (58,93,21,'Shauna','Korlat','skorlat1l@mlb.com',1990,'Engineering','Legal',1565,644,1.03,7508810754);
INSERT INTO Students(StudentID,SchoolID,CounselorID,FirstName,LastName,Email,CurrentYear,DesiredMajor,DesiredMinor,SAT,ACT,GPA,PhoneNumber) VALUES (59,95,47,'Dominik','Copley','dcopley1m@fc2.com',2002,'Product Management','Services',1103,577,3.61,4412713659);
INSERT INTO Students(StudentID,SchoolID,CounselorID,FirstName,LastName,Email,CurrentYear,DesiredMajor,DesiredMinor,SAT,ACT,GPA,PhoneNumber) VALUES (60,72,36,'Allix','Grimditch','agrimditch1n@whitehouse.gov',1990,'Sales','Services',1384,1207,3.634,6999155616);
INSERT INTO Students(StudentID,SchoolID,CounselorID,FirstName,LastName,Email,CurrentYear,DesiredMajor,DesiredMinor,SAT,ACT,GPA,PhoneNumber) VALUES (61,84,28,'Granny','Tallquist','gtallquist1o@furl.net',1994,'Business Development','Human Resources',1218,1132,3.412,1974081100);
INSERT INTO Students(StudentID,SchoolID,CounselorID,FirstName,LastName,Email,CurrentYear,DesiredMajor,DesiredMinor,SAT,ACT,GPA,PhoneNumber) VALUES (62,81,5,'Juana','Vere','jvere1p@1und1.de',2007,'Marketing','Services',530,785,1.685,2918162107);
INSERT INTO Students(StudentID,SchoolID,CounselorID,FirstName,LastName,Email,CurrentYear,DesiredMajor,DesiredMinor,SAT,ACT,GPA,PhoneNumber) VALUES (63,52,20,'Melissa','Forryan','mforryan1q@people.com.cn',1998,'Human Resources',NULL,1294,531,2.608,3178503634);
INSERT INTO Students(StudentID,SchoolID,CounselorID,FirstName,LastName,Email,CurrentYear,DesiredMajor,DesiredMinor,SAT,ACT,GPA,PhoneNumber) VALUES (64,43,2,'Gaylor','Gabotti','ggabotti1r@t.co',2007,'Human Resources',NULL,403,452,2.74,5041998552);
INSERT INTO Students(StudentID,SchoolID,CounselorID,FirstName,LastName,Email,CurrentYear,DesiredMajor,DesiredMinor,SAT,ACT,GPA,PhoneNumber) VALUES (65,80,31,'Axel','Bonnell','abonnell1s@bandcamp.com',2009,'Accounting','Training',488,842,1.421,1416340526);
INSERT INTO Students(StudentID,SchoolID,CounselorID,FirstName,LastName,Email,CurrentYear,DesiredMajor,DesiredMinor,SAT,ACT,GPA,PhoneNumber) VALUES (66,75,30,'Weston','Pavolini','wpavolini1t@redcross.org',2006,'Business Development','Engineering',536,1384,1.579,2609251724);
INSERT INTO Students(StudentID,SchoolID,CounselorID,FirstName,LastName,Email,CurrentYear,DesiredMajor,DesiredMinor,SAT,ACT,GPA,PhoneNumber) VALUES (67,33,40,'Chance','Gozzard','cgozzard1u@imdb.com',1996,'Sales','Accounting',1227,1561,2.084,4451643978);
INSERT INTO Students(StudentID,SchoolID,CounselorID,FirstName,LastName,Email,CurrentYear,DesiredMajor,DesiredMinor,SAT,ACT,GPA,PhoneNumber) VALUES (68,77,11,'Fredrick','Gerrelts','fgerrelts1v@whitehouse.gov',1990,'Accounting','Sales',505,1202,2.965,7873668932);
INSERT INTO Students(StudentID,SchoolID,CounselorID,FirstName,LastName,Email,CurrentYear,DesiredMajor,DesiredMinor,SAT,ACT,GPA,PhoneNumber) VALUES (69,56,33,'Prudi','Golby','pgolby1w@tripadvisor.com',1989,'Services','Legal',1045,712,1.212,1822316479);
INSERT INTO Students(StudentID,SchoolID,CounselorID,FirstName,LastName,Email,CurrentYear,DesiredMajor,DesiredMinor,SAT,ACT,GPA,PhoneNumber) VALUES (70,82,4,'Cecil','Marton','cmarton1x@twitter.com',2003,'Support',NULL,716,1327,2.355,6659178829);
INSERT INTO Students(StudentID,SchoolID,CounselorID,FirstName,LastName,Email,CurrentYear,DesiredMajor,DesiredMinor,SAT,ACT,GPA,PhoneNumber) VALUES (71,41,42,'Alyss','Garbutt','agarbutt1y@goo.gl',2009,'Legal','Sales',1426,1550,2.035,6161933074);
INSERT INTO Students(StudentID,SchoolID,CounselorID,FirstName,LastName,Email,CurrentYear,DesiredMajor,DesiredMinor,SAT,ACT,GPA,PhoneNumber) VALUES (72,44,27,'Thurston','Ailward','tailward1z@gmpg.org',1995,'Engineering',NULL,1430,496,2.014,9313681257);
INSERT INTO Students(StudentID,SchoolID,CounselorID,FirstName,LastName,Email,CurrentYear,DesiredMajor,DesiredMinor,SAT,ACT,GPA,PhoneNumber) VALUES (73,119,18,'Erica','Manlow','emanlow20@scribd.com',2008,'Engineering','Marketing',1187,1308,2.046,6625776108);
INSERT INTO Students(StudentID,SchoolID,CounselorID,FirstName,LastName,Email,CurrentYear,DesiredMajor,DesiredMinor,SAT,ACT,GPA,PhoneNumber) VALUES (74,50,6,'Giffard','De Hooge','gdehooge21@vk.com',2002,'Sales','Sales',1358,783,2.055,3929762852);
INSERT INTO Students(StudentID,SchoolID,CounselorID,FirstName,LastName,Email,CurrentYear,DesiredMajor,DesiredMinor,SAT,ACT,GPA,PhoneNumber) VALUES (75,21,50,'Emiline','Pemble','epemble22@squidoo.com',2007,'Research and Development','Engineering',1392,1440,3.747,1264151941);
INSERT INTO Students(StudentID,SchoolID,CounselorID,FirstName,LastName,Email,CurrentYear,DesiredMajor,DesiredMinor,SAT,ACT,GPA,PhoneNumber) VALUES (76,14,14,'Ana','Egentan','aegentan23@ow.ly',1993,'Training',NULL,1191,704,3.419,1594738476);
INSERT INTO Students(StudentID,SchoolID,CounselorID,FirstName,LastName,Email,CurrentYear,DesiredMajor,DesiredMinor,SAT,ACT,GPA,PhoneNumber) VALUES (77,97,47,'Eloise','Bourdon','ebourdon24@dell.com',1965,'Accounting','Accounting',1360,945,1.301,3167222477);
INSERT INTO Students(StudentID,SchoolID,CounselorID,FirstName,LastName,Email,CurrentYear,DesiredMajor,DesiredMinor,SAT,ACT,GPA,PhoneNumber) VALUES (78,85,44,'Saleem','Sharpe','ssharpe25@nydailynews.com',2003,'Engineering','Training',442,1226,3.602,7905663353);
INSERT INTO Students(StudentID,SchoolID,CounselorID,FirstName,LastName,Email,CurrentYear,DesiredMajor,DesiredMinor,SAT,ACT,GPA,PhoneNumber) VALUES (79,70,46,'Alfie','Lineen','alineen26@slideshare.net',2006,'Legal','Training',619,1215,3.218,4776200200);
INSERT INTO Students(StudentID,SchoolID,CounselorID,FirstName,LastName,Email,CurrentYear,DesiredMajor,DesiredMinor,SAT,ACT,GPA,PhoneNumber) VALUES (80,103,40,'Brendin','Matusov','bmatusov27@g.co',2003,'Engineering',NULL,714,411,2.08,4286114068);
INSERT INTO Students(StudentID,SchoolID,CounselorID,FirstName,LastName,Email,CurrentYear,DesiredMajor,DesiredMinor,SAT,ACT,GPA,PhoneNumber) VALUES (81,111,7,'Gardy','Doorbar','gdoorbar28@dailymotion.com',1995,'Business Development','Research and Development',768,596,2.881,2799885108);
INSERT INTO Students(StudentID,SchoolID,CounselorID,FirstName,LastName,Email,CurrentYear,DesiredMajor,DesiredMinor,SAT,ACT,GPA,PhoneNumber) VALUES (82,95,33,'Edmund','Pelcheur','epelcheur29@msn.com',2007,'Product Management','Support',522,1171,3.704,7761366865);
INSERT INTO Students(StudentID,SchoolID,CounselorID,FirstName,LastName,Email,CurrentYear,DesiredMajor,DesiredMinor,SAT,ACT,GPA,PhoneNumber) VALUES (83,114,28,'Morrie','Ludovico','mludovico2a@chicagotribune.com',2008,'Research and Development',NULL,1552,768,1.4,4853690276);
INSERT INTO Students(StudentID,SchoolID,CounselorID,FirstName,LastName,Email,CurrentYear,DesiredMajor,DesiredMinor,SAT,ACT,GPA,PhoneNumber) VALUES (84,73,27,'Amory','Pocock','apocock2b@ning.com',2002,'Sales',NULL,583,711,3.598,2551938043);
INSERT INTO Students(StudentID,SchoolID,CounselorID,FirstName,LastName,Email,CurrentYear,DesiredMajor,DesiredMinor,SAT,ACT,GPA,PhoneNumber) VALUES (85,108,31,'Iorgos','Dearnaley','idearnaley2c@histats.com',2004,'Training','Services',541,1518,1.494,9077650331);
INSERT INTO Students(StudentID,SchoolID,CounselorID,FirstName,LastName,Email,CurrentYear,DesiredMajor,DesiredMinor,SAT,ACT,GPA,PhoneNumber) VALUES (86,19,34,'Judah','Gonoude','jgonoude2d@ezinearticles.com',2010,'Services','Marketing',1149,569,1.166,2873910115);
INSERT INTO Students(StudentID,SchoolID,CounselorID,FirstName,LastName,Email,CurrentYear,DesiredMajor,DesiredMinor,SAT,ACT,GPA,PhoneNumber) VALUES (87,48,42,'Saidee','Betteney','sbetteney2e@youtube.com',1994,'Business Development','Engineering',830,1234,3.144,2321130593);
INSERT INTO Students(StudentID,SchoolID,CounselorID,FirstName,LastName,Email,CurrentYear,DesiredMajor,DesiredMinor,SAT,ACT,GPA,PhoneNumber) VALUES (88,71,45,'Dimitry','Noads','dnoads2f@reuters.com',2012,'Engineering','Legal',978,1094,3.441,5599038364);
INSERT INTO Students(StudentID,SchoolID,CounselorID,FirstName,LastName,Email,CurrentYear,DesiredMajor,DesiredMinor,SAT,ACT,GPA,PhoneNumber) VALUES (89,9,16,'Linnell','Ashmore','lashmore2g@cnbc.com',1992,'Training','Product Management',763,603,1.041,2412695751);
INSERT INTO Students(StudentID,SchoolID,CounselorID,FirstName,LastName,Email,CurrentYear,DesiredMajor,DesiredMinor,SAT,ACT,GPA,PhoneNumber) VALUES (90,28,1,'Hunfredo','Bortol','hbortol2h@omniture.com',1996,'Business Development','Business Development',465,1235,1.619,7152726367);
INSERT INTO Students(StudentID,SchoolID,CounselorID,FirstName,LastName,Email,CurrentYear,DesiredMajor,DesiredMinor,SAT,ACT,GPA,PhoneNumber) VALUES (91,60,9,'Alica','Baiden','abaiden2i@github.io',2001,'Training',NULL,723,474,2.15,5035496584);
INSERT INTO Students(StudentID,SchoolID,CounselorID,FirstName,LastName,Email,CurrentYear,DesiredMajor,DesiredMinor,SAT,ACT,GPA,PhoneNumber) VALUES (92,36,50,'Ora','Bowman','obowman2j@wix.com',2000,'Support','Legal',1126,491,1.017,8019543088);
INSERT INTO Students(StudentID,SchoolID,CounselorID,FirstName,LastName,Email,CurrentYear,DesiredMajor,DesiredMinor,SAT,ACT,GPA,PhoneNumber) VALUES (93,69,48,'Pincus','Keough','pkeough2k@feedburner.com',2004,'Human Resources','Accounting',756,1432,3.806,5054324755);
INSERT INTO Students(StudentID,SchoolID,CounselorID,FirstName,LastName,Email,CurrentYear,DesiredMajor,DesiredMinor,SAT,ACT,GPA,PhoneNumber) VALUES (94,21,29,'Dulcie','Birds','dbirds2l@bluehost.com',1988,'Support',NULL,920,1144,2.486,9338962248);
INSERT INTO Students(StudentID,SchoolID,CounselorID,FirstName,LastName,Email,CurrentYear,DesiredMajor,DesiredMinor,SAT,ACT,GPA,PhoneNumber) VALUES (95,72,5,'Bret','Ludlem','bludlem2m@salon.com',2008,'Product Management','Research and Development',978,658,3.46,6201479877);
INSERT INTO Students(StudentID,SchoolID,CounselorID,FirstName,LastName,Email,CurrentYear,DesiredMajor,DesiredMinor,SAT,ACT,GPA,PhoneNumber) VALUES (96,79,11,'Derek','Smieton','dsmieton2n@addtoany.com',2012,'Services','Legal',868,1420,2.943,3883581114);
INSERT INTO Students(StudentID,SchoolID,CounselorID,FirstName,LastName,Email,CurrentYear,DesiredMajor,DesiredMinor,SAT,ACT,GPA,PhoneNumber) VALUES (97,3,10,'Charlotta','Beaument','cbeaument2o@tiny.cc',2004,'Business Development','Training',826,690,1.349,7076397683);
INSERT INTO Students(StudentID,SchoolID,CounselorID,FirstName,LastName,Email,CurrentYear,DesiredMajor,DesiredMinor,SAT,ACT,GPA,PhoneNumber) VALUES (98,4,18,'Aila','Roch','aroch2p@squarespace.com',2004,'Research and Development','Legal',788,1321,3.8,5077177966);
INSERT INTO Students(StudentID,SchoolID,CounselorID,FirstName,LastName,Email,CurrentYear,DesiredMajor,DesiredMinor,SAT,ACT,GPA,PhoneNumber) VALUES (99,117,30,'Hally','Hambric','hhambric2q@archive.org',2006,'Training','Legal',714,610,3.36,2746516260);
INSERT INTO Students(StudentID,SchoolID,CounselorID,FirstName,LastName,Email,CurrentYear,DesiredMajor,DesiredMinor,SAT,ACT,GPA,PhoneNumber) VALUES (100,75,8,'Lee','Stebles','lstebles2r@digg.com',2002,'Product Management','Product Management',903,627,1.298,1231379734);
INSERT INTO Students(StudentID,SchoolID,CounselorID,FirstName,LastName,Email,CurrentYear,DesiredMajor,DesiredMinor,SAT,ACT,GPA,PhoneNumber) VALUES (101,12,44,'Mona','Raggles','mraggles2s@msu.edu',2008,'Accounting','Marketing',1590,1530,1.349,5356108441);
INSERT INTO Students(StudentID,SchoolID,CounselorID,FirstName,LastName,Email,CurrentYear,DesiredMajor,DesiredMinor,SAT,ACT,GPA,PhoneNumber) VALUES (102,75,14,'Cristine','Goudman','cgoudman2t@tumblr.com',2010,'Product Management','Marketing',1354,1441,1.071,4087945769);
INSERT INTO Students(StudentID,SchoolID,CounselorID,FirstName,LastName,Email,CurrentYear,DesiredMajor,DesiredMinor,SAT,ACT,GPA,PhoneNumber) VALUES (103,47,10,'June','Oldnall','joldnall2u@taobao.com',2003,'Engineering','Engineering',743,1187,3.949,8331637034);
INSERT INTO Students(StudentID,SchoolID,CounselorID,FirstName,LastName,Email,CurrentYear,DesiredMajor,DesiredMinor,SAT,ACT,GPA,PhoneNumber) VALUES (104,43,12,'Matti','Stratford','mstratford2v@umn.edu',2001,'Sales','Product Management',1217,1364,3.975,6733943837);
INSERT INTO Students(StudentID,SchoolID,CounselorID,FirstName,LastName,Email,CurrentYear,DesiredMajor,DesiredMinor,SAT,ACT,GPA,PhoneNumber) VALUES (105,100,40,'Sophie','Barcke','sbarcke2w@soundcloud.com',2001,'Services','Legal',1593,1277,1.054,6671029691);
INSERT INTO Students(StudentID,SchoolID,CounselorID,FirstName,LastName,Email,CurrentYear,DesiredMajor,DesiredMinor,SAT,ACT,GPA,PhoneNumber) VALUES (106,90,30,'Ivie','Henrionot','ihenrionot2x@utexas.edu',2004,'Research and Development','Research and Development',1563,1284,1.76,9099634483);
INSERT INTO Students(StudentID,SchoolID,CounselorID,FirstName,LastName,Email,CurrentYear,DesiredMajor,DesiredMinor,SAT,ACT,GPA,PhoneNumber) VALUES (107,108,50,'Tedie','Billington','tbillington2y@amazon.co.uk',1999,'Human Resources','Training',744,1187,2.282,8265530044);
INSERT INTO Students(StudentID,SchoolID,CounselorID,FirstName,LastName,Email,CurrentYear,DesiredMajor,DesiredMinor,SAT,ACT,GPA,PhoneNumber) VALUES (108,68,31,'Gaylene','Ranyell','granyell2z@google.pl',1995,'Engineering','Support',433,464,3.883,6099540791);
INSERT INTO Students(StudentID,SchoolID,CounselorID,FirstName,LastName,Email,CurrentYear,DesiredMajor,DesiredMinor,SAT,ACT,GPA,PhoneNumber) VALUES (109,49,26,'Bradly','Cushworth','bcushworth30@hp.com',1968,'Support','Human Resources',425,1540,2.412,6243332748);
INSERT INTO Students(StudentID,SchoolID,CounselorID,FirstName,LastName,Email,CurrentYear,DesiredMajor,DesiredMinor,SAT,ACT,GPA,PhoneNumber) VALUES (110,2,35,'Alison','Cleeve','acleeve31@comcast.net',2003,'Engineering',NULL,833,1033,2.645,6091302768);
INSERT INTO Students(StudentID,SchoolID,CounselorID,FirstName,LastName,Email,CurrentYear,DesiredMajor,DesiredMinor,SAT,ACT,GPA,PhoneNumber) VALUES (111,73,49,'Bone','Jaegar','bjaegar32@linkedin.com',1996,'Business Development','Engineering',1515,810,3.914,7173749769);
INSERT INTO Students(StudentID,SchoolID,CounselorID,FirstName,LastName,Email,CurrentYear,DesiredMajor,DesiredMinor,SAT,ACT,GPA,PhoneNumber) VALUES (112,24,39,'Ali','Kilshaw','akilshaw33@51.la',2000,'Marketing','Marketing',1179,1364,3.864,6559425687);
INSERT INTO Students(StudentID,SchoolID,CounselorID,FirstName,LastName,Email,CurrentYear,DesiredMajor,DesiredMinor,SAT,ACT,GPA,PhoneNumber) VALUES (113,72,22,'Lilith','McKenny','lmckenny34@bravesites.com',1995,'Product Management',NULL,909,1192,3.546,8809297720);
INSERT INTO Students(StudentID,SchoolID,CounselorID,FirstName,LastName,Email,CurrentYear,DesiredMajor,DesiredMinor,SAT,ACT,GPA,PhoneNumber) VALUES (114,38,7,'Lester','Essberger','lessberger35@squidoo.com',2004,'Support','Human Resources',489,1533,3.973,5784152434);
INSERT INTO Students(StudentID,SchoolID,CounselorID,FirstName,LastName,Email,CurrentYear,DesiredMajor,DesiredMinor,SAT,ACT,GPA,PhoneNumber) VALUES (115,119,5,'Freida','Speenden','fspeenden36@blogs.com',2001,'Training',NULL,982,1166,3.856,8998313715);
INSERT INTO Students(StudentID,SchoolID,CounselorID,FirstName,LastName,Email,CurrentYear,DesiredMajor,DesiredMinor,SAT,ACT,GPA,PhoneNumber) VALUES (116,88,19,'Aloysius','Stoffer','astoffer37@tripod.com',2004,'Engineering','Business Development',886,1427,2.163,4107717296);
INSERT INTO Students(StudentID,SchoolID,CounselorID,FirstName,LastName,Email,CurrentYear,DesiredMajor,DesiredMinor,SAT,ACT,GPA,PhoneNumber) VALUES (117,101,34,'Margie','Rothera','mrothera38@economist.com',2005,'Services','Legal',613,1027,1.41,2328293839);
INSERT INTO Students(StudentID,SchoolID,CounselorID,FirstName,LastName,Email,CurrentYear,DesiredMajor,DesiredMinor,SAT,ACT,GPA,PhoneNumber) VALUES (118,62,21,'Osmond','Allsupp','oallsupp39@ft.com',1998,'Marketing','Engineering',982,772,1.405,2704862876);
INSERT INTO Students(StudentID,SchoolID,CounselorID,FirstName,LastName,Email,CurrentYear,DesiredMajor,DesiredMinor,SAT,ACT,GPA,PhoneNumber) VALUES (119,113,37,'Alysia','Blues','ablues3a@bing.com',1984,'Human Resources','Legal',1057,985,2.275,2086174577);
INSERT INTO Students(StudentID,SchoolID,CounselorID,FirstName,LastName,Email,CurrentYear,DesiredMajor,DesiredMinor,SAT,ACT,GPA,PhoneNumber) VALUES (120,22,46,'Welsh','Passmore','wpassmore3b@sfgate.com',2000,'Training','Engineering',1049,666,2.553,7827562102);
INSERT INTO Students(StudentID,SchoolID,CounselorID,FirstName,LastName,Email,CurrentYear,DesiredMajor,DesiredMinor,SAT,ACT,GPA,PhoneNumber) VALUES (121,48,23,'Perceval','MacAdam','pmacadam3c@patch.com',2004,'Human Resources',NULL,1156,1230,2.997,9831971607);
INSERT INTO Students(StudentID,SchoolID,CounselorID,FirstName,LastName,Email,CurrentYear,DesiredMajor,DesiredMinor,SAT,ACT,GPA,PhoneNumber) VALUES (122,20,16,'Keslie','Lannen','klannen3d@state.tx.us',2012,'Marketing','Business Development',1556,1069,2.598,2121794234);
INSERT INTO Students(StudentID,SchoolID,CounselorID,FirstName,LastName,Email,CurrentYear,DesiredMajor,DesiredMinor,SAT,ACT,GPA,PhoneNumber) VALUES (123,34,3,'Dana','Sazio','dsazio3e@nsw.gov.au',1995,'Accounting','Engineering',943,1365,2.629,1366355629);
INSERT INTO Students(StudentID,SchoolID,CounselorID,FirstName,LastName,Email,CurrentYear,DesiredMajor,DesiredMinor,SAT,ACT,GPA,PhoneNumber) VALUES (124,107,27,'Dimitry','Tague','dtague3f@woothemes.com',2011,'Human Resources','Services',863,1194,3.864,4513036278);
INSERT INTO Students(StudentID,SchoolID,CounselorID,FirstName,LastName,Email,CurrentYear,DesiredMajor,DesiredMinor,SAT,ACT,GPA,PhoneNumber) VALUES (125,51,15,'Tod','Thorneloe','tthorneloe3g@spiegel.de',2007,'Human Resources','Services',524,1142,3.995,1171530264);
INSERT INTO Students(StudentID,SchoolID,CounselorID,FirstName,LastName,Email,CurrentYear,DesiredMajor,DesiredMinor,SAT,ACT,GPA,PhoneNumber) VALUES (126,45,15,'Mitch','Darycott','mdarycott3h@blogspot.com',2010,'Marketing','Human Resources',827,659,2.284,9931627001);
INSERT INTO Students(StudentID,SchoolID,CounselorID,FirstName,LastName,Email,CurrentYear,DesiredMajor,DesiredMinor,SAT,ACT,GPA,PhoneNumber) VALUES (127,14,23,'Dwain','Gaze','dgaze3i@spiegel.de',1997,'Product Management','Support',685,635,2.404,3905751190);
INSERT INTO Students(StudentID,SchoolID,CounselorID,FirstName,LastName,Email,CurrentYear,DesiredMajor,DesiredMinor,SAT,ACT,GPA,PhoneNumber) VALUES (128,35,47,'Thomasina','Jagson','tjagson3j@edublogs.org',2000,'Training',NULL,1416,1543,1.199,8633453390);
INSERT INTO Students(StudentID,SchoolID,CounselorID,FirstName,LastName,Email,CurrentYear,DesiredMajor,DesiredMinor,SAT,ACT,GPA,PhoneNumber) VALUES (129,7,31,'Regan','Phibb','rphibb3k@buzzfeed.com',1989,'Product Management',NULL,1344,1045,2.93,8179326946);
INSERT INTO Students(StudentID,SchoolID,CounselorID,FirstName,LastName,Email,CurrentYear,DesiredMajor,DesiredMinor,SAT,ACT,GPA,PhoneNumber) VALUES (130,111,14,'Angel','Rewcassell','arewcassell3l@woothemes.com',1996,'Support','Marketing',1222,575,2.593,4821353342);
INSERT INTO Students(StudentID,SchoolID,CounselorID,FirstName,LastName,Email,CurrentYear,DesiredMajor,DesiredMinor,SAT,ACT,GPA,PhoneNumber) VALUES (131,54,30,'Norrie','Antonioni','nantonioni3m@twitter.com',2000,'Support','Marketing',1458,1456,3.247,8384230460);
INSERT INTO Students(StudentID,SchoolID,CounselorID,FirstName,LastName,Email,CurrentYear,DesiredMajor,DesiredMinor,SAT,ACT,GPA,PhoneNumber) VALUES (132,55,20,'Florette','Hampstead','fhampstead3n@toplist.cz',2002,'Product Management','Support',770,784,2.737,4639172749);
INSERT INTO Students(StudentID,SchoolID,CounselorID,FirstName,LastName,Email,CurrentYear,DesiredMajor,DesiredMinor,SAT,ACT,GPA,PhoneNumber) VALUES (133,114,24,'Forester','Shaddock','fshaddock3o@facebook.com',1994,'Sales',NULL,414,516,3.972,3519343604);
INSERT INTO Students(StudentID,SchoolID,CounselorID,FirstName,LastName,Email,CurrentYear,DesiredMajor,DesiredMinor,SAT,ACT,GPA,PhoneNumber) VALUES (134,68,29,'Pavia','Kiezler','pkiezler3p@dmoz.org',1984,'Training','Engineering',1181,529,3.46,7253774108);
INSERT INTO Students(StudentID,SchoolID,CounselorID,FirstName,LastName,Email,CurrentYear,DesiredMajor,DesiredMinor,SAT,ACT,GPA,PhoneNumber) VALUES (135,29,7,'Dur','Ducarel','dducarel3q@diigo.com',1991,'Accounting',NULL,954,1331,2.525,2482235866);
INSERT INTO Students(StudentID,SchoolID,CounselorID,FirstName,LastName,Email,CurrentYear,DesiredMajor,DesiredMinor,SAT,ACT,GPA,PhoneNumber) VALUES (136,5,37,'Lanie','Lesek','llesek3r@bravesites.com',1998,'Engineering','Sales',955,553,2.674,3796170956);
INSERT INTO Students(StudentID,SchoolID,CounselorID,FirstName,LastName,Email,CurrentYear,DesiredMajor,DesiredMinor,SAT,ACT,GPA,PhoneNumber) VALUES (137,93,49,'Golda','Ludvigsen','gludvigsen3s@ning.com',1990,'Research and Development','Support',1282,1499,3.599,9042450622);
INSERT INTO Students(StudentID,SchoolID,CounselorID,FirstName,LastName,Email,CurrentYear,DesiredMajor,DesiredMinor,SAT,ACT,GPA,PhoneNumber) VALUES (138,36,48,'Leonelle','Hubberstey','lhubberstey3t@disqus.com',1997,'Marketing','Human Resources',1538,748,2.546,6832069666);
INSERT INTO Students(StudentID,SchoolID,CounselorID,FirstName,LastName,Email,CurrentYear,DesiredMajor,DesiredMinor,SAT,ACT,GPA,PhoneNumber) VALUES (139,120,26,'Moishe','Houndson','mhoundson3u@networksolutions.com',2005,'Marketing','Research and Development',429,654,3.807,7934708370);
INSERT INTO Students(StudentID,SchoolID,CounselorID,FirstName,LastName,Email,CurrentYear,DesiredMajor,DesiredMinor,SAT,ACT,GPA,PhoneNumber) VALUES (140,79,3,'Hillyer','Morrel','hmorrel3v@businessinsider.com',2010,'Marketing',NULL,765,1461,1.394,7053544236);
INSERT INTO Students(StudentID,SchoolID,CounselorID,FirstName,LastName,Email,CurrentYear,DesiredMajor,DesiredMinor,SAT,ACT,GPA,PhoneNumber) VALUES (141,100,35,'Hayyim','Eul','heul3w@icq.com',2000,'Training','Sales',1461,693,1.013,6198446200);
INSERT INTO Students(StudentID,SchoolID,CounselorID,FirstName,LastName,Email,CurrentYear,DesiredMajor,DesiredMinor,SAT,ACT,GPA,PhoneNumber) VALUES (142,119,32,'Hewitt','Quince','hquince3x@sfgate.com',1994,'Research and Development','Engineering',779,847,3.749,6715603101);
INSERT INTO Students(StudentID,SchoolID,CounselorID,FirstName,LastName,Email,CurrentYear,DesiredMajor,DesiredMinor,SAT,ACT,GPA,PhoneNumber) VALUES (143,70,13,'Florencia','Eckersley','feckersley3y@cargocollective.com',2005,'Support','Product Management',714,534,1.47,6072786465);
INSERT INTO Students(StudentID,SchoolID,CounselorID,FirstName,LastName,Email,CurrentYear,DesiredMajor,DesiredMinor,SAT,ACT,GPA,PhoneNumber) VALUES (144,99,40,'Una','Kofax','ukofax3z@people.com.cn',2012,'Human Resources',NULL,536,1276,2.904,3607628278);
INSERT INTO Students(StudentID,SchoolID,CounselorID,FirstName,LastName,Email,CurrentYear,DesiredMajor,DesiredMinor,SAT,ACT,GPA,PhoneNumber) VALUES (145,78,17,'Petronella','Eastmead','peastmead40@google.nl',2009,'Engineering','Support',1599,1131,2.101,1247301651);
INSERT INTO Students(StudentID,SchoolID,CounselorID,FirstName,LastName,Email,CurrentYear,DesiredMajor,DesiredMinor,SAT,ACT,GPA,PhoneNumber) VALUES (146,8,38,'Zebulen','Frowd','zfrowd41@quantcast.com',2006,'Training','Sales',1132,627,3.375,5154014848);
INSERT INTO Students(StudentID,SchoolID,CounselorID,FirstName,LastName,Email,CurrentYear,DesiredMajor,DesiredMinor,SAT,ACT,GPA,PhoneNumber) VALUES (147,28,44,'Shea','Ascraft','sascraft42@virginia.edu',2009,'Sales',NULL,1545,768,2.389,5485046182);
INSERT INTO Students(StudentID,SchoolID,CounselorID,FirstName,LastName,Email,CurrentYear,DesiredMajor,DesiredMinor,SAT,ACT,GPA,PhoneNumber) VALUES (148,118,28,'Selle','Myner','smyner43@meetup.com',1988,'Support','Business Development',1288,1554,2.187,8984407486);
INSERT INTO Students(StudentID,SchoolID,CounselorID,FirstName,LastName,Email,CurrentYear,DesiredMajor,DesiredMinor,SAT,ACT,GPA,PhoneNumber) VALUES (149,86,46,'Hadleigh','Drysdell','hdrysdell44@wp.com',2000,'Legal','Research and Development',895,764,2.558,8977319486);
INSERT INTO Students(StudentID,SchoolID,CounselorID,FirstName,LastName,Email,CurrentYear,DesiredMajor,DesiredMinor,SAT,ACT,GPA,PhoneNumber) VALUES (150,63,12,'Elwin','Brimilcome','ebrimilcome45@squidoo.com',2005,'Engineering',NULL,1540,1465,2.027,4585870759);
INSERT INTO Students(StudentID,SchoolID,CounselorID,FirstName,LastName,Email,CurrentYear,DesiredMajor,DesiredMinor,SAT,ACT,GPA,PhoneNumber) VALUES (151,74,28,'Zola','Lindenfeld','zlindenfeld46@umn.edu',1993,'Marketing','Engineering',1013,1063,3.007,7169341895);
INSERT INTO Students(StudentID,SchoolID,CounselorID,FirstName,LastName,Email,CurrentYear,DesiredMajor,DesiredMinor,SAT,ACT,GPA,PhoneNumber) VALUES (152,23,45,'Maitilde','Stooders','mstooders47@weibo.com',2008,'Product Management',NULL,876,958,2.202,7479862639);
INSERT INTO Students(StudentID,SchoolID,CounselorID,FirstName,LastName,Email,CurrentYear,DesiredMajor,DesiredMinor,SAT,ACT,GPA,PhoneNumber) VALUES (153,28,25,'Rainer','Wisham','rwisham48@va.gov',2012,'Legal','Research and Development',1368,1530,3.924,4797397555);
INSERT INTO Students(StudentID,SchoolID,CounselorID,FirstName,LastName,Email,CurrentYear,DesiredMajor,DesiredMinor,SAT,ACT,GPA,PhoneNumber) VALUES (154,43,24,'Odille','Gorrick','ogorrick49@scribd.com',1992,'Business Development','Product Management',1460,490,2.994,1583544860);
INSERT INTO Students(StudentID,SchoolID,CounselorID,FirstName,LastName,Email,CurrentYear,DesiredMajor,DesiredMinor,SAT,ACT,GPA,PhoneNumber) VALUES (155,122,26,'Margi','Mattiassi','mmattiassi4a@disqus.com',2009,'Accounting','Support',1342,539,1.284,7113652758);
INSERT INTO Students(StudentID,SchoolID,CounselorID,FirstName,LastName,Email,CurrentYear,DesiredMajor,DesiredMinor,SAT,ACT,GPA,PhoneNumber) VALUES (156,10,44,'Helene','Goodlife','hgoodlife4b@angelfire.com',1992,'Research and Development','Support',1203,748,1.411,7563520149);
INSERT INTO Students(StudentID,SchoolID,CounselorID,FirstName,LastName,Email,CurrentYear,DesiredMajor,DesiredMinor,SAT,ACT,GPA,PhoneNumber) VALUES (157,58,40,'Mora','Pearson','mpearson4c@vk.com',2002,'Engineering','Business Development',677,1109,2.725,3656394892);
INSERT INTO Students(StudentID,SchoolID,CounselorID,FirstName,LastName,Email,CurrentYear,DesiredMajor,DesiredMinor,SAT,ACT,GPA,PhoneNumber) VALUES (158,67,35,'Sean','Buscher','sbuscher4d@flickr.com',2004,'Accounting',NULL,1467,523,2.41,4768342413);
INSERT INTO Students(StudentID,SchoolID,CounselorID,FirstName,LastName,Email,CurrentYear,DesiredMajor,DesiredMinor,SAT,ACT,GPA,PhoneNumber) VALUES (159,3,6,'Neala','Castellini','ncastellini4e@about.com',2012,'Services',NULL,653,1379,1.418,4388658953);
INSERT INTO Students(StudentID,SchoolID,CounselorID,FirstName,LastName,Email,CurrentYear,DesiredMajor,DesiredMinor,SAT,ACT,GPA,PhoneNumber) VALUES (160,65,48,'Elvera','Peotz','epeotz4f@angelfire.com',1999,'Research and Development','Engineering',936,872,2.833,5417644814);
INSERT INTO Students(StudentID,SchoolID,CounselorID,FirstName,LastName,Email,CurrentYear,DesiredMajor,DesiredMinor,SAT,ACT,GPA,PhoneNumber) VALUES (161,53,3,'Phylis','Ratcliffe','pratcliffe4g@reuters.com',1997,'Research and Development','Marketing',569,1188,3.962,5799811114);
INSERT INTO Students(StudentID,SchoolID,CounselorID,FirstName,LastName,Email,CurrentYear,DesiredMajor,DesiredMinor,SAT,ACT,GPA,PhoneNumber) VALUES (162,86,16,'Orlando','Ganforthe','oganforthe4h@google.pl',2010,'Legal',NULL,864,1231,3.632,7126843270);
INSERT INTO Students(StudentID,SchoolID,CounselorID,FirstName,LastName,Email,CurrentYear,DesiredMajor,DesiredMinor,SAT,ACT,GPA,PhoneNumber) VALUES (163,59,13,'Vivyan','Milmore','vmilmore4i@is.gd',2011,'Legal','Product Management',683,1167,3.097,4372836378);
INSERT INTO Students(StudentID,SchoolID,CounselorID,FirstName,LastName,Email,CurrentYear,DesiredMajor,DesiredMinor,SAT,ACT,GPA,PhoneNumber) VALUES (164,39,36,'Homer','Alenichev','halenichev4j@cloudflare.com',2000,'Support','Support',994,1028,1.166,7591263334);
INSERT INTO Students(StudentID,SchoolID,CounselorID,FirstName,LastName,Email,CurrentYear,DesiredMajor,DesiredMinor,SAT,ACT,GPA,PhoneNumber) VALUES (165,19,31,'Kattie','Altree','kaltree4k@bigcartel.com',1997,'Research and Development',NULL,1455,1043,3.653,9494479232);
INSERT INTO Students(StudentID,SchoolID,CounselorID,FirstName,LastName,Email,CurrentYear,DesiredMajor,DesiredMinor,SAT,ACT,GPA,PhoneNumber) VALUES (166,100,23,'Pete','Jozsef','pjozsef4l@ihg.com',2005,'Business Development','Product Management',1545,1481,2.97,3274683378);
INSERT INTO Students(StudentID,SchoolID,CounselorID,FirstName,LastName,Email,CurrentYear,DesiredMajor,DesiredMinor,SAT,ACT,GPA,PhoneNumber) VALUES (167,17,50,'Philip','Clymo','pclymo4m@wp.com',1988,'Product Management','Marketing',1017,501,2.995,7061756525);
INSERT INTO Students(StudentID,SchoolID,CounselorID,FirstName,LastName,Email,CurrentYear,DesiredMajor,DesiredMinor,SAT,ACT,GPA,PhoneNumber) VALUES (168,60,30,'Nert','Easdon','neasdon4n@bing.com',2000,'Accounting','Training',861,1020,1.778,2811238131);
INSERT INTO Students(StudentID,SchoolID,CounselorID,FirstName,LastName,Email,CurrentYear,DesiredMajor,DesiredMinor,SAT,ACT,GPA,PhoneNumber) VALUES (169,62,14,'Walker','Gandy','wgandy4o@shinystat.com',1986,'Legal',NULL,1309,599,2.428,6497114044);
INSERT INTO Students(StudentID,SchoolID,CounselorID,FirstName,LastName,Email,CurrentYear,DesiredMajor,DesiredMinor,SAT,ACT,GPA,PhoneNumber) VALUES (170,101,46,'Bride','Pietzke','bpietzke4p@goodreads.com',1994,'Training','Training',515,593,3.019,2969331470);
INSERT INTO Students(StudentID,SchoolID,CounselorID,FirstName,LastName,Email,CurrentYear,DesiredMajor,DesiredMinor,SAT,ACT,GPA,PhoneNumber) VALUES (171,124,4,'Malchy','Clutterbuck','mclutterbuck4q@sogou.com',1995,'Sales','Human Resources',887,1509,1.468,2543980668);
INSERT INTO Students(StudentID,SchoolID,CounselorID,FirstName,LastName,Email,CurrentYear,DesiredMajor,DesiredMinor,SAT,ACT,GPA,PhoneNumber) VALUES (172,81,5,'Arabella','Gregson','agregson4r@nymag.com',1995,'Training',NULL,772,1142,3.355,8154110479);
INSERT INTO Students(StudentID,SchoolID,CounselorID,FirstName,LastName,Email,CurrentYear,DesiredMajor,DesiredMinor,SAT,ACT,GPA,PhoneNumber) VALUES (173,119,39,'Cyb','Castagna','ccastagna4s@bizjournals.com',1992,'Marketing','Services',1223,798,2.615,2739023841);
INSERT INTO Students(StudentID,SchoolID,CounselorID,FirstName,LastName,Email,CurrentYear,DesiredMajor,DesiredMinor,SAT,ACT,GPA,PhoneNumber) VALUES (174,105,7,'Brier','Dalgetty','bdalgetty4t@hao123.com',1998,'Business Development',NULL,1093,668,1.877,4517269486);
INSERT INTO Students(StudentID,SchoolID,CounselorID,FirstName,LastName,Email,CurrentYear,DesiredMajor,DesiredMinor,SAT,ACT,GPA,PhoneNumber) VALUES (175,33,20,'Lelia','Grunnell','lgrunnell4u@yellowbook.com',1998,'Training','Business Development',499,947,3.214,1851194700);
INSERT INTO Students(StudentID,SchoolID,CounselorID,FirstName,LastName,Email,CurrentYear,DesiredMajor,DesiredMinor,SAT,ACT,GPA,PhoneNumber) VALUES (176,59,21,'Pablo','Ayres','payres4v@qq.com',2013,'Marketing','Business Development',656,1155,2.841,9611763401);
INSERT INTO Students(StudentID,SchoolID,CounselorID,FirstName,LastName,Email,CurrentYear,DesiredMajor,DesiredMinor,SAT,ACT,GPA,PhoneNumber) VALUES (177,113,11,'Niel','Ongin','nongin4w@wikispaces.com',2004,'Product Management','Support',617,1534,1.725,5363670148);
INSERT INTO Students(StudentID,SchoolID,CounselorID,FirstName,LastName,Email,CurrentYear,DesiredMajor,DesiredMinor,SAT,ACT,GPA,PhoneNumber) VALUES (178,100,44,'Casper','Issacoff','cissacoff4x@delicious.com',1996,'Engineering','Training',792,1007,1.384,9755444336);
INSERT INTO Students(StudentID,SchoolID,CounselorID,FirstName,LastName,Email,CurrentYear,DesiredMajor,DesiredMinor,SAT,ACT,GPA,PhoneNumber) VALUES (179,109,41,'Galen','O''Donnelly','godonnelly4y@yelp.com',2004,'Business Development',NULL,1398,463,1.74,3737145043);
INSERT INTO Students(StudentID,SchoolID,CounselorID,FirstName,LastName,Email,CurrentYear,DesiredMajor,DesiredMinor,SAT,ACT,GPA,PhoneNumber) VALUES (180,81,1,'Modesta','Savin','msavin4z@drupal.org',2008,'Business Development','Training',1204,777,2.318,2061503435);
INSERT INTO Students(StudentID,SchoolID,CounselorID,FirstName,LastName,Email,CurrentYear,DesiredMajor,DesiredMinor,SAT,ACT,GPA,PhoneNumber) VALUES (181,37,3,'Lacey','Readmire','lreadmire50@shop-pro.jp',2002,'Training','Services',1330,900,1.206,4827047820);
INSERT INTO Students(StudentID,SchoolID,CounselorID,FirstName,LastName,Email,CurrentYear,DesiredMajor,DesiredMinor,SAT,ACT,GPA,PhoneNumber) VALUES (182,19,9,'Hal','Todhunter','htodhunter51@bloomberg.com',2010,'Accounting','Services',1500,1409,1.065,9758963002);
INSERT INTO Students(StudentID,SchoolID,CounselorID,FirstName,LastName,Email,CurrentYear,DesiredMajor,DesiredMinor,SAT,ACT,GPA,PhoneNumber) VALUES (183,55,25,'Jordan','Cyples','jcyples52@wikipedia.org',2012,'Research and Development','Training',650,521,1.278,4687385598);
INSERT INTO Students(StudentID,SchoolID,CounselorID,FirstName,LastName,Email,CurrentYear,DesiredMajor,DesiredMinor,SAT,ACT,GPA,PhoneNumber) VALUES (184,4,30,'Diarmid','Rudolph','drudolph53@sourceforge.net',1999,'Research and Development','Training',967,1078,1.951,9541581699);
INSERT INTO Students(StudentID,SchoolID,CounselorID,FirstName,LastName,Email,CurrentYear,DesiredMajor,DesiredMinor,SAT,ACT,GPA,PhoneNumber) VALUES (185,66,20,'Romona','Lindwall','rlindwall54@spotify.com',1999,'Research and Development','Legal',555,1050,3.297,7923587459);
INSERT INTO Students(StudentID,SchoolID,CounselorID,FirstName,LastName,Email,CurrentYear,DesiredMajor,DesiredMinor,SAT,ACT,GPA,PhoneNumber) VALUES (186,64,23,'Mile','Gruszczak','mgruszczak55@hibu.com',2013,'Support',NULL,1045,700,2.438,7196901412);
INSERT INTO Students(StudentID,SchoolID,CounselorID,FirstName,LastName,Email,CurrentYear,DesiredMajor,DesiredMinor,SAT,ACT,GPA,PhoneNumber) VALUES (187,125,19,'Thatcher','Marchenko','tmarchenko56@netvibes.com',2009,'Research and Development',NULL,1036,1078,3.066,2207706289);
INSERT INTO Students(StudentID,SchoolID,CounselorID,FirstName,LastName,Email,CurrentYear,DesiredMajor,DesiredMinor,SAT,ACT,GPA,PhoneNumber) VALUES (188,54,31,'Rhiamon','Pusey','rpusey57@seesaa.net',2009,'Services','Legal',1531,926,2.635,4055864671);
INSERT INTO Students(StudentID,SchoolID,CounselorID,FirstName,LastName,Email,CurrentYear,DesiredMajor,DesiredMinor,SAT,ACT,GPA,PhoneNumber) VALUES (189,60,7,'Amalle','Coppledike','acoppledike58@acquirethisname.com',1992,'Research and Development','Business Development',973,600,3.576,5828958146);
INSERT INTO Students(StudentID,SchoolID,CounselorID,FirstName,LastName,Email,CurrentYear,DesiredMajor,DesiredMinor,SAT,ACT,GPA,PhoneNumber) VALUES (190,6,24,'Francis','Nelmes','fnelmes59@loc.gov',2001,'Services','Accounting',1116,1185,3.385,6248703478);
INSERT INTO Students(StudentID,SchoolID,CounselorID,FirstName,LastName,Email,CurrentYear,DesiredMajor,DesiredMinor,SAT,ACT,GPA,PhoneNumber) VALUES (191,23,45,'Almira','Corde','acorde5a@apple.com',2003,'Engineering',NULL,1212,1232,3.912,1767799690);
INSERT INTO Students(StudentID,SchoolID,CounselorID,FirstName,LastName,Email,CurrentYear,DesiredMajor,DesiredMinor,SAT,ACT,GPA,PhoneNumber) VALUES (192,67,28,'Nannette','Yanele','nyanele5b@telegraph.co.uk',2004,'Support','Research and Development',1003,1472,3.174,3096003162);
INSERT INTO Students(StudentID,SchoolID,CounselorID,FirstName,LastName,Email,CurrentYear,DesiredMajor,DesiredMinor,SAT,ACT,GPA,PhoneNumber) VALUES (193,24,6,'Harmony','Cawkwell','hcawkwell5c@vinaora.com',2003,'Business Development',NULL,1235,796,2.849,8512936983);
INSERT INTO Students(StudentID,SchoolID,CounselorID,FirstName,LastName,Email,CurrentYear,DesiredMajor,DesiredMinor,SAT,ACT,GPA,PhoneNumber) VALUES (194,73,2,'Elka','Scathard','escathard5d@psu.edu',2008,'Accounting',NULL,1390,546,1.67,1081873776);
INSERT INTO Students(StudentID,SchoolID,CounselorID,FirstName,LastName,Email,CurrentYear,DesiredMajor,DesiredMinor,SAT,ACT,GPA,PhoneNumber) VALUES (195,89,36,'Evyn','Mahon','emahon5e@mayoclinic.com',2009,'Business Development','Training',1409,539,1.892,8693144041);
INSERT INTO Students(StudentID,SchoolID,CounselorID,FirstName,LastName,Email,CurrentYear,DesiredMajor,DesiredMinor,SAT,ACT,GPA,PhoneNumber) VALUES (196,83,43,'Barthel','Krolak','bkrolak5f@domainmarket.com',2005,'Accounting','Accounting',700,1058,3.652,7125539555);
INSERT INTO Students(StudentID,SchoolID,CounselorID,FirstName,LastName,Email,CurrentYear,DesiredMajor,DesiredMinor,SAT,ACT,GPA,PhoneNumber) VALUES (197,122,8,'Demetri','Brimming','dbrimming5g@rakuten.co.jp',2002,'Sales','Engineering',1064,575,1.213,4784172291);
INSERT INTO Students(StudentID,SchoolID,CounselorID,FirstName,LastName,Email,CurrentYear,DesiredMajor,DesiredMinor,SAT,ACT,GPA,PhoneNumber) VALUES (198,77,16,'Ezmeralda','Sapsforde','esapsforde5h@4shared.com',1994,'Engineering','Services',815,470,3.694,6391557516);
INSERT INTO Students(StudentID,SchoolID,CounselorID,FirstName,LastName,Email,CurrentYear,DesiredMajor,DesiredMinor,SAT,ACT,GPA,PhoneNumber) VALUES (199,63,12,'Olympe','Norrey','onorrey5i@elpais.com',2013,'Services',NULL,913,1485,1.107,1812755059);
INSERT INTO Students(StudentID,SchoolID,CounselorID,FirstName,LastName,Email,CurrentYear,DesiredMajor,DesiredMinor,SAT,ACT,GPA,PhoneNumber) VALUES (200,15,17,'Mareah','Matussov','mmatussov5j@free.fr',2003,'Support','Marketing',740,640,2.718,8967112782);
INSERT INTO Students(StudentID,SchoolID,CounselorID,FirstName,LastName,Email,CurrentYear,DesiredMajor,DesiredMinor,SAT,ACT,GPA,PhoneNumber) VALUES (201,47,28,'Sophey','Jankowski','sjankowski5k@hud.gov',1997,'Product Management',NULL,846,794,2.22,1336676335);
INSERT INTO Students(StudentID,SchoolID,CounselorID,FirstName,LastName,Email,CurrentYear,DesiredMajor,DesiredMinor,SAT,ACT,GPA,PhoneNumber) VALUES (202,112,48,'Horton','Hasell','hhasell5l@merriam-webster.com',2009,'Services','Research and Development',1477,1444,1.506,6479645123);
INSERT INTO Students(StudentID,SchoolID,CounselorID,FirstName,LastName,Email,CurrentYear,DesiredMajor,DesiredMinor,SAT,ACT,GPA,PhoneNumber) VALUES (203,36,13,'Bradley','Praton','bpraton5m@123-reg.co.uk',2004,'Marketing','Engineering',933,1055,3.129,2643200394);
INSERT INTO Students(StudentID,SchoolID,CounselorID,FirstName,LastName,Email,CurrentYear,DesiredMajor,DesiredMinor,SAT,ACT,GPA,PhoneNumber) VALUES (204,110,42,'Alford','Malimoe','amalimoe5n@telegraph.co.uk',1997,'Business Development','Legal',1204,1483,1.217,3738967401);
INSERT INTO Students(StudentID,SchoolID,CounselorID,FirstName,LastName,Email,CurrentYear,DesiredMajor,DesiredMinor,SAT,ACT,GPA,PhoneNumber) VALUES (205,96,35,'Leonerd','Constantine','lconstantine5o@washington.edu',1961,'Business Development','Training',1350,725,1.705,7554382726);
INSERT INTO Students(StudentID,SchoolID,CounselorID,FirstName,LastName,Email,CurrentYear,DesiredMajor,DesiredMinor,SAT,ACT,GPA,PhoneNumber) VALUES (206,17,24,'Eleni','Body','ebody5p@latimes.com',1992,'Human Resources','Business Development',1331,1089,3.234,8278041771);
INSERT INTO Students(StudentID,SchoolID,CounselorID,FirstName,LastName,Email,CurrentYear,DesiredMajor,DesiredMinor,SAT,ACT,GPA,PhoneNumber) VALUES (207,77,44,'Wald','Boxhall','wboxhall5q@unblog.fr',1996,'Engineering','Product Management',612,563,2.113,3036844863);
INSERT INTO Students(StudentID,SchoolID,CounselorID,FirstName,LastName,Email,CurrentYear,DesiredMajor,DesiredMinor,SAT,ACT,GPA,PhoneNumber) VALUES (208,42,39,'Birk','Strongitharm','bstrongitharm5r@eepurl.com',2012,'Training','Marketing',1198,687,1.542,8788948017);
INSERT INTO Students(StudentID,SchoolID,CounselorID,FirstName,LastName,Email,CurrentYear,DesiredMajor,DesiredMinor,SAT,ACT,GPA,PhoneNumber) VALUES (209,27,6,'Guillema','Jozwiak','gjozwiak5s@independent.co.uk',1984,'Human Resources',NULL,929,1161,3.606,5022336723);
INSERT INTO Students(StudentID,SchoolID,CounselorID,FirstName,LastName,Email,CurrentYear,DesiredMajor,DesiredMinor,SAT,ACT,GPA,PhoneNumber) VALUES (210,92,14,'Preston','O''Hartnedy','pohartnedy5t@elegantthemes.com',2005,'Engineering','Support',488,1068,1.656,4367215971);
INSERT INTO Students(StudentID,SchoolID,CounselorID,FirstName,LastName,Email,CurrentYear,DesiredMajor,DesiredMinor,SAT,ACT,GPA,PhoneNumber) VALUES (211,28,1,'Miranda','Nazair','mnazair5u@canalblog.com',1993,'Engineering','Sales',816,1471,1.829,6713714919);
INSERT INTO Students(StudentID,SchoolID,CounselorID,FirstName,LastName,Email,CurrentYear,DesiredMajor,DesiredMinor,SAT,ACT,GPA,PhoneNumber) VALUES (212,97,8,'Wilfred','Berwick','wberwick5v@cafepress.com',2009,'Business Development','Training',1248,1572,1.572,1008902900);
INSERT INTO Students(StudentID,SchoolID,CounselorID,FirstName,LastName,Email,CurrentYear,DesiredMajor,DesiredMinor,SAT,ACT,GPA,PhoneNumber) VALUES (213,99,49,'Bank','Bale','bbale5w@discovery.com',1988,'Sales','Human Resources',646,451,2.92,9422070501);
INSERT INTO Students(StudentID,SchoolID,CounselorID,FirstName,LastName,Email,CurrentYear,DesiredMajor,DesiredMinor,SAT,ACT,GPA,PhoneNumber) VALUES (214,66,19,'Mathian','Poleye','mpoleye5x@delicious.com',1993,'Engineering','Human Resources',430,1583,3.421,4572320387);
INSERT INTO Students(StudentID,SchoolID,CounselorID,FirstName,LastName,Email,CurrentYear,DesiredMajor,DesiredMinor,SAT,ACT,GPA,PhoneNumber) VALUES (215,76,31,'Zea','Vanichev','zvanichev5y@google.pl',2004,'Human Resources','Engineering',1591,440,2.595,6211177905);
INSERT INTO Students(StudentID,SchoolID,CounselorID,FirstName,LastName,Email,CurrentYear,DesiredMajor,DesiredMinor,SAT,ACT,GPA,PhoneNumber) VALUES (216,4,18,'Jock','Kimberly','jkimberly5z@usatoday.com',2006,'Accounting',NULL,1458,1146,1.782,5866123442);
INSERT INTO Students(StudentID,SchoolID,CounselorID,FirstName,LastName,Email,CurrentYear,DesiredMajor,DesiredMinor,SAT,ACT,GPA,PhoneNumber) VALUES (217,74,21,'Ara','Pilsbury','apilsbury60@spiegel.de',2011,'Marketing','Human Resources',1245,460,3.51,7911115906);
INSERT INTO Students(StudentID,SchoolID,CounselorID,FirstName,LastName,Email,CurrentYear,DesiredMajor,DesiredMinor,SAT,ACT,GPA,PhoneNumber) VALUES (218,18,16,'Marje','O'' Borne','moborne61@admin.ch',2012,'Human Resources','Marketing',785,631,1.703,2515617003);
INSERT INTO Students(StudentID,SchoolID,CounselorID,FirstName,LastName,Email,CurrentYear,DesiredMajor,DesiredMinor,SAT,ACT,GPA,PhoneNumber) VALUES (219,15,30,'August','Lovstrom','alovstrom62@list-manage.com',2005,'Marketing','Support',1442,430,2.074,6752318168);
INSERT INTO Students(StudentID,SchoolID,CounselorID,FirstName,LastName,Email,CurrentYear,DesiredMajor,DesiredMinor,SAT,ACT,GPA,PhoneNumber) VALUES (220,71,7,'North','Farries','nfarries63@barnesandnoble.com',1993,'Legal','Human Resources',493,603,3.222,1174008306);
INSERT INTO Students(StudentID,SchoolID,CounselorID,FirstName,LastName,Email,CurrentYear,DesiredMajor,DesiredMinor,SAT,ACT,GPA,PhoneNumber) VALUES (221,105,34,'Dyanna','Hurler','dhurler64@delicious.com',2012,'Research and Development',NULL,965,937,1.667,8276692884);
INSERT INTO Students(StudentID,SchoolID,CounselorID,FirstName,LastName,Email,CurrentYear,DesiredMajor,DesiredMinor,SAT,ACT,GPA,PhoneNumber) VALUES (222,23,47,'Annamaria','Spinella','aspinella65@abc.net.au',2005,'Human Resources','Business Development',1210,1426,1.05,8915271864);
INSERT INTO Students(StudentID,SchoolID,CounselorID,FirstName,LastName,Email,CurrentYear,DesiredMajor,DesiredMinor,SAT,ACT,GPA,PhoneNumber) VALUES (223,59,38,'Zonda','Rymour','zrymour66@latimes.com',2004,'Research and Development','Research and Development',629,580,3.731,2901240262);
INSERT INTO Students(StudentID,SchoolID,CounselorID,FirstName,LastName,Email,CurrentYear,DesiredMajor,DesiredMinor,SAT,ACT,GPA,PhoneNumber) VALUES (224,21,37,'Gustavo','Corradeschi','gcorradeschi67@lycos.com',2003,'Research and Development','Business Development',1322,1323,2.148,7609818761);
INSERT INTO Students(StudentID,SchoolID,CounselorID,FirstName,LastName,Email,CurrentYear,DesiredMajor,DesiredMinor,SAT,ACT,GPA,PhoneNumber) VALUES (225,43,46,'Britt','Geraudy','bgeraudy68@archive.org',1995,'Accounting','Research and Development',842,1178,3.383,5967415282);
INSERT INTO Students(StudentID,SchoolID,CounselorID,FirstName,LastName,Email,CurrentYear,DesiredMajor,DesiredMinor,SAT,ACT,GPA,PhoneNumber) VALUES (226,47,43,'Drusie','Skeates','dskeates69@4shared.com',1992,'Accounting','Legal',1345,1125,3.964,9883195816);
INSERT INTO Students(StudentID,SchoolID,CounselorID,FirstName,LastName,Email,CurrentYear,DesiredMajor,DesiredMinor,SAT,ACT,GPA,PhoneNumber) VALUES (227,55,18,'Petrina','Colerick','pcolerick6a@jugem.jp',1991,'Services','Product Management',755,1505,1.066,1416826087);
INSERT INTO Students(StudentID,SchoolID,CounselorID,FirstName,LastName,Email,CurrentYear,DesiredMajor,DesiredMinor,SAT,ACT,GPA,PhoneNumber) VALUES (228,53,5,'Kristina','Daniaud','kdaniaud6b@ebay.co.uk',2005,'Research and Development',NULL,1128,1314,1.336,7042552338);
INSERT INTO Students(StudentID,SchoolID,CounselorID,FirstName,LastName,Email,CurrentYear,DesiredMajor,DesiredMinor,SAT,ACT,GPA,PhoneNumber) VALUES (229,20,26,'Rheba','McEllen','rmcellen6c@gravatar.com',1999,'Product Management','Accounting',649,765,2.038,6522363825);
INSERT INTO Students(StudentID,SchoolID,CounselorID,FirstName,LastName,Email,CurrentYear,DesiredMajor,DesiredMinor,SAT,ACT,GPA,PhoneNumber) VALUES (230,4,25,'Filippo','Featherstonhaugh','ffeatherstonhaugh6d@nydailynews.com',2011,'Research and Development','Product Management',641,1284,1.491,2696252966);
INSERT INTO Students(StudentID,SchoolID,CounselorID,FirstName,LastName,Email,CurrentYear,DesiredMajor,DesiredMinor,SAT,ACT,GPA,PhoneNumber) VALUES (231,123,15,'Tony','Erickson','terickson6e@tripadvisor.com',2006,'Legal','Product Management',694,495,3.059,5078352715);
INSERT INTO Students(StudentID,SchoolID,CounselorID,FirstName,LastName,Email,CurrentYear,DesiredMajor,DesiredMinor,SAT,ACT,GPA,PhoneNumber) VALUES (232,93,40,'Beatrice','Okey','bokey6f@chron.com',1992,'Engineering','Business Development',1309,551,2.678,5155318903);
INSERT INTO Students(StudentID,SchoolID,CounselorID,FirstName,LastName,Email,CurrentYear,DesiredMajor,DesiredMinor,SAT,ACT,GPA,PhoneNumber) VALUES (233,92,49,'Edlin','Gallaccio','egallaccio6g@zimbio.com',2008,'Research and Development','Sales',1302,577,1.899,5924984617);
INSERT INTO Students(StudentID,SchoolID,CounselorID,FirstName,LastName,Email,CurrentYear,DesiredMajor,DesiredMinor,SAT,ACT,GPA,PhoneNumber) VALUES (234,86,7,'Dayna','Horley','dhorley6h@geocities.com',1994,'Accounting','Support',778,1411,1.879,5453100824);
INSERT INTO Students(StudentID,SchoolID,CounselorID,FirstName,LastName,Email,CurrentYear,DesiredMajor,DesiredMinor,SAT,ACT,GPA,PhoneNumber) VALUES (235,37,30,'Marylou','Ropp','mropp6i@blogspot.com',2007,'Legal','Sales',1400,1479,3.278,2626941431);
INSERT INTO Students(StudentID,SchoolID,CounselorID,FirstName,LastName,Email,CurrentYear,DesiredMajor,DesiredMinor,SAT,ACT,GPA,PhoneNumber) VALUES (236,90,10,'Delia','Meijer','dmeijer6j@hud.gov',2010,'Engineering','Training',846,422,1.55,2632562842);
INSERT INTO Students(StudentID,SchoolID,CounselorID,FirstName,LastName,Email,CurrentYear,DesiredMajor,DesiredMinor,SAT,ACT,GPA,PhoneNumber) VALUES (237,117,16,'Olympie','Cargon','ocargon6k@samsung.com',1993,'Support',NULL,1431,877,1.577,9512920449);
INSERT INTO Students(StudentID,SchoolID,CounselorID,FirstName,LastName,Email,CurrentYear,DesiredMajor,DesiredMinor,SAT,ACT,GPA,PhoneNumber) VALUES (238,3,47,'Winslow','Hearfield','whearfield6l@princeton.edu',2012,'Training',NULL,1454,442,1.975,9309143193);
INSERT INTO Students(StudentID,SchoolID,CounselorID,FirstName,LastName,Email,CurrentYear,DesiredMajor,DesiredMinor,SAT,ACT,GPA,PhoneNumber) VALUES (239,116,4,'Sebastian','Pulman','spulman6m@techcrunch.com',1988,'Legal',NULL,525,1215,1.578,8921404240);
INSERT INTO Students(StudentID,SchoolID,CounselorID,FirstName,LastName,Email,CurrentYear,DesiredMajor,DesiredMinor,SAT,ACT,GPA,PhoneNumber) VALUES (240,21,19,'Livia','Pennicard','lpennicard6n@cbslocal.com',2003,'Human Resources',NULL,610,1556,2.48,1045195420);
INSERT INTO Students(StudentID,SchoolID,CounselorID,FirstName,LastName,Email,CurrentYear,DesiredMajor,DesiredMinor,SAT,ACT,GPA,PhoneNumber) VALUES (241,119,38,'Brady','Parramore','bparramore6o@spiegel.de',2012,'Services','Services',405,1147,3.636,1731448358);
INSERT INTO Students(StudentID,SchoolID,CounselorID,FirstName,LastName,Email,CurrentYear,DesiredMajor,DesiredMinor,SAT,ACT,GPA,PhoneNumber) VALUES (242,73,8,'Fraser','Reston','freston6p@whitehouse.gov',1992,'Training',NULL,1090,1510,2.428,8677062700);
INSERT INTO Students(StudentID,SchoolID,CounselorID,FirstName,LastName,Email,CurrentYear,DesiredMajor,DesiredMinor,SAT,ACT,GPA,PhoneNumber) VALUES (243,77,23,'Zachary','Paulillo','zpaulillo6q@cbslocal.com',1995,'Services','Engineering',592,1459,2.159,7767758220);
INSERT INTO Students(StudentID,SchoolID,CounselorID,FirstName,LastName,Email,CurrentYear,DesiredMajor,DesiredMinor,SAT,ACT,GPA,PhoneNumber) VALUES (244,27,2,'Bird','Raddin','braddin6r@istockphoto.com',2008,'Research and Development',NULL,676,789,1.066,3882720865);
INSERT INTO Students(StudentID,SchoolID,CounselorID,FirstName,LastName,Email,CurrentYear,DesiredMajor,DesiredMinor,SAT,ACT,GPA,PhoneNumber) VALUES (245,17,3,'Kingsly','Trase','ktrase6s@vinaora.com',1997,'Sales',NULL,1002,1220,2.266,8963597593);
INSERT INTO Students(StudentID,SchoolID,CounselorID,FirstName,LastName,Email,CurrentYear,DesiredMajor,DesiredMinor,SAT,ACT,GPA,PhoneNumber) VALUES (246,88,33,'Lucas','Dener','ldener6t@independent.co.uk',1993,'Research and Development','Services',407,1080,2.533,2688679777);
INSERT INTO Students(StudentID,SchoolID,CounselorID,FirstName,LastName,Email,CurrentYear,DesiredMajor,DesiredMinor,SAT,ACT,GPA,PhoneNumber) VALUES (247,102,24,'Papageno','Hugill','phugill6u@example.com',2008,'Marketing','Human Resources',556,1060,1.489,9788297644);
INSERT INTO Students(StudentID,SchoolID,CounselorID,FirstName,LastName,Email,CurrentYear,DesiredMajor,DesiredMinor,SAT,ACT,GPA,PhoneNumber) VALUES (248,22,11,'Ava','Penn','apenn6v@creativecommons.org',2011,'Sales','Services',507,1425,2.219,7034097326);
INSERT INTO Students(StudentID,SchoolID,CounselorID,FirstName,LastName,Email,CurrentYear,DesiredMajor,DesiredMinor,SAT,ACT,GPA,PhoneNumber) VALUES (249,30,45,'Michal','Meneghi','mmeneghi6w@dailymotion.com',2009,'Marketing','Sales',1268,568,3.067,2342451340);
INSERT INTO Students(StudentID,SchoolID,CounselorID,FirstName,LastName,Email,CurrentYear,DesiredMajor,DesiredMinor,SAT,ACT,GPA,PhoneNumber) VALUES (250,106,46,'Michaela','Degoy','mdegoy6x@scientificamerican.com',2007,'Training',NULL,1163,627,3.674,9233469361);
INSERT INTO Students(StudentID,SchoolID,CounselorID,FirstName,LastName,Email,CurrentYear,DesiredMajor,DesiredMinor,SAT,ACT,GPA,PhoneNumber) VALUES (251,48,30,'Vitoria','Delaprelle','vdelaprelle6y@google.com.hk',1997,'Sales','Marketing',1208,1334,1.508,5816121943);
INSERT INTO Students(StudentID,SchoolID,CounselorID,FirstName,LastName,Email,CurrentYear,DesiredMajor,DesiredMinor,SAT,ACT,GPA,PhoneNumber) VALUES (252,68,10,'Alessandro','Tiplady','atiplady6z@topsy.com',1994,'Training','Legal',1527,1238,3.501,2929309369);
INSERT INTO Students(StudentID,SchoolID,CounselorID,FirstName,LastName,Email,CurrentYear,DesiredMajor,DesiredMinor,SAT,ACT,GPA,PhoneNumber) VALUES (253,40,2,'Barth','Wissbey','bwissbey70@hexun.com',1992,'Human Resources','Legal',1238,1560,1.771,3206045355);
INSERT INTO Students(StudentID,SchoolID,CounselorID,FirstName,LastName,Email,CurrentYear,DesiredMajor,DesiredMinor,SAT,ACT,GPA,PhoneNumber) VALUES (254,30,3,'Adam','Moyne','amoyne71@netlog.com',2003,'Business Development','Accounting',1019,897,1.294,2546446637);
INSERT INTO Students(StudentID,SchoolID,CounselorID,FirstName,LastName,Email,CurrentYear,DesiredMajor,DesiredMinor,SAT,ACT,GPA,PhoneNumber) VALUES (255,29,49,'Suzi','Camings','scamings72@skype.com',1999,'Training','Research and Development',1323,677,3.696,1479368339);
INSERT INTO Students(StudentID,SchoolID,CounselorID,FirstName,LastName,Email,CurrentYear,DesiredMajor,DesiredMinor,SAT,ACT,GPA,PhoneNumber) VALUES (256,58,24,'Tore','Uc','tuc73@umich.edu',2009,'Training','Marketing',845,969,3.309,3304163253);
INSERT INTO Students(StudentID,SchoolID,CounselorID,FirstName,LastName,Email,CurrentYear,DesiredMajor,DesiredMinor,SAT,ACT,GPA,PhoneNumber) VALUES (257,80,8,'Brittany','O''Henehan','bohenehan74@phoca.cz',1992,'Business Development','Human Resources',1135,1125,2.512,4878300472);
INSERT INTO Students(StudentID,SchoolID,CounselorID,FirstName,LastName,Email,CurrentYear,DesiredMajor,DesiredMinor,SAT,ACT,GPA,PhoneNumber) VALUES (258,76,37,'Piotr','Crummey','pcrummey75@ovh.net',2000,'Legal',NULL,1194,716,3.778,2959122900);
INSERT INTO Students(StudentID,SchoolID,CounselorID,FirstName,LastName,Email,CurrentYear,DesiredMajor,DesiredMinor,SAT,ACT,GPA,PhoneNumber) VALUES (259,111,19,'Jo-ann','Rollins','jrollins76@myspace.com',1998,'Accounting','Business Development',530,493,2.571,3243762200);
INSERT INTO Students(StudentID,SchoolID,CounselorID,FirstName,LastName,Email,CurrentYear,DesiredMajor,DesiredMinor,SAT,ACT,GPA,PhoneNumber) VALUES (260,25,4,'Walker','Drewery','wdrewery77@psu.edu',1993,'Engineering',NULL,1094,726,3.902,5524593509);
INSERT INTO Students(StudentID,SchoolID,CounselorID,FirstName,LastName,Email,CurrentYear,DesiredMajor,DesiredMinor,SAT,ACT,GPA,PhoneNumber) VALUES (261,17,25,'Lorant','Schwander','lschwander78@sciencedaily.com',2003,'Research and Development','Business Development',468,539,2.654,5685647741);
INSERT INTO Students(StudentID,SchoolID,CounselorID,FirstName,LastName,Email,CurrentYear,DesiredMajor,DesiredMinor,SAT,ACT,GPA,PhoneNumber) VALUES (262,2,39,'Tracey','Matussevich','tmatussevich79@newsvine.com',1997,'Legal','Engineering',1308,853,3.317,8286623180);
INSERT INTO Students(StudentID,SchoolID,CounselorID,FirstName,LastName,Email,CurrentYear,DesiredMajor,DesiredMinor,SAT,ACT,GPA,PhoneNumber) VALUES (263,117,13,'Elly','Blackburn','eblackburn7a@noaa.gov',2011,'Sales','Training',896,1231,3.552,4949231924);
INSERT INTO Students(StudentID,SchoolID,CounselorID,FirstName,LastName,Email,CurrentYear,DesiredMajor,DesiredMinor,SAT,ACT,GPA,PhoneNumber) VALUES (264,102,41,'Ashly','Gurney','agurney7b@wufoo.com',2012,'Training','Engineering',1125,1308,1.012,9528348291);
INSERT INTO Students(StudentID,SchoolID,CounselorID,FirstName,LastName,Email,CurrentYear,DesiredMajor,DesiredMinor,SAT,ACT,GPA,PhoneNumber) VALUES (265,98,6,'Gusella','McMakin','gmcmakin7c@washington.edu',2008,'Research and Development','Support',418,989,1.923,6435842632);
INSERT INTO Students(StudentID,SchoolID,CounselorID,FirstName,LastName,Email,CurrentYear,DesiredMajor,DesiredMinor,SAT,ACT,GPA,PhoneNumber) VALUES (266,66,36,'Gelya','Camilleri','gcamilleri7d@youtu.be',2002,'Product Management','Product Management',1520,1594,1.503,2324857922);
INSERT INTO Students(StudentID,SchoolID,CounselorID,FirstName,LastName,Email,CurrentYear,DesiredMajor,DesiredMinor,SAT,ACT,GPA,PhoneNumber) VALUES (267,110,20,'Melly','O''Donoghue','modonoghue7e@lycos.com',2004,'Research and Development','Product Management',519,584,3.725,3558613099);
INSERT INTO Students(StudentID,SchoolID,CounselorID,FirstName,LastName,Email,CurrentYear,DesiredMajor,DesiredMinor,SAT,ACT,GPA,PhoneNumber) VALUES (268,100,22,'Olympe','Biset','obiset7f@discovery.com',1997,'Legal',NULL,487,714,2.806,4249946457);
INSERT INTO Students(StudentID,SchoolID,CounselorID,FirstName,LastName,Email,CurrentYear,DesiredMajor,DesiredMinor,SAT,ACT,GPA,PhoneNumber) VALUES (269,84,29,'Max','Bande','mbande7g@myspace.com',1998,'Research and Development','Research and Development',822,1541,1.305,7726637101);
INSERT INTO Students(StudentID,SchoolID,CounselorID,FirstName,LastName,Email,CurrentYear,DesiredMajor,DesiredMinor,SAT,ACT,GPA,PhoneNumber) VALUES (270,63,32,'Erminie','Lattos','elattos7h@army.mil',2009,'Marketing','Accounting',1032,1307,3.688,1123159958);
INSERT INTO Students(StudentID,SchoolID,CounselorID,FirstName,LastName,Email,CurrentYear,DesiredMajor,DesiredMinor,SAT,ACT,GPA,PhoneNumber) VALUES (271,65,44,'Kipp','Dron','kdron7i@ning.com',1995,'Support',NULL,671,585,3.464,7802611239);
INSERT INTO Students(StudentID,SchoolID,CounselorID,FirstName,LastName,Email,CurrentYear,DesiredMajor,DesiredMinor,SAT,ACT,GPA,PhoneNumber) VALUES (272,18,12,'Rochester','Mintram','rmintram7j@alexa.com',2002,'Legal','Legal',425,1020,2.333,8431637237);
INSERT INTO Students(StudentID,SchoolID,CounselorID,FirstName,LastName,Email,CurrentYear,DesiredMajor,DesiredMinor,SAT,ACT,GPA,PhoneNumber) VALUES (273,26,9,'Neils','Heisman','nheisman7k@uiuc.edu',1986,'Product Management','Human Resources',1063,416,1.972,9197062135);
INSERT INTO Students(StudentID,SchoolID,CounselorID,FirstName,LastName,Email,CurrentYear,DesiredMajor,DesiredMinor,SAT,ACT,GPA,PhoneNumber) VALUES (274,21,40,'Rafferty','Denes','rdenes7l@ustream.tv',2009,'Product Management','Support',1367,1112,1.453,7754071257);
INSERT INTO Students(StudentID,SchoolID,CounselorID,FirstName,LastName,Email,CurrentYear,DesiredMajor,DesiredMinor,SAT,ACT,GPA,PhoneNumber) VALUES (275,86,26,'Celinka','Bonde','cbonde7m@g.co',2007,'Human Resources','Business Development',1143,1554,1.169,2969079696);
INSERT INTO Students(StudentID,SchoolID,CounselorID,FirstName,LastName,Email,CurrentYear,DesiredMajor,DesiredMinor,SAT,ACT,GPA,PhoneNumber) VALUES (276,11,25,'Julee','Barbosa','jbarbosa7n@soup.io',2001,'Sales','Business Development',1367,1119,2.984,1285027747);
INSERT INTO Students(StudentID,SchoolID,CounselorID,FirstName,LastName,Email,CurrentYear,DesiredMajor,DesiredMinor,SAT,ACT,GPA,PhoneNumber) VALUES (277,118,4,'Jaye','Biddwell','jbiddwell7o@imageshack.us',2007,'Product Management','Sales',1241,530,3.205,6052211781);
INSERT INTO Students(StudentID,SchoolID,CounselorID,FirstName,LastName,Email,CurrentYear,DesiredMajor,DesiredMinor,SAT,ACT,GPA,PhoneNumber) VALUES (278,42,43,'Margery','Wearing','mwearing7p@facebook.com',1993,'Product Management',NULL,912,622,1.255,8498417763);
INSERT INTO Students(StudentID,SchoolID,CounselorID,FirstName,LastName,Email,CurrentYear,DesiredMajor,DesiredMinor,SAT,ACT,GPA,PhoneNumber) VALUES (279,105,18,'Josi','Wadesworth','jwadesworth7q@lulu.com',2008,'Product Management','Accounting',1486,1487,2.417,6793416185);
INSERT INTO Students(StudentID,SchoolID,CounselorID,FirstName,LastName,Email,CurrentYear,DesiredMajor,DesiredMinor,SAT,ACT,GPA,PhoneNumber) VALUES (280,10,34,'Darrin','Thomason','dthomason7r@mac.com',2005,'Training','Support',1388,828,3.655,6847407935);
INSERT INTO Students(StudentID,SchoolID,CounselorID,FirstName,LastName,Email,CurrentYear,DesiredMajor,DesiredMinor,SAT,ACT,GPA,PhoneNumber) VALUES (281,101,8,'Winni','Redhouse','wredhouse7s@de.vu',2005,'Support','Services',639,1478,2.453,8452348033);
INSERT INTO Students(StudentID,SchoolID,CounselorID,FirstName,LastName,Email,CurrentYear,DesiredMajor,DesiredMinor,SAT,ACT,GPA,PhoneNumber) VALUES (282,122,37,'Robina','Knewstubb','rknewstubb7t@wsj.com',2004,'Product Management','Training',1539,938,3.791,6072018043);
INSERT INTO Students(StudentID,SchoolID,CounselorID,FirstName,LastName,Email,CurrentYear,DesiredMajor,DesiredMinor,SAT,ACT,GPA,PhoneNumber) VALUES (283,19,42,'Kristina','Agostini','kagostini7u@un.org',1995,'Human Resources','Legal',1599,801,3.921,6192178837);
INSERT INTO Students(StudentID,SchoolID,CounselorID,FirstName,LastName,Email,CurrentYear,DesiredMajor,DesiredMinor,SAT,ACT,GPA,PhoneNumber) VALUES (284,75,35,'Drusi','Fitchen','dfitchen7v@pinterest.com',1999,'Services',NULL,1558,680,3.201,9392156745);
INSERT INTO Students(StudentID,SchoolID,CounselorID,FirstName,LastName,Email,CurrentYear,DesiredMajor,DesiredMinor,SAT,ACT,GPA,PhoneNumber) VALUES (285,85,17,'Law','Coultous','lcoultous7w@ucsd.edu',2003,'Support','Services',1221,862,1.975,2582778952);
INSERT INTO Students(StudentID,SchoolID,CounselorID,FirstName,LastName,Email,CurrentYear,DesiredMajor,DesiredMinor,SAT,ACT,GPA,PhoneNumber) VALUES (286,61,39,'Zia','Gurdon','zgurdon7x@biglobe.ne.jp',1994,'Services',NULL,1253,1001,1.511,3749690316);
INSERT INTO Students(StudentID,SchoolID,CounselorID,FirstName,LastName,Email,CurrentYear,DesiredMajor,DesiredMinor,SAT,ACT,GPA,PhoneNumber) VALUES (287,67,12,'Emmalee','Veevers','eveevers7y@posterous.com',1994,'Engineering','Human Resources',1061,831,3.969,6227837166);
INSERT INTO Students(StudentID,SchoolID,CounselorID,FirstName,LastName,Email,CurrentYear,DesiredMajor,DesiredMinor,SAT,ACT,GPA,PhoneNumber) VALUES (288,64,26,'Marnie','Fullilove','mfullilove7z@github.io',2005,'Human Resources','Accounting',1259,1506,3.931,2244311192);
INSERT INTO Students(StudentID,SchoolID,CounselorID,FirstName,LastName,Email,CurrentYear,DesiredMajor,DesiredMinor,SAT,ACT,GPA,PhoneNumber) VALUES (289,116,49,'Loise','Meco','lmeco80@kickstarter.com',2000,'Accounting','Legal',1086,669,1.828,9635538089);
INSERT INTO Students(StudentID,SchoolID,CounselorID,FirstName,LastName,Email,CurrentYear,DesiredMajor,DesiredMinor,SAT,ACT,GPA,PhoneNumber) VALUES (290,115,9,'Blondy','Cocksedge','bcocksedge81@mlb.com',2009,'Human Resources','Marketing',742,471,1.763,3285422456);
INSERT INTO Students(StudentID,SchoolID,CounselorID,FirstName,LastName,Email,CurrentYear,DesiredMajor,DesiredMinor,SAT,ACT,GPA,PhoneNumber) VALUES (291,74,31,'Crissy','Bravington','cbravington82@sogou.com',2003,'Product Management','Human Resources',936,612,2.518,8453055468);
INSERT INTO Students(StudentID,SchoolID,CounselorID,FirstName,LastName,Email,CurrentYear,DesiredMajor,DesiredMinor,SAT,ACT,GPA,PhoneNumber) VALUES (292,17,45,'Dre','Marjoribanks','dmarjoribanks83@youtube.com',1996,'Business Development','Product Management',1176,738,3.173,3949391377);
INSERT INTO Students(StudentID,SchoolID,CounselorID,FirstName,LastName,Email,CurrentYear,DesiredMajor,DesiredMinor,SAT,ACT,GPA,PhoneNumber) VALUES (293,98,38,'Dionis','Corkell','dcorkell84@virginia.edu',2004,'Services',NULL,797,489,1.075,7161034067);
INSERT INTO Students(StudentID,SchoolID,CounselorID,FirstName,LastName,Email,CurrentYear,DesiredMajor,DesiredMinor,SAT,ACT,GPA,PhoneNumber) VALUES (294,120,47,'Vinnie','Brisard','vbrisard85@taobao.com',2010,'Legal','Accounting',1277,557,3.639,3175463731);
INSERT INTO Students(StudentID,SchoolID,CounselorID,FirstName,LastName,Email,CurrentYear,DesiredMajor,DesiredMinor,SAT,ACT,GPA,PhoneNumber) VALUES (295,18,41,'Erna','O''Growgane','eogrowgane86@mtv.com',2003,'Support',NULL,1504,898,2.705,3743469809);
INSERT INTO Students(StudentID,SchoolID,CounselorID,FirstName,LastName,Email,CurrentYear,DesiredMajor,DesiredMinor,SAT,ACT,GPA,PhoneNumber) VALUES (296,50,2,'Charmain','Jean','cjean87@ovh.net',2005,'Sales',NULL,454,1195,1.151,7167447904);
INSERT INTO Students(StudentID,SchoolID,CounselorID,FirstName,LastName,Email,CurrentYear,DesiredMajor,DesiredMinor,SAT,ACT,GPA,PhoneNumber) VALUES (297,14,29,'Roseann','Creavan','rcreavan88@51.la',2000,'Business Development','Human Resources',1536,1265,1.825,9468441225);
INSERT INTO Students(StudentID,SchoolID,CounselorID,FirstName,LastName,Email,CurrentYear,DesiredMajor,DesiredMinor,SAT,ACT,GPA,PhoneNumber) VALUES (298,21,7,'Sherman','Lyndon','slyndon89@addtoany.com',2001,'Engineering','Marketing',922,1353,3.551,5172347870);
INSERT INTO Students(StudentID,SchoolID,CounselorID,FirstName,LastName,Email,CurrentYear,DesiredMajor,DesiredMinor,SAT,ACT,GPA,PhoneNumber) VALUES (299,91,16,'Monica','Del Checolo','mdelchecolo8a@ucsd.edu',2006,'Sales',NULL,1456,660,3.804,7572683716);
INSERT INTO Students(StudentID,SchoolID,CounselorID,FirstName,LastName,Email,CurrentYear,DesiredMajor,DesiredMinor,SAT,ACT,GPA,PhoneNumber) VALUES (300,125,36,'Philip','Leppo','pleppo8b@nymag.com',2006,'Marketing','Services',1574,1330,1.204,8668635932);
INSERT INTO Students(StudentID,SchoolID,CounselorID,FirstName,LastName,Email,CurrentYear,DesiredMajor,DesiredMinor,SAT,ACT,GPA,PhoneNumber) VALUES (301,61,48,'Euell','Argont','eargont8c@economist.com',2000,'Engineering',NULL,518,1438,3.296,7836427396);
INSERT INTO Students(StudentID,SchoolID,CounselorID,FirstName,LastName,Email,CurrentYear,DesiredMajor,DesiredMinor,SAT,ACT,GPA,PhoneNumber) VALUES (302,105,44,'Nefen','Skellion','nskellion8d@yahoo.co.jp',2001,'Sales',NULL,1492,1002,3.812,5561006824);
INSERT INTO Students(StudentID,SchoolID,CounselorID,FirstName,LastName,Email,CurrentYear,DesiredMajor,DesiredMinor,SAT,ACT,GPA,PhoneNumber) VALUES (303,74,21,'Gloriana','Pesselt','gpesselt8e@fotki.com',1988,'Marketing','Engineering',1333,1064,3.31,3775208581);
INSERT INTO Students(StudentID,SchoolID,CounselorID,FirstName,LastName,Email,CurrentYear,DesiredMajor,DesiredMinor,SAT,ACT,GPA,PhoneNumber) VALUES (304,20,47,'Carmen','Ellerbeck','cellerbeck8f@yellowbook.com',2003,'Human Resources',NULL,860,1123,2.626,5194135529);
INSERT INTO Students(StudentID,SchoolID,CounselorID,FirstName,LastName,Email,CurrentYear,DesiredMajor,DesiredMinor,SAT,ACT,GPA,PhoneNumber) VALUES (305,13,30,'Shell','Hassin','shassin8g@smugmug.com',2004,'Engineering','Research and Development',1464,1214,2.6,6385351866);
INSERT INTO Students(StudentID,SchoolID,CounselorID,FirstName,LastName,Email,CurrentYear,DesiredMajor,DesiredMinor,SAT,ACT,GPA,PhoneNumber) VALUES (306,56,14,'Doralynn','Schiefersten','dschiefersten8h@sfgate.com',2011,'Business Development',NULL,1572,1343,3.019,9723737377);
INSERT INTO Students(StudentID,SchoolID,CounselorID,FirstName,LastName,Email,CurrentYear,DesiredMajor,DesiredMinor,SAT,ACT,GPA,PhoneNumber) VALUES (307,65,22,'Deeanne','Panons','dpanons8i@list-manage.com',1995,'Sales',NULL,566,1286,3.622,2957089469);
INSERT INTO Students(StudentID,SchoolID,CounselorID,FirstName,LastName,Email,CurrentYear,DesiredMajor,DesiredMinor,SAT,ACT,GPA,PhoneNumber) VALUES (308,115,38,'Shantee','Kitney','skitney8j@who.int',2010,'Business Development',NULL,772,1110,3.24,9996894378);
INSERT INTO Students(StudentID,SchoolID,CounselorID,FirstName,LastName,Email,CurrentYear,DesiredMajor,DesiredMinor,SAT,ACT,GPA,PhoneNumber) VALUES (309,23,31,'Rudolf','Severns','rseverns8k@zimbio.com',2001,'Product Management','Human Resources',611,613,3.802,4921320392);
INSERT INTO Students(StudentID,SchoolID,CounselorID,FirstName,LastName,Email,CurrentYear,DesiredMajor,DesiredMinor,SAT,ACT,GPA,PhoneNumber) VALUES (310,18,12,'Robbie','Letterese','rletterese8l@pinterest.com',1986,'Training','Accounting',554,1225,3.895,5974876722);
INSERT INTO Students(StudentID,SchoolID,CounselorID,FirstName,LastName,Email,CurrentYear,DesiredMajor,DesiredMinor,SAT,ACT,GPA,PhoneNumber) VALUES (311,77,20,'Crystal','Garthside','cgarthside8m@timesonline.co.uk',2000,'Legal','Sales',993,1388,3.488,9041271211);
INSERT INTO Students(StudentID,SchoolID,CounselorID,FirstName,LastName,Email,CurrentYear,DesiredMajor,DesiredMinor,SAT,ACT,GPA,PhoneNumber) VALUES (312,117,15,'Danna','Tuff','dtuff8n@umn.edu',2012,'Legal',NULL,973,1334,1.349,6093778142);
INSERT INTO Students(StudentID,SchoolID,CounselorID,FirstName,LastName,Email,CurrentYear,DesiredMajor,DesiredMinor,SAT,ACT,GPA,PhoneNumber) VALUES (313,73,25,'Moritz','Baynton','mbaynton8o@pen.io',1997,'Accounting','Services',634,501,3.019,9772184292);
INSERT INTO Students(StudentID,SchoolID,CounselorID,FirstName,LastName,Email,CurrentYear,DesiredMajor,DesiredMinor,SAT,ACT,GPA,PhoneNumber) VALUES (314,96,50,'Abrahan','Sikorski','asikorski8p@baidu.com',2004,'Research and Development','Marketing',1088,1485,1.043,5777550753);
INSERT INTO Students(StudentID,SchoolID,CounselorID,FirstName,LastName,Email,CurrentYear,DesiredMajor,DesiredMinor,SAT,ACT,GPA,PhoneNumber) VALUES (315,24,41,'Muire','Chamberlayne','mchamberlayne8q@nih.gov',2010,'Sales','Training',1313,499,3.756,5048752647);
INSERT INTO Students(StudentID,SchoolID,CounselorID,FirstName,LastName,Email,CurrentYear,DesiredMajor,DesiredMinor,SAT,ACT,GPA,PhoneNumber) VALUES (316,6,1,'Erskine','Kembrey','ekembrey8r@wired.com',2008,'Product Management','Business Development',1405,1134,1.781,4763764036);
INSERT INTO Students(StudentID,SchoolID,CounselorID,FirstName,LastName,Email,CurrentYear,DesiredMajor,DesiredMinor,SAT,ACT,GPA,PhoneNumber) VALUES (317,68,19,'Tillie','Trawin','ttrawin8s@yahoo.co.jp',2008,'Services','Product Management',798,1116,3.481,2018902531);
INSERT INTO Students(StudentID,SchoolID,CounselorID,FirstName,LastName,Email,CurrentYear,DesiredMajor,DesiredMinor,SAT,ACT,GPA,PhoneNumber) VALUES (318,110,18,'Lind','Baglan','lbaglan8t@msu.edu',1993,'Human Resources','Product Management',1055,1595,3.586,2879245363);
INSERT INTO Students(StudentID,SchoolID,CounselorID,FirstName,LastName,Email,CurrentYear,DesiredMajor,DesiredMinor,SAT,ACT,GPA,PhoneNumber) VALUES (319,11,46,'Tibold','Pretswell','tpretswell8u@fc2.com',2003,'Business Development','Sales',649,1028,3.154,9158526601);
INSERT INTO Students(StudentID,SchoolID,CounselorID,FirstName,LastName,Email,CurrentYear,DesiredMajor,DesiredMinor,SAT,ACT,GPA,PhoneNumber) VALUES (320,14,26,'Durante','Fritter','dfritter8v@squarespace.com',1986,'Research and Development','Support',1176,1050,2.189,9485912877);
INSERT INTO Students(StudentID,SchoolID,CounselorID,FirstName,LastName,Email,CurrentYear,DesiredMajor,DesiredMinor,SAT,ACT,GPA,PhoneNumber) VALUES (321,4,16,'Woodman','Lachaize','wlachaize8w@youku.com',1992,'Sales','Sales',1268,1242,3.874,7256549057);
INSERT INTO Students(StudentID,SchoolID,CounselorID,FirstName,LastName,Email,CurrentYear,DesiredMajor,DesiredMinor,SAT,ACT,GPA,PhoneNumber) VALUES (322,62,11,'Morten','Smalls','msmalls8x@baidu.com',1997,'Sales',NULL,616,1259,3.19,8779541577);
INSERT INTO Students(StudentID,SchoolID,CounselorID,FirstName,LastName,Email,CurrentYear,DesiredMajor,DesiredMinor,SAT,ACT,GPA,PhoneNumber) VALUES (323,51,4,'Nikki','Razzell','nrazzell8y@odnoklassniki.ru',1998,'Services','Services',1513,1122,3.357,8168881421);
INSERT INTO Students(StudentID,SchoolID,CounselorID,FirstName,LastName,Email,CurrentYear,DesiredMajor,DesiredMinor,SAT,ACT,GPA,PhoneNumber) VALUES (324,76,45,'Nissy','Huddles','nhuddles8z@timesonline.co.uk',1994,'Accounting','Product Management',1008,669,1.005,2878826013);
INSERT INTO Students(StudentID,SchoolID,CounselorID,FirstName,LastName,Email,CurrentYear,DesiredMajor,DesiredMinor,SAT,ACT,GPA,PhoneNumber) VALUES (325,91,49,'Dietrich','Brecon','dbrecon90@ning.com',2005,'Support','Engineering',828,965,1.831,6493078710);
INSERT INTO Students(StudentID,SchoolID,CounselorID,FirstName,LastName,Email,CurrentYear,DesiredMajor,DesiredMinor,SAT,ACT,GPA,PhoneNumber) VALUES (326,110,41,'Ede','De Gouy','edegouy91@hugedomains.com',2010,'Engineering',NULL,1405,717,3.42,8359330541);
INSERT INTO Students(StudentID,SchoolID,CounselorID,FirstName,LastName,Email,CurrentYear,DesiredMajor,DesiredMinor,SAT,ACT,GPA,PhoneNumber) VALUES (327,109,24,'Renado','Gent','rgent92@ovh.net',2003,'Product Management','Research and Development',1311,1396,2.713,8127162557);
INSERT INTO Students(StudentID,SchoolID,CounselorID,FirstName,LastName,Email,CurrentYear,DesiredMajor,DesiredMinor,SAT,ACT,GPA,PhoneNumber) VALUES (328,77,40,'Renie','Sywell','rsywell93@a8.net',2007,'Accounting','Human Resources',553,963,3.533,2483072405);
INSERT INTO Students(StudentID,SchoolID,CounselorID,FirstName,LastName,Email,CurrentYear,DesiredMajor,DesiredMinor,SAT,ACT,GPA,PhoneNumber) VALUES (329,107,48,'Fergus','Trimnell','ftrimnell94@princeton.edu',2012,'Legal',NULL,664,417,3.869,8674962418);
INSERT INTO Students(StudentID,SchoolID,CounselorID,FirstName,LastName,Email,CurrentYear,DesiredMajor,DesiredMinor,SAT,ACT,GPA,PhoneNumber) VALUES (330,99,12,'Gates','Axup','gaxup95@patch.com',1989,'Sales','Product Management',1166,1443,2.385,7724291955);
INSERT INTO Students(StudentID,SchoolID,CounselorID,FirstName,LastName,Email,CurrentYear,DesiredMajor,DesiredMinor,SAT,ACT,GPA,PhoneNumber) VALUES (331,48,37,'Philly','Crathorne','pcrathorne96@51.la',1999,'Services','Sales',892,1247,1.449,2346656469);
INSERT INTO Students(StudentID,SchoolID,CounselorID,FirstName,LastName,Email,CurrentYear,DesiredMajor,DesiredMinor,SAT,ACT,GPA,PhoneNumber) VALUES (332,123,13,'Helenelizabeth','Ridulfo','hridulfo97@amazon.co.jp',1997,'Product Management','Engineering',1327,1327,1.922,6956968461);
INSERT INTO Students(StudentID,SchoolID,CounselorID,FirstName,LastName,Email,CurrentYear,DesiredMajor,DesiredMinor,SAT,ACT,GPA,PhoneNumber) VALUES (333,74,43,'Oswell','Worboys','oworboys98@amazon.co.uk',1992,'Research and Development','Business Development',1462,1321,1.383,9415826617);
INSERT INTO Students(StudentID,SchoolID,CounselorID,FirstName,LastName,Email,CurrentYear,DesiredMajor,DesiredMinor,SAT,ACT,GPA,PhoneNumber) VALUES (334,97,20,'Krisha','Aime','kaime99@bbb.org',2005,'Sales','Support',1525,1171,3.093,6486433642);
INSERT INTO Students(StudentID,SchoolID,CounselorID,FirstName,LastName,Email,CurrentYear,DesiredMajor,DesiredMinor,SAT,ACT,GPA,PhoneNumber) VALUES (335,105,29,'Weston','Klimkin','wklimkin9a@dion.ne.jp',2011,'Research and Development','Training',697,1454,2.408,5208315933);
INSERT INTO Students(StudentID,SchoolID,CounselorID,FirstName,LastName,Email,CurrentYear,DesiredMajor,DesiredMinor,SAT,ACT,GPA,PhoneNumber) VALUES (336,125,27,'Karna','Pickin','kpickin9b@army.mil',2009,'Engineering',NULL,728,879,2.279,3819241494);
INSERT INTO Students(StudentID,SchoolID,CounselorID,FirstName,LastName,Email,CurrentYear,DesiredMajor,DesiredMinor,SAT,ACT,GPA,PhoneNumber) VALUES (337,20,36,'Renado','Gager','rgager9c@bandcamp.com',2005,'Services',NULL,900,662,3.592,2952934726);
INSERT INTO Students(StudentID,SchoolID,CounselorID,FirstName,LastName,Email,CurrentYear,DesiredMajor,DesiredMinor,SAT,ACT,GPA,PhoneNumber) VALUES (338,51,25,'Mathew','Sollars','msollars9d@diigo.com',2002,'Services','Product Management',1422,1186,1.162,5438277402);
INSERT INTO Students(StudentID,SchoolID,CounselorID,FirstName,LastName,Email,CurrentYear,DesiredMajor,DesiredMinor,SAT,ACT,GPA,PhoneNumber) VALUES (339,89,17,'Carmelita','Torbard','ctorbard9e@marketwatch.com',2008,'Marketing','Accounting',1393,600,2.813,4802100538);
INSERT INTO Students(StudentID,SchoolID,CounselorID,FirstName,LastName,Email,CurrentYear,DesiredMajor,DesiredMinor,SAT,ACT,GPA,PhoneNumber) VALUES (340,63,38,'Jerrome','Annell','jannell9f@bigcartel.com',1998,'Product Management','Engineering',1153,428,1.783,6998856228);
INSERT INTO Students(StudentID,SchoolID,CounselorID,FirstName,LastName,Email,CurrentYear,DesiredMajor,DesiredMinor,SAT,ACT,GPA,PhoneNumber) VALUES (341,67,7,'Rolando','Dyde','rdyde9g@deviantart.com',2003,'Research and Development','Services',811,904,1.903,3076635347);
INSERT INTO Students(StudentID,SchoolID,CounselorID,FirstName,LastName,Email,CurrentYear,DesiredMajor,DesiredMinor,SAT,ACT,GPA,PhoneNumber) VALUES (342,54,46,'Danny','Tye','dtye9h@networkadvertising.org',1999,'Product Management','Legal',1029,1310,3.09,6902050661);
INSERT INTO Students(StudentID,SchoolID,CounselorID,FirstName,LastName,Email,CurrentYear,DesiredMajor,DesiredMinor,SAT,ACT,GPA,PhoneNumber) VALUES (343,46,31,'Onida','O''Mahoney','oomahoney9i@miibeian.gov.cn',2009,'Accounting','Services',478,1586,1.418,3294871595);
INSERT INTO Students(StudentID,SchoolID,CounselorID,FirstName,LastName,Email,CurrentYear,DesiredMajor,DesiredMinor,SAT,ACT,GPA,PhoneNumber) VALUES (344,80,3,'Raddie','Barrabeale','rbarrabeale9j@issuu.com',1995,'Sales','Accounting',1223,942,2.816,8088468047);
INSERT INTO Students(StudentID,SchoolID,CounselorID,FirstName,LastName,Email,CurrentYear,DesiredMajor,DesiredMinor,SAT,ACT,GPA,PhoneNumber) VALUES (345,83,9,'Elbertina','Keiley','ekeiley9k@jiathis.com',1997,'Sales','Engineering',938,554,2.56,6394869785);
INSERT INTO Students(StudentID,SchoolID,CounselorID,FirstName,LastName,Email,CurrentYear,DesiredMajor,DesiredMinor,SAT,ACT,GPA,PhoneNumber) VALUES (346,6,47,'Olav','Roebottom','oroebottom9l@instagram.com',1970,'Engineering',NULL,937,800,2.984,7011642214);
INSERT INTO Students(StudentID,SchoolID,CounselorID,FirstName,LastName,Email,CurrentYear,DesiredMajor,DesiredMinor,SAT,ACT,GPA,PhoneNumber) VALUES (347,22,8,'Kennith','O''Currane','kocurrane9m@ed.gov',2012,'Business Development','Research and Development',434,628,3.623,2087551974);
INSERT INTO Students(StudentID,SchoolID,CounselorID,FirstName,LastName,Email,CurrentYear,DesiredMajor,DesiredMinor,SAT,ACT,GPA,PhoneNumber) VALUES (348,55,30,'Gillian','Bonn','gbonn9n@imgur.com',2008,'Human Resources',NULL,575,1286,3.818,2174382263);
INSERT INTO Students(StudentID,SchoolID,CounselorID,FirstName,LastName,Email,CurrentYear,DesiredMajor,DesiredMinor,SAT,ACT,GPA,PhoneNumber) VALUES (349,2,32,'Lian','Royle','lroyle9o@senate.gov',2005,'Services','Accounting',1000,1009,1.579,8794785347);
INSERT INTO Students(StudentID,SchoolID,CounselorID,FirstName,LastName,Email,CurrentYear,DesiredMajor,DesiredMinor,SAT,ACT,GPA,PhoneNumber) VALUES (350,76,39,'Preston','Danilin','pdanilin9p@exblog.jp',2007,'Services',NULL,942,746,2.914,4118213383);
INSERT INTO Students(StudentID,SchoolID,CounselorID,FirstName,LastName,Email,CurrentYear,DesiredMajor,DesiredMinor,SAT,ACT,GPA,PhoneNumber) VALUES (351,48,10,'Tito','Hulburd','thulburd9q@google.de',1998,'Product Management','Human Resources',793,630,1.428,2894493287);
INSERT INTO Students(StudentID,SchoolID,CounselorID,FirstName,LastName,Email,CurrentYear,DesiredMajor,DesiredMinor,SAT,ACT,GPA,PhoneNumber) VALUES (352,62,43,'Tallie','Brightie','tbrightie9r@mashable.com',2001,'Business Development',NULL,1003,564,2.384,7921670475);
INSERT INTO Students(StudentID,SchoolID,CounselorID,FirstName,LastName,Email,CurrentYear,DesiredMajor,DesiredMinor,SAT,ACT,GPA,PhoneNumber) VALUES (353,92,22,'Cathy','Alleway','calleway9s@quantcast.com',2000,'Marketing','Support',951,428,2.536,9274814782);
INSERT INTO Students(StudentID,SchoolID,CounselorID,FirstName,LastName,Email,CurrentYear,DesiredMajor,DesiredMinor,SAT,ACT,GPA,PhoneNumber) VALUES (354,96,16,'Madelina','Colebeck','mcolebeck9t@economist.com',2004,'Services','Accounting',1590,509,2.247,6475962184);
INSERT INTO Students(StudentID,SchoolID,CounselorID,FirstName,LastName,Email,CurrentYear,DesiredMajor,DesiredMinor,SAT,ACT,GPA,PhoneNumber) VALUES (355,37,23,'Nadya','Phillpotts','nphillpotts9u@uol.com.br',1999,'Accounting','Research and Development',1222,950,2.833,1048775007);
INSERT INTO Students(StudentID,SchoolID,CounselorID,FirstName,LastName,Email,CurrentYear,DesiredMajor,DesiredMinor,SAT,ACT,GPA,PhoneNumber) VALUES (356,119,19,'Sibby','Moubray','smoubray9v@nps.gov',2004,'Human Resources','Research and Development',457,876,2.222,9721546235);
INSERT INTO Students(StudentID,SchoolID,CounselorID,FirstName,LastName,Email,CurrentYear,DesiredMajor,DesiredMinor,SAT,ACT,GPA,PhoneNumber) VALUES (357,52,9,'Bethena','Quail','bquail9w@webeden.co.uk',2006,'Training','Legal',1296,1200,3.523,5665481141);
INSERT INTO Students(StudentID,SchoolID,CounselorID,FirstName,LastName,Email,CurrentYear,DesiredMajor,DesiredMinor,SAT,ACT,GPA,PhoneNumber) VALUES (358,104,26,'Sterne','Dorward','sdorward9x@japanpost.jp',2007,'Research and Development','Accounting',1396,1573,1.899,4284355608);
INSERT INTO Students(StudentID,SchoolID,CounselorID,FirstName,LastName,Email,CurrentYear,DesiredMajor,DesiredMinor,SAT,ACT,GPA,PhoneNumber) VALUES (359,107,12,'Gabbi','McKeller','gmckeller9y@army.mil',1999,'Sales','Product Management',1475,1519,1.59,4253174021);
INSERT INTO Students(StudentID,SchoolID,CounselorID,FirstName,LastName,Email,CurrentYear,DesiredMajor,DesiredMinor,SAT,ACT,GPA,PhoneNumber) VALUES (360,82,44,'Orlan','Sellick','osellick9z@youtu.be',2005,'Engineering','Research and Development',492,1562,3.377,1714030251);
INSERT INTO Students(StudentID,SchoolID,CounselorID,FirstName,LastName,Email,CurrentYear,DesiredMajor,DesiredMinor,SAT,ACT,GPA,PhoneNumber) VALUES (361,2,18,'Freeman','Union','funiona0@census.gov',1993,'Research and Development','Accounting',1000,820,2.005,9711938570);
INSERT INTO Students(StudentID,SchoolID,CounselorID,FirstName,LastName,Email,CurrentYear,DesiredMajor,DesiredMinor,SAT,ACT,GPA,PhoneNumber) VALUES (362,123,29,'Rosamond','O''Sesnane','rosesnanea1@youtube.com',1989,'Business Development','Legal',645,440,2.315,2025368951);
INSERT INTO Students(StudentID,SchoolID,CounselorID,FirstName,LastName,Email,CurrentYear,DesiredMajor,DesiredMinor,SAT,ACT,GPA,PhoneNumber) VALUES (363,117,30,'Demott','Damsell','ddamsella2@fda.gov',1990,'Legal',NULL,1302,592,2.428,6714949066);
INSERT INTO Students(StudentID,SchoolID,CounselorID,FirstName,LastName,Email,CurrentYear,DesiredMajor,DesiredMinor,SAT,ACT,GPA,PhoneNumber) VALUES (364,76,42,'Lynette','Dreakin','ldreakina3@indiatimes.com',2004,'Services','Marketing',1385,520,2.577,8569596041);
INSERT INTO Students(StudentID,SchoolID,CounselorID,FirstName,LastName,Email,CurrentYear,DesiredMajor,DesiredMinor,SAT,ACT,GPA,PhoneNumber) VALUES (365,57,38,'Pearline','Blondel','pblondela4@bbb.org',2000,'Engineering','Engineering',867,1431,2.655,2128583557);
INSERT INTO Students(StudentID,SchoolID,CounselorID,FirstName,LastName,Email,CurrentYear,DesiredMajor,DesiredMinor,SAT,ACT,GPA,PhoneNumber) VALUES (366,91,47,'Joanne','Sivewright','jsivewrighta5@ucoz.com',1990,'Sales','Product Management',1500,1454,1.73,9389541170);
INSERT INTO Students(StudentID,SchoolID,CounselorID,FirstName,LastName,Email,CurrentYear,DesiredMajor,DesiredMinor,SAT,ACT,GPA,PhoneNumber) VALUES (367,89,8,'Pasquale','Magnay','pmagnaya6@epa.gov',1995,'Accounting','Business Development',1498,1247,3.087,8295587332);
INSERT INTO Students(StudentID,SchoolID,CounselorID,FirstName,LastName,Email,CurrentYear,DesiredMajor,DesiredMinor,SAT,ACT,GPA,PhoneNumber) VALUES (368,106,24,'Drucy','Blunderfield','dblunderfielda7@illinois.edu',2012,'Services',NULL,1445,886,1.774,4634994814);
INSERT INTO Students(StudentID,SchoolID,CounselorID,FirstName,LastName,Email,CurrentYear,DesiredMajor,DesiredMinor,SAT,ACT,GPA,PhoneNumber) VALUES (369,116,5,'Adan','Bozworth','abozwortha8@gov.uk',2000,'Research and Development','Human Resources',1138,981,2.091,3671926530);
INSERT INTO Students(StudentID,SchoolID,CounselorID,FirstName,LastName,Email,CurrentYear,DesiredMajor,DesiredMinor,SAT,ACT,GPA,PhoneNumber) VALUES (370,99,41,'Gilda','Normant','gnormanta9@cbc.ca',2006,'Engineering',NULL,526,1180,2.751,7014849288);
INSERT INTO Students(StudentID,SchoolID,CounselorID,FirstName,LastName,Email,CurrentYear,DesiredMajor,DesiredMinor,SAT,ACT,GPA,PhoneNumber) VALUES (371,111,21,'Shell','Timoney','stimoneyaa@pagesperso-orange.fr',1996,'Accounting',NULL,876,922,3.713,1405752405);
INSERT INTO Students(StudentID,SchoolID,CounselorID,FirstName,LastName,Email,CurrentYear,DesiredMajor,DesiredMinor,SAT,ACT,GPA,PhoneNumber) VALUES (372,87,28,'Georgiana','Bewsey','gbewseyab@uol.com.br',2012,'Support','Engineering',1069,773,2.673,4312143828);
INSERT INTO Students(StudentID,SchoolID,CounselorID,FirstName,LastName,Email,CurrentYear,DesiredMajor,DesiredMinor,SAT,ACT,GPA,PhoneNumber) VALUES (373,29,46,'Mannie','Skillen','mskillenac@weather.com',2010,'Sales','Accounting',443,975,1.968,4159184790);
INSERT INTO Students(StudentID,SchoolID,CounselorID,FirstName,LastName,Email,CurrentYear,DesiredMajor,DesiredMinor,SAT,ACT,GPA,PhoneNumber) VALUES (374,42,33,'Patric','Roughan','proughanad@opera.com',2011,'Services','Product Management',1576,934,3.448,9351475965);
INSERT INTO Students(StudentID,SchoolID,CounselorID,FirstName,LastName,Email,CurrentYear,DesiredMajor,DesiredMinor,SAT,ACT,GPA,PhoneNumber) VALUES (375,98,7,'Onida','MacBean','omacbeanae@abc.net.au',2010,'Engineering','Services',401,1137,3.671,5355873102);
INSERT INTO Students(StudentID,SchoolID,CounselorID,FirstName,LastName,Email,CurrentYear,DesiredMajor,DesiredMinor,SAT,ACT,GPA,PhoneNumber) VALUES (376,114,49,'Modesty','Kittoe','mkittoeaf@soup.io',2009,'Services','Product Management',878,1208,1.504,2347512836);
INSERT INTO Students(StudentID,SchoolID,CounselorID,FirstName,LastName,Email,CurrentYear,DesiredMajor,DesiredMinor,SAT,ACT,GPA,PhoneNumber) VALUES (377,82,6,'Stillmann','McGillivrie','smcgillivrieag@who.int',1996,'Accounting','Legal',525,438,3.096,7577568484);
INSERT INTO Students(StudentID,SchoolID,CounselorID,FirstName,LastName,Email,CurrentYear,DesiredMajor,DesiredMinor,SAT,ACT,GPA,PhoneNumber) VALUES (378,90,50,'Robinia','Fydo','rfydoah@berkeley.edu',2006,'Training','Human Resources',1028,978,3.145,6451577368);
INSERT INTO Students(StudentID,SchoolID,CounselorID,FirstName,LastName,Email,CurrentYear,DesiredMajor,DesiredMinor,SAT,ACT,GPA,PhoneNumber) VALUES (379,97,34,'Vivyan','Gilbard','vgilbardai@diigo.com',1987,'Legal','Training',1072,1377,3.266,8752484820);
INSERT INTO Students(StudentID,SchoolID,CounselorID,FirstName,LastName,Email,CurrentYear,DesiredMajor,DesiredMinor,SAT,ACT,GPA,PhoneNumber) VALUES (380,61,1,'Fina','Fabbri','ffabbriaj@dell.com',1988,'Research and Development',NULL,1311,1102,1.45,5677197052);
INSERT INTO Students(StudentID,SchoolID,CounselorID,FirstName,LastName,Email,CurrentYear,DesiredMajor,DesiredMinor,SAT,ACT,GPA,PhoneNumber) VALUES (381,37,39,'Eustacia','Calloway','ecallowayak@huffingtonpost.com',1994,'Business Development',NULL,1159,499,2.08,7592382829);
INSERT INTO Students(StudentID,SchoolID,CounselorID,FirstName,LastName,Email,CurrentYear,DesiredMajor,DesiredMinor,SAT,ACT,GPA,PhoneNumber) VALUES (382,66,26,'Arleta','Watkin','awatkinal@sciencedirect.com',2012,'Product Management','Accounting',1200,403,1.202,7933311489);
INSERT INTO Students(StudentID,SchoolID,CounselorID,FirstName,LastName,Email,CurrentYear,DesiredMajor,DesiredMinor,SAT,ACT,GPA,PhoneNumber) VALUES (383,87,28,'Alexandrina','MacGarvey','amacgarveyam@homestead.com',1995,'Sales','Engineering',1462,520,1.348,3895047921);
INSERT INTO Students(StudentID,SchoolID,CounselorID,FirstName,LastName,Email,CurrentYear,DesiredMajor,DesiredMinor,SAT,ACT,GPA,PhoneNumber) VALUES (384,64,16,'Tamar','Mussetti','tmussettian@godaddy.com',1986,'Product Management','Legal',710,1480,3.992,2506532959);
INSERT INTO Students(StudentID,SchoolID,CounselorID,FirstName,LastName,Email,CurrentYear,DesiredMajor,DesiredMinor,SAT,ACT,GPA,PhoneNumber) VALUES (385,30,15,'Lark','Jeyness','ljeynessao@g.co',1983,'Product Management',NULL,1425,912,1.652,9197770816);
INSERT INTO Students(StudentID,SchoolID,CounselorID,FirstName,LastName,Email,CurrentYear,DesiredMajor,DesiredMinor,SAT,ACT,GPA,PhoneNumber) VALUES (386,67,32,'Thurstan','Brice','tbriceap@mtv.com',2008,'Sales','Product Management',1600,421,3.726,6778235711);
INSERT INTO Students(StudentID,SchoolID,CounselorID,FirstName,LastName,Email,CurrentYear,DesiredMajor,DesiredMinor,SAT,ACT,GPA,PhoneNumber) VALUES (387,81,25,'Rozanna','Vanichkin','rvanichkinaq@admin.ch',2010,'Marketing','Human Resources',1284,453,2.461,4062579930);
INSERT INTO Students(StudentID,SchoolID,CounselorID,FirstName,LastName,Email,CurrentYear,DesiredMajor,DesiredMinor,SAT,ACT,GPA,PhoneNumber) VALUES (388,73,14,'Enrika','Rainbow','erainbowar@bing.com',2001,'Product Management',NULL,411,624,1.504,3503878976);
INSERT INTO Students(StudentID,SchoolID,CounselorID,FirstName,LastName,Email,CurrentYear,DesiredMajor,DesiredMinor,SAT,ACT,GPA,PhoneNumber) VALUES (389,39,41,'Pippa','Arendsen','parendsenas@xrea.com',1989,'Legal','Product Management',966,753,3.675,8799105476);
INSERT INTO Students(StudentID,SchoolID,CounselorID,FirstName,LastName,Email,CurrentYear,DesiredMajor,DesiredMinor,SAT,ACT,GPA,PhoneNumber) VALUES (390,92,43,'Delilah','Simmig','dsimmigat@g.co',2005,'Product Management','Marketing',1554,802,1.263,7874199900);
INSERT INTO Students(StudentID,SchoolID,CounselorID,FirstName,LastName,Email,CurrentYear,DesiredMajor,DesiredMinor,SAT,ACT,GPA,PhoneNumber) VALUES (391,19,10,'Garvey','Mitkov','gmitkovau@un.org',1990,'Human Resources',NULL,1239,1507,3.369,1259207122);
INSERT INTO Students(StudentID,SchoolID,CounselorID,FirstName,LastName,Email,CurrentYear,DesiredMajor,DesiredMinor,SAT,ACT,GPA,PhoneNumber) VALUES (392,20,17,'Bailey','Shoveller','bshovellerav@tamu.edu',2002,'Research and Development','Support',589,887,2.039,1159131249);
INSERT INTO Students(StudentID,SchoolID,CounselorID,FirstName,LastName,Email,CurrentYear,DesiredMajor,DesiredMinor,SAT,ACT,GPA,PhoneNumber) VALUES (393,77,20,'Edita','MacEnelly','emacenellyaw@desdev.cn',1997,'Marketing',NULL,1581,668,3.472,7041372324);
INSERT INTO Students(StudentID,SchoolID,CounselorID,FirstName,LastName,Email,CurrentYear,DesiredMajor,DesiredMinor,SAT,ACT,GPA,PhoneNumber) VALUES (394,6,5,'Rozanne','Bailles','rbaillesax@dot.gov',2001,'Accounting','Legal',541,630,1.156,4192593874);
INSERT INTO Students(StudentID,SchoolID,CounselorID,FirstName,LastName,Email,CurrentYear,DesiredMajor,DesiredMinor,SAT,ACT,GPA,PhoneNumber) VALUES (395,76,36,'Raul','Bowller','rbowlleray@ucoz.ru',2000,'Support','Accounting',435,1534,2.242,3366937102);
INSERT INTO Students(StudentID,SchoolID,CounselorID,FirstName,LastName,Email,CurrentYear,DesiredMajor,DesiredMinor,SAT,ACT,GPA,PhoneNumber) VALUES (396,15,37,'Bride','Foan','bfoanaz@mozilla.com',1984,'Research and Development','Accounting',419,1197,2.877,9089577046);
INSERT INTO Students(StudentID,SchoolID,CounselorID,FirstName,LastName,Email,CurrentYear,DesiredMajor,DesiredMinor,SAT,ACT,GPA,PhoneNumber) VALUES (397,43,12,'Breena','Mebs','bmebsb0@tmall.com',2006,'Legal','Human Resources',873,1146,2.034,8409898640);
INSERT INTO Students(StudentID,SchoolID,CounselorID,FirstName,LastName,Email,CurrentYear,DesiredMajor,DesiredMinor,SAT,ACT,GPA,PhoneNumber) VALUES (398,100,2,'Debee','Decaze','ddecazeb1@canalblog.com',1999,'Engineering','Sales',829,1217,1.689,6304885322);
INSERT INTO Students(StudentID,SchoolID,CounselorID,FirstName,LastName,Email,CurrentYear,DesiredMajor,DesiredMinor,SAT,ACT,GPA,PhoneNumber) VALUES (399,27,9,'Maurits','Whillock','mwhillockb2@nyu.edu',1992,'Support',NULL,1381,603,2.324,6301318677);
INSERT INTO Students(StudentID,SchoolID,CounselorID,FirstName,LastName,Email,CurrentYear,DesiredMajor,DesiredMinor,SAT,ACT,GPA,PhoneNumber) VALUES (400,86,8,'Kirstyn','Piechnik','kpiechnikb3@smh.com.au',1993,'Engineering','Support',1161,1127,2.709,5084603320);
INSERT INTO Students(StudentID,SchoolID,CounselorID,FirstName,LastName,Email,CurrentYear,DesiredMajor,DesiredMinor,SAT,ACT,GPA,PhoneNumber) VALUES (401,110,27,'Roslyn','Lawler','rlawlerb4@sphinn.com',1966,'Product Management','Research and Development',478,989,3.698,6519108016);
INSERT INTO Students(StudentID,SchoolID,CounselorID,FirstName,LastName,Email,CurrentYear,DesiredMajor,DesiredMinor,SAT,ACT,GPA,PhoneNumber) VALUES (402,50,4,'Corri','Collick','ccollickb5@mapquest.com',1994,'Support','Accounting',682,776,3.288,3068544642);
INSERT INTO Students(StudentID,SchoolID,CounselorID,FirstName,LastName,Email,CurrentYear,DesiredMajor,DesiredMinor,SAT,ACT,GPA,PhoneNumber) VALUES (403,52,7,'Bethena','Ollett','bollettb6@oracle.com',1987,'Engineering','Human Resources',671,1091,1.156,4826990660);
INSERT INTO Students(StudentID,SchoolID,CounselorID,FirstName,LastName,Email,CurrentYear,DesiredMajor,DesiredMinor,SAT,ACT,GPA,PhoneNumber) VALUES (404,112,5,'Kasey','Mongenot','kmongenotb7@tinyurl.com',2010,'Training','Training',813,958,3.647,7651216212);
INSERT INTO Students(StudentID,SchoolID,CounselorID,FirstName,LastName,Email,CurrentYear,DesiredMajor,DesiredMinor,SAT,ACT,GPA,PhoneNumber) VALUES (405,25,45,'Marjy','Assiratti','massirattib8@washingtonpost.com',2009,'Support','Engineering',755,1578,1.785,5445668449);
INSERT INTO Students(StudentID,SchoolID,CounselorID,FirstName,LastName,Email,CurrentYear,DesiredMajor,DesiredMinor,SAT,ACT,GPA,PhoneNumber) VALUES (406,91,6,'Pieter','Deighton','pdeightonb9@phoca.cz',2002,'Human Resources',NULL,1097,1031,2.202,6395183112);
INSERT INTO Students(StudentID,SchoolID,CounselorID,FirstName,LastName,Email,CurrentYear,DesiredMajor,DesiredMinor,SAT,ACT,GPA,PhoneNumber) VALUES (407,74,49,'Carroll','Mangon','cmangonba@gizmodo.com',2007,'Marketing','Engineering',1114,1338,3.987,4887815767);
INSERT INTO Students(StudentID,SchoolID,CounselorID,FirstName,LastName,Email,CurrentYear,DesiredMajor,DesiredMinor,SAT,ACT,GPA,PhoneNumber) VALUES (408,101,18,'Mandy','Cockshoot','mcockshootbb@mayoclinic.com',1998,'Training',NULL,1581,804,1.995,7426372993);
INSERT INTO Students(StudentID,SchoolID,CounselorID,FirstName,LastName,Email,CurrentYear,DesiredMajor,DesiredMinor,SAT,ACT,GPA,PhoneNumber) VALUES (409,45,28,'Fancy','Epgrave','fepgravebc@oakley.com',2004,'Services',NULL,511,896,3.194,3175149752);
INSERT INTO Students(StudentID,SchoolID,CounselorID,FirstName,LastName,Email,CurrentYear,DesiredMajor,DesiredMinor,SAT,ACT,GPA,PhoneNumber) VALUES (410,18,44,'Jaquenetta','Chater','jchaterbd@wikimedia.org',2007,'Marketing','Marketing',1401,818,2.055,1151532434);
INSERT INTO Students(StudentID,SchoolID,CounselorID,FirstName,LastName,Email,CurrentYear,DesiredMajor,DesiredMinor,SAT,ACT,GPA,PhoneNumber) VALUES (411,51,38,'Dulce','Millard','dmillardbe@opensource.org',2001,'Business Development','Support',728,605,3.789,5514519935);
INSERT INTO Students(StudentID,SchoolID,CounselorID,FirstName,LastName,Email,CurrentYear,DesiredMajor,DesiredMinor,SAT,ACT,GPA,PhoneNumber) VALUES (412,64,35,'Saraann','Faussett','sfaussettbf@dot.gov',1996,'Business Development','Training',1103,1336,1.92,8617898795);
INSERT INTO Students(StudentID,SchoolID,CounselorID,FirstName,LastName,Email,CurrentYear,DesiredMajor,DesiredMinor,SAT,ACT,GPA,PhoneNumber) VALUES (413,10,42,'Willis','McCartney','wmccartneybg@t-online.de',2006,'Product Management',NULL,1359,910,3.072,5251328640);
INSERT INTO Students(StudentID,SchoolID,CounselorID,FirstName,LastName,Email,CurrentYear,DesiredMajor,DesiredMinor,SAT,ACT,GPA,PhoneNumber) VALUES (414,69,34,'Elnore','Radin','eradinbh@mashable.com',2004,'Marketing','Legal',1059,710,3.88,7104055719);
INSERT INTO Students(StudentID,SchoolID,CounselorID,FirstName,LastName,Email,CurrentYear,DesiredMajor,DesiredMinor,SAT,ACT,GPA,PhoneNumber) VALUES (415,116,23,'Myranda','Penke','mpenkebi@clickbank.net',2005,'Research and Development',NULL,1267,860,3.959,6158519367);
INSERT INTO Students(StudentID,SchoolID,CounselorID,FirstName,LastName,Email,CurrentYear,DesiredMajor,DesiredMinor,SAT,ACT,GPA,PhoneNumber) VALUES (416,104,17,'Ken','Pistol','kpistolbj@ucla.edu',2010,'Marketing','Legal',1074,864,2.44,2545645527);
INSERT INTO Students(StudentID,SchoolID,CounselorID,FirstName,LastName,Email,CurrentYear,DesiredMajor,DesiredMinor,SAT,ACT,GPA,PhoneNumber) VALUES (417,66,11,'Darsie','Coverly','dcoverlybk@ihg.com',1994,'Legal',NULL,996,686,2.492,3476852177);
INSERT INTO Students(StudentID,SchoolID,CounselorID,FirstName,LastName,Email,CurrentYear,DesiredMajor,DesiredMinor,SAT,ACT,GPA,PhoneNumber) VALUES (418,55,16,'Branden','Waterman','bwatermanbl@multiply.com',2010,'Human Resources','Business Development',697,1585,1.441,8909177332);
INSERT INTO Students(StudentID,SchoolID,CounselorID,FirstName,LastName,Email,CurrentYear,DesiredMajor,DesiredMinor,SAT,ACT,GPA,PhoneNumber) VALUES (419,67,41,'Ellsworth','Abley','eableybm@nba.com',2004,'Support','Product Management',1029,579,3.39,3926535020);
INSERT INTO Students(StudentID,SchoolID,CounselorID,FirstName,LastName,Email,CurrentYear,DesiredMajor,DesiredMinor,SAT,ACT,GPA,PhoneNumber) VALUES (420,120,8,'Caz','Bentick','cbentickbn@independent.co.uk',1984,'Product Management',NULL,447,1096,3.879,3978960210);
INSERT INTO Students(StudentID,SchoolID,CounselorID,FirstName,LastName,Email,CurrentYear,DesiredMajor,DesiredMinor,SAT,ACT,GPA,PhoneNumber) VALUES (421,48,22,'Yard','Marquez','ymarquezbo@yahoo.com',1998,'Legal','Training',1035,1483,3.892,8541531344);
INSERT INTO Students(StudentID,SchoolID,CounselorID,FirstName,LastName,Email,CurrentYear,DesiredMajor,DesiredMinor,SAT,ACT,GPA,PhoneNumber) VALUES (422,117,32,'Hasty','Dybell','hdybellbp@kickstarter.com',2011,'Services','Business Development',555,1135,2.032,6196154451);
INSERT INTO Students(StudentID,SchoolID,CounselorID,FirstName,LastName,Email,CurrentYear,DesiredMajor,DesiredMinor,SAT,ACT,GPA,PhoneNumber) VALUES (423,36,13,'Emlyn','Matuszkiewicz','ematuszkiewiczbq@aol.com',2002,'Product Management',NULL,776,1303,1.682,4179446443);
INSERT INTO Students(StudentID,SchoolID,CounselorID,FirstName,LastName,Email,CurrentYear,DesiredMajor,DesiredMinor,SAT,ACT,GPA,PhoneNumber) VALUES (424,46,46,'Susi','Youhill','syouhillbr@huffingtonpost.com',2001,'Training','Support',643,1400,1.429,8378457131);
INSERT INTO Students(StudentID,SchoolID,CounselorID,FirstName,LastName,Email,CurrentYear,DesiredMajor,DesiredMinor,SAT,ACT,GPA,PhoneNumber) VALUES (425,87,31,'Caria','Francescozzi','cfrancescozzibs@harvard.edu',2005,'Marketing','Business Development',1060,1545,2.93,1815861605);
INSERT INTO Students(StudentID,SchoolID,CounselorID,FirstName,LastName,Email,CurrentYear,DesiredMajor,DesiredMinor,SAT,ACT,GPA,PhoneNumber) VALUES (426,23,3,'Demetre','Lumly','dlumlybt@who.int',1999,'Accounting','Support',488,1120,3.64,6487245440);
INSERT INTO Students(StudentID,SchoolID,CounselorID,FirstName,LastName,Email,CurrentYear,DesiredMajor,DesiredMinor,SAT,ACT,GPA,PhoneNumber) VALUES (427,100,48,'Howard','Petters','hpettersbu@hatena.ne.jp',2000,'Marketing','Marketing',1293,1354,3.868,8501704435);
INSERT INTO Students(StudentID,SchoolID,CounselorID,FirstName,LastName,Email,CurrentYear,DesiredMajor,DesiredMinor,SAT,ACT,GPA,PhoneNumber) VALUES (428,85,9,'Hynda','Fishleigh','hfishleighbv@lulu.com',1990,'Training','Legal',1140,1417,2.805,7853839697);
INSERT INTO Students(StudentID,SchoolID,CounselorID,FirstName,LastName,Email,CurrentYear,DesiredMajor,DesiredMinor,SAT,ACT,GPA,PhoneNumber) VALUES (429,60,25,'Ambros','Gutierrez','agutierrezbw@ibm.com',1989,'Support',NULL,1447,1118,3.463,4047299450);
INSERT INTO Students(StudentID,SchoolID,CounselorID,FirstName,LastName,Email,CurrentYear,DesiredMajor,DesiredMinor,SAT,ACT,GPA,PhoneNumber) VALUES (430,80,45,'Elora','Haskur','ehaskurbx@xing.com',2012,'Human Resources',NULL,1070,1144,3.713,2026802168);
INSERT INTO Students(StudentID,SchoolID,CounselorID,FirstName,LastName,Email,CurrentYear,DesiredMajor,DesiredMinor,SAT,ACT,GPA,PhoneNumber) VALUES (431,119,50,'Molly','Ciciari','mciciariby@lycos.com',2007,'Human Resources','Marketing',1440,1040,2.683,9729144341);
INSERT INTO Students(StudentID,SchoolID,CounselorID,FirstName,LastName,Email,CurrentYear,DesiredMajor,DesiredMinor,SAT,ACT,GPA,PhoneNumber) VALUES (432,26,19,'Bradford','Nelsey','bnelseybz@hao123.com',2012,'Engineering','Sales',1305,1568,1.956,8258037380);
INSERT INTO Students(StudentID,SchoolID,CounselorID,FirstName,LastName,Email,CurrentYear,DesiredMajor,DesiredMinor,SAT,ACT,GPA,PhoneNumber) VALUES (433,15,13,'Johan','Copcutt','jcopcuttc0@ameblo.jp',1997,'Training',NULL,1006,676,1.877,8359542506);
INSERT INTO Students(StudentID,SchoolID,CounselorID,FirstName,LastName,Email,CurrentYear,DesiredMajor,DesiredMinor,SAT,ACT,GPA,PhoneNumber) VALUES (434,83,11,'Vivi','Harsnipe','vharsnipec1@go.com',2006,'Product Management','Marketing',1576,1031,3.799,2395695393);
INSERT INTO Students(StudentID,SchoolID,CounselorID,FirstName,LastName,Email,CurrentYear,DesiredMajor,DesiredMinor,SAT,ACT,GPA,PhoneNumber) VALUES (435,123,5,'Elwin','Fitzhenry','efitzhenryc2@prnewswire.com',1994,'Business Development','Services',1028,532,3.887,7488844270);
INSERT INTO Students(StudentID,SchoolID,CounselorID,FirstName,LastName,Email,CurrentYear,DesiredMajor,DesiredMinor,SAT,ACT,GPA,PhoneNumber) VALUES (436,95,26,'Jilleen','Tissell','jtissellc3@slideshare.net',2013,'Support','Product Management',1359,1054,1.788,6973241480);
INSERT INTO Students(StudentID,SchoolID,CounselorID,FirstName,LastName,Email,CurrentYear,DesiredMajor,DesiredMinor,SAT,ACT,GPA,PhoneNumber) VALUES (437,63,24,'Chris','Sterland','csterlandc4@dyndns.org',1976,'Sales','Support',573,729,1.684,7873811554);
INSERT INTO Students(StudentID,SchoolID,CounselorID,FirstName,LastName,Email,CurrentYear,DesiredMajor,DesiredMinor,SAT,ACT,GPA,PhoneNumber) VALUES (438,34,12,'Wald','Melia','wmeliac5@istockphoto.com',2004,'Research and Development',NULL,1045,897,2.562,7161876016);
INSERT INTO Students(StudentID,SchoolID,CounselorID,FirstName,LastName,Email,CurrentYear,DesiredMajor,DesiredMinor,SAT,ACT,GPA,PhoneNumber) VALUES (439,67,20,'Joaquin','Ballantine','jballantinec6@altervista.org',1994,'Research and Development','Human Resources',1020,1367,1.082,8795190993);
INSERT INTO Students(StudentID,SchoolID,CounselorID,FirstName,LastName,Email,CurrentYear,DesiredMajor,DesiredMinor,SAT,ACT,GPA,PhoneNumber) VALUES (440,58,32,'Corrinne','O''Dyvoy','codyvoyc7@wikimedia.org',2007,'Research and Development','Business Development',1092,480,3.845,3055717776);
INSERT INTO Students(StudentID,SchoolID,CounselorID,FirstName,LastName,Email,CurrentYear,DesiredMajor,DesiredMinor,SAT,ACT,GPA,PhoneNumber) VALUES (441,40,44,'Emili','Ranyell','eranyellc8@digg.com',2010,'Accounting','Research and Development',1296,1107,3.225,2302836451);
INSERT INTO Students(StudentID,SchoolID,CounselorID,FirstName,LastName,Email,CurrentYear,DesiredMajor,DesiredMinor,SAT,ACT,GPA,PhoneNumber) VALUES (442,112,36,'Lilith','Binnes','lbinnesc9@thetimes.co.uk',2011,'Training','Human Resources',1530,1135,1.348,4977459659);
INSERT INTO Students(StudentID,SchoolID,CounselorID,FirstName,LastName,Email,CurrentYear,DesiredMajor,DesiredMinor,SAT,ACT,GPA,PhoneNumber) VALUES (443,76,27,'Nikolas','Cramp','ncrampca@narod.ru',2012,'Human Resources',NULL,1284,861,3.036,5944097220);
INSERT INTO Students(StudentID,SchoolID,CounselorID,FirstName,LastName,Email,CurrentYear,DesiredMajor,DesiredMinor,SAT,ACT,GPA,PhoneNumber) VALUES (444,53,23,'Hyacinthie','Pyser','hpysercb@fema.gov',2009,'Marketing',NULL,1550,1270,1.385,7009259957);
INSERT INTO Students(StudentID,SchoolID,CounselorID,FirstName,LastName,Email,CurrentYear,DesiredMajor,DesiredMinor,SAT,ACT,GPA,PhoneNumber) VALUES (445,56,18,'Adam','Tompion','atompioncc@salon.com',1989,'Services',NULL,1045,962,3.962,9581107605);
INSERT INTO Students(StudentID,SchoolID,CounselorID,FirstName,LastName,Email,CurrentYear,DesiredMajor,DesiredMinor,SAT,ACT,GPA,PhoneNumber) VALUES (446,102,17,'Sindee','Sizzey','ssizzeycd@twitter.com',1985,'Training','Training',967,644,1.453,1706406651);
INSERT INTO Students(StudentID,SchoolID,CounselorID,FirstName,LastName,Email,CurrentYear,DesiredMajor,DesiredMinor,SAT,ACT,GPA,PhoneNumber) VALUES (447,43,37,'Michael','Farron','mfarronce@miitbeian.gov.cn',1992,'Training','Training',1512,1119,1.392,8741109212);
INSERT INTO Students(StudentID,SchoolID,CounselorID,FirstName,LastName,Email,CurrentYear,DesiredMajor,DesiredMinor,SAT,ACT,GPA,PhoneNumber) VALUES (448,24,6,'Alyse','MacPaike','amacpaikecf@t-online.de',1987,'Support','Legal',1298,580,1.473,8924243313);
INSERT INTO Students(StudentID,SchoolID,CounselorID,FirstName,LastName,Email,CurrentYear,DesiredMajor,DesiredMinor,SAT,ACT,GPA,PhoneNumber) VALUES (449,77,34,'Rafi','Hillatt','rhillattcg@quantcast.com',1985,'Human Resources',NULL,1265,472,2.458,1654897753);
INSERT INTO Students(StudentID,SchoolID,CounselorID,FirstName,LastName,Email,CurrentYear,DesiredMajor,DesiredMinor,SAT,ACT,GPA,PhoneNumber) VALUES (450,93,49,'Ray','Shearstone','rshearstonech@reverbnation.com',2009,'Engineering','Business Development',1379,1342,3.585,8643366828);
INSERT INTO Students(StudentID,SchoolID,CounselorID,FirstName,LastName,Email,CurrentYear,DesiredMajor,DesiredMinor,SAT,ACT,GPA,PhoneNumber) VALUES (451,18,7,'Jarid','Reaveley','jreaveleyci@ft.com',2010,'Human Resources',NULL,1108,1350,1.145,6161134610);
INSERT INTO Students(StudentID,SchoolID,CounselorID,FirstName,LastName,Email,CurrentYear,DesiredMajor,DesiredMinor,SAT,ACT,GPA,PhoneNumber) VALUES (452,72,11,'Valery','Wandrack','vwandrackcj@blogs.com',1986,'Research and Development','Marketing',595,1168,2.792,6496012832);
INSERT INTO Students(StudentID,SchoolID,CounselorID,FirstName,LastName,Email,CurrentYear,DesiredMajor,DesiredMinor,SAT,ACT,GPA,PhoneNumber) VALUES (453,5,25,'Othello','Jakubovics','ojakubovicsck@unicef.org',1992,'Business Development','Services',1260,1232,1.98,2136446382);
INSERT INTO Students(StudentID,SchoolID,CounselorID,FirstName,LastName,Email,CurrentYear,DesiredMajor,DesiredMinor,SAT,ACT,GPA,PhoneNumber) VALUES (454,96,38,'Angelia','Pendre','apendrecl@bloglovin.com',2002,'Product Management','Human Resources',1495,401,2.482,5794307709);
INSERT INTO Students(StudentID,SchoolID,CounselorID,FirstName,LastName,Email,CurrentYear,DesiredMajor,DesiredMinor,SAT,ACT,GPA,PhoneNumber) VALUES (455,100,34,'Meara','Obbard','mobbardcm@cam.ac.uk',2001,'Sales','Sales',631,493,2.282,9458860719);
INSERT INTO Students(StudentID,SchoolID,CounselorID,FirstName,LastName,Email,CurrentYear,DesiredMajor,DesiredMinor,SAT,ACT,GPA,PhoneNumber) VALUES (456,80,9,'Bobbye','Roddan','broddancn@cbsnews.com',2010,'Research and Development','Accounting',529,1117,1.232,7701687123);
INSERT INTO Students(StudentID,SchoolID,CounselorID,FirstName,LastName,Email,CurrentYear,DesiredMajor,DesiredMinor,SAT,ACT,GPA,PhoneNumber) VALUES (457,65,39,'Norri','Chace','nchaceco@usatoday.com',2008,'Human Resources',NULL,1342,537,2.446,6445309498);
INSERT INTO Students(StudentID,SchoolID,CounselorID,FirstName,LastName,Email,CurrentYear,DesiredMajor,DesiredMinor,SAT,ACT,GPA,PhoneNumber) VALUES (458,47,21,'Huntington','Doyle','hdoylecp@house.gov',1995,'Accounting',NULL,1082,1584,2.405,8113208357);
INSERT INTO Students(StudentID,SchoolID,CounselorID,FirstName,LastName,Email,CurrentYear,DesiredMajor,DesiredMinor,SAT,ACT,GPA,PhoneNumber) VALUES (459,95,16,'Natale','De Hoogh','ndehooghcq@so-net.ne.jp',2001,'Sales','Sales',854,1177,1.612,5351348877);
INSERT INTO Students(StudentID,SchoolID,CounselorID,FirstName,LastName,Email,CurrentYear,DesiredMajor,DesiredMinor,SAT,ACT,GPA,PhoneNumber) VALUES (460,56,10,'Lucais','Portigall','lportigallcr@123-reg.co.uk',1992,'Marketing','Research and Development',729,1567,3.154,9276093650);
INSERT INTO Students(StudentID,SchoolID,CounselorID,FirstName,LastName,Email,CurrentYear,DesiredMajor,DesiredMinor,SAT,ACT,GPA,PhoneNumber) VALUES (461,44,23,'Howey','Graddell','hgraddellcs@4shared.com',1994,'Accounting','Support',713,505,3.991,9794507269);
INSERT INTO Students(StudentID,SchoolID,CounselorID,FirstName,LastName,Email,CurrentYear,DesiredMajor,DesiredMinor,SAT,ACT,GPA,PhoneNumber) VALUES (462,17,24,'Quillan','Bachelar','qbachelarct@globo.com',1993,'Accounting','Support',980,680,2.474,9974487037);
INSERT INTO Students(StudentID,SchoolID,CounselorID,FirstName,LastName,Email,CurrentYear,DesiredMajor,DesiredMinor,SAT,ACT,GPA,PhoneNumber) VALUES (463,9,13,'Colver','Mighele','cmighelecu@blogtalkradio.com',1984,'Legal','Accounting',1454,822,3.159,6027015232);
INSERT INTO Students(StudentID,SchoolID,CounselorID,FirstName,LastName,Email,CurrentYear,DesiredMajor,DesiredMinor,SAT,ACT,GPA,PhoneNumber) VALUES (464,67,29,'Orrin','Piggot','opiggotcv@dyndns.org',1999,'Training','Engineering',1197,439,3.866,5174806329);
INSERT INTO Students(StudentID,SchoolID,CounselorID,FirstName,LastName,Email,CurrentYear,DesiredMajor,DesiredMinor,SAT,ACT,GPA,PhoneNumber) VALUES (465,41,45,'Golda','Axton','gaxtoncw@4shared.com',1988,'Accounting',NULL,604,1003,2.997,7448428416);
INSERT INTO Students(StudentID,SchoolID,CounselorID,FirstName,LastName,Email,CurrentYear,DesiredMajor,DesiredMinor,SAT,ACT,GPA,PhoneNumber) VALUES (466,37,35,'Cirstoforo','Leuren','cleurencx@answers.com',1998,'Support','Research and Development',1163,1309,1.38,2766990008);
INSERT INTO Students(StudentID,SchoolID,CounselorID,FirstName,LastName,Email,CurrentYear,DesiredMajor,DesiredMinor,SAT,ACT,GPA,PhoneNumber) VALUES (467,64,15,'Denise','Cockrill','dcockrillcy@yale.edu',1998,'Accounting','Research and Development',523,1346,3.834,6365125422);
INSERT INTO Students(StudentID,SchoolID,CounselorID,FirstName,LastName,Email,CurrentYear,DesiredMajor,DesiredMinor,SAT,ACT,GPA,PhoneNumber) VALUES (468,8,49,'Rock','Gourley','rgourleycz@accuweather.com',1992,'Research and Development','Research and Development',920,608,3.29,4891718122);
INSERT INTO Students(StudentID,SchoolID,CounselorID,FirstName,LastName,Email,CurrentYear,DesiredMajor,DesiredMinor,SAT,ACT,GPA,PhoneNumber) VALUES (469,6,32,'Nonnah','Thatcher','nthatcherd0@gizmodo.com',2003,'Business Development','Engineering',425,980,2.345,4864748946);
INSERT INTO Students(StudentID,SchoolID,CounselorID,FirstName,LastName,Email,CurrentYear,DesiredMajor,DesiredMinor,SAT,ACT,GPA,PhoneNumber) VALUES (470,105,12,'Ailey','Ord','aordd1@archive.org',1992,'Sales','Research and Development',474,1249,2.722,6585555209);
INSERT INTO Students(StudentID,SchoolID,CounselorID,FirstName,LastName,Email,CurrentYear,DesiredMajor,DesiredMinor,SAT,ACT,GPA,PhoneNumber) VALUES (471,63,14,'Delaney','Mimmack','dmimmackd2@paypal.com',2001,'Support','Training',1251,972,1.43,1915593720);
INSERT INTO Students(StudentID,SchoolID,CounselorID,FirstName,LastName,Email,CurrentYear,DesiredMajor,DesiredMinor,SAT,ACT,GPA,PhoneNumber) VALUES (472,112,6,'Laney','Morhall','lmorhalld3@disqus.com',1998,'Accounting','Training',762,479,3.202,5053764305);
INSERT INTO Students(StudentID,SchoolID,CounselorID,FirstName,LastName,Email,CurrentYear,DesiredMajor,DesiredMinor,SAT,ACT,GPA,PhoneNumber) VALUES (473,106,18,'Bryan','Cato','bcatod4@economist.com',2008,'Support','Human Resources',566,720,1.818,9862757999);
INSERT INTO Students(StudentID,SchoolID,CounselorID,FirstName,LastName,Email,CurrentYear,DesiredMajor,DesiredMinor,SAT,ACT,GPA,PhoneNumber) VALUES (474,55,47,'Frederik','Pachta','fpachtad5@dmoz.org',2009,'Support','Support',993,878,1.862,9538124967);
INSERT INTO Students(StudentID,SchoolID,CounselorID,FirstName,LastName,Email,CurrentYear,DesiredMajor,DesiredMinor,SAT,ACT,GPA,PhoneNumber) VALUES (475,115,2,'Boy','Rosell','broselld6@dailymail.co.uk',2006,'Accounting','Business Development',875,1199,3.519,6207276640);
INSERT INTO Students(StudentID,SchoolID,CounselorID,FirstName,LastName,Email,CurrentYear,DesiredMajor,DesiredMinor,SAT,ACT,GPA,PhoneNumber) VALUES (476,85,38,'Ilene','McKevitt','imckevittd7@addthis.com',1996,'Sales','Engineering',1328,1515,2.175,7121871038);
INSERT INTO Students(StudentID,SchoolID,CounselorID,FirstName,LastName,Email,CurrentYear,DesiredMajor,DesiredMinor,SAT,ACT,GPA,PhoneNumber) VALUES (477,110,12,'Evelyn','Chance','echanced8@i2i.jp',2001,'Sales','Research and Development',722,1584,3.519,3933307783);
INSERT INTO Students(StudentID,SchoolID,CounselorID,FirstName,LastName,Email,CurrentYear,DesiredMajor,DesiredMinor,SAT,ACT,GPA,PhoneNumber) VALUES (478,123,3,'Angela','Braxton','abraxtond9@pagesperso-orange.fr',1998,'Engineering',NULL,539,666,2.502,2146615595);
INSERT INTO Students(StudentID,SchoolID,CounselorID,FirstName,LastName,Email,CurrentYear,DesiredMajor,DesiredMinor,SAT,ACT,GPA,PhoneNumber) VALUES (479,112,15,'Bradney','MacGuffog','bmacguffogda@thetimes.co.uk',2011,'Sales',NULL,499,1409,3.298,7952811571);
INSERT INTO Students(StudentID,SchoolID,CounselorID,FirstName,LastName,Email,CurrentYear,DesiredMajor,DesiredMinor,SAT,ACT,GPA,PhoneNumber) VALUES (480,109,14,'Rog','McPhate','rmcphatedb@deviantart.com',2003,'Legal','Support',1410,756,3.418,1729432844);
INSERT INTO Students(StudentID,SchoolID,CounselorID,FirstName,LastName,Email,CurrentYear,DesiredMajor,DesiredMinor,SAT,ACT,GPA,PhoneNumber) VALUES (481,13,7,'Sheridan','Martinetto','smartinettodc@cbslocal.com',2005,'Human Resources',NULL,1337,702,2.54,6166962671);
INSERT INTO Students(StudentID,SchoolID,CounselorID,FirstName,LastName,Email,CurrentYear,DesiredMajor,DesiredMinor,SAT,ACT,GPA,PhoneNumber) VALUES (482,69,24,'Sidonnie','Hulance','shulancedd@artisteer.com',2011,'Sales','Sales',610,748,2.861,1304059760);
INSERT INTO Students(StudentID,SchoolID,CounselorID,FirstName,LastName,Email,CurrentYear,DesiredMajor,DesiredMinor,SAT,ACT,GPA,PhoneNumber) VALUES (483,111,50,'Alwyn','Ker','akerde@imdb.com',1996,'Product Management',NULL,1250,910,1.75,7924798974);
INSERT INTO Students(StudentID,SchoolID,CounselorID,FirstName,LastName,Email,CurrentYear,DesiredMajor,DesiredMinor,SAT,ACT,GPA,PhoneNumber) VALUES (484,1,26,'Egor','Darben','edarbendf@wsj.com',2001,'Business Development','Human Resources',1002,937,2.325,5398918432);
INSERT INTO Students(StudentID,SchoolID,CounselorID,FirstName,LastName,Email,CurrentYear,DesiredMajor,DesiredMinor,SAT,ACT,GPA,PhoneNumber) VALUES (485,82,46,'Betti','Beckenham','bbeckenhamdg@furl.net',1997,'Sales','Product Management',1007,650,3.877,1004465977);
INSERT INTO Students(StudentID,SchoolID,CounselorID,FirstName,LastName,Email,CurrentYear,DesiredMajor,DesiredMinor,SAT,ACT,GPA,PhoneNumber) VALUES (486,107,40,'Eli','Markushkin','emarkushkindh@wikispaces.com',1990,'Training','Sales',1595,1368,3.565,1171948970);
INSERT INTO Students(StudentID,SchoolID,CounselorID,FirstName,LastName,Email,CurrentYear,DesiredMajor,DesiredMinor,SAT,ACT,GPA,PhoneNumber) VALUES (487,80,27,'Jamison','Burnhams','jburnhamsdi@slashdot.org',2009,'Legal',NULL,1297,640,1.205,9587670329);
INSERT INTO Students(StudentID,SchoolID,CounselorID,FirstName,LastName,Email,CurrentYear,DesiredMajor,DesiredMinor,SAT,ACT,GPA,PhoneNumber) VALUES (488,20,16,'Carry','Hobbert','chobbertdj@google.nl',1993,'Marketing','Marketing',1121,1502,2.112,5936526475);
INSERT INTO Students(StudentID,SchoolID,CounselorID,FirstName,LastName,Email,CurrentYear,DesiredMajor,DesiredMinor,SAT,ACT,GPA,PhoneNumber) VALUES (489,21,34,'Karry','Birdall','kbirdalldk@imgur.com',2001,'Support','Research and Development',595,909,2.932,2564594985);
INSERT INTO Students(StudentID,SchoolID,CounselorID,FirstName,LastName,Email,CurrentYear,DesiredMajor,DesiredMinor,SAT,ACT,GPA,PhoneNumber) VALUES (490,76,20,'Serge','Brombell','sbrombelldl@merriam-webster.com',2009,'Product Management','Product Management',1181,974,1.899,2638613444);
INSERT INTO Students(StudentID,SchoolID,CounselorID,FirstName,LastName,Email,CurrentYear,DesiredMajor,DesiredMinor,SAT,ACT,GPA,PhoneNumber) VALUES (491,61,10,'Xaviera','McSharry','xmcsharrydm@wordpress.org',2008,'Accounting','Sales',1089,834,2.563,3112373515);
INSERT INTO Students(StudentID,SchoolID,CounselorID,FirstName,LastName,Email,CurrentYear,DesiredMajor,DesiredMinor,SAT,ACT,GPA,PhoneNumber) VALUES (492,23,48,'Katheryn','Habbergham','khabberghamdn@deliciousdays.com',2013,'Engineering','Training',446,852,2.824,5185805627);
INSERT INTO Students(StudentID,SchoolID,CounselorID,FirstName,LastName,Email,CurrentYear,DesiredMajor,DesiredMinor,SAT,ACT,GPA,PhoneNumber) VALUES (493,97,2,'Randal','Coultard','rcoultarddo@ibm.com',2008,'Engineering','Training',1160,1474,2.563,8627145072);
INSERT INTO Students(StudentID,SchoolID,CounselorID,FirstName,LastName,Email,CurrentYear,DesiredMajor,DesiredMinor,SAT,ACT,GPA,PhoneNumber) VALUES (494,106,19,'Cortie','Dooman','cdoomandp@unesco.org',1997,'Research and Development','Product Management',1494,859,1.292,3214076172);
INSERT INTO Students(StudentID,SchoolID,CounselorID,FirstName,LastName,Email,CurrentYear,DesiredMajor,DesiredMinor,SAT,ACT,GPA,PhoneNumber) VALUES (495,88,43,'Simonne','Traice','straicedq@ocn.ne.jp',1984,'Legal','Services',1264,675,2.161,9079094412);
INSERT INTO Students(StudentID,SchoolID,CounselorID,FirstName,LastName,Email,CurrentYear,DesiredMajor,DesiredMinor,SAT,ACT,GPA,PhoneNumber) VALUES (496,41,22,'Spencer','Twidle','stwidledr@cnbc.com',1993,'Support','Accounting',633,700,1.548,4088599860);
INSERT INTO Students(StudentID,SchoolID,CounselorID,FirstName,LastName,Email,CurrentYear,DesiredMajor,DesiredMinor,SAT,ACT,GPA,PhoneNumber) VALUES (497,113,11,'Valeria','Parlett','vparlettds@globo.com',2002,'Services','Training',699,1380,3.026,3387781333);
INSERT INTO Students(StudentID,SchoolID,CounselorID,FirstName,LastName,Email,CurrentYear,DesiredMajor,DesiredMinor,SAT,ACT,GPA,PhoneNumber) VALUES (498,17,18,'Christiano','Godin','cgodindt@bandcamp.com',2007,'Human Resources','Sales',1074,1162,3.876,8531920768);
INSERT INTO Students(StudentID,SchoolID,CounselorID,FirstName,LastName,Email,CurrentYear,DesiredMajor,DesiredMinor,SAT,ACT,GPA,PhoneNumber) VALUES (499,102,13,'Delphine','Balogh','dbaloghdu@acquirethisname.com',2012,'Human Resources','Research and Development',414,1391,1.111,6094391111);
INSERT INTO Students(StudentID,SchoolID,CounselorID,FirstName,LastName,Email,CurrentYear,DesiredMajor,DesiredMinor,SAT,ACT,GPA,PhoneNumber) VALUES (500,122,1,'Margaretha','Jupe','mjupedv@miibeian.gov.cn',1997,'Sales','Marketing',799,1222,1.009,4278697937);


DROP TABLE IF EXISTS Parents;
CREATE TABLE Parents (
   ParentName     VARCHAR(24) NOT NULL
  ,StudentID      INTEGER  NOT NULL
  ,Income         INTEGER  NOT NULL
  ,SchoolAttended VARCHAR(13) NOT NULL
  ,NumChildren    INTEGER  NOT NULL
  , PRIMARY KEY(ParentName, StudentID)
);
INSERT INTO Parents(ParentName,StudentID,Income,SchoolAttended,NumChildren) VALUES ('Brenda Nelm',449,785764,'Oyoloo',3);
INSERT INTO Parents(ParentName,StudentID,Income,SchoolAttended,NumChildren) VALUES ('Barthel Ragbourne',400,935394,'Zoomzone',6);
INSERT INTO Parents(ParentName,StudentID,Income,SchoolAttended,NumChildren) VALUES ('Norrie L''Episcopio',228,357371,'Skidoo',9);
INSERT INTO Parents(ParentName,StudentID,Income,SchoolAttended,NumChildren) VALUES ('Skylar Pezey',392,313413,'Eabox',2);
INSERT INTO Parents(ParentName,StudentID,Income,SchoolAttended,NumChildren) VALUES ('Frederigo Sibborn',81,1479145,'Babblestorm',5);
INSERT INTO Parents(ParentName,StudentID,Income,SchoolAttended,NumChildren) VALUES ('Chiquia Minger',136,791694,'Chatterbridge',8);
INSERT INTO Parents(ParentName,StudentID,Income,SchoolAttended,NumChildren) VALUES ('David Likely',6,946090,'Ainyx',2);
INSERT INTO Parents(ParentName,StudentID,Income,SchoolAttended,NumChildren) VALUES ('Linette Hambridge',82,930912,'Mita',2);
INSERT INTO Parents(ParentName,StudentID,Income,SchoolAttended,NumChildren) VALUES ('Bernetta Saxelby',211,1604982,'Trupe',10);
INSERT INTO Parents(ParentName,StudentID,Income,SchoolAttended,NumChildren) VALUES ('Kiele Hassan',330,1807117,'Avavee',7);
INSERT INTO Parents(ParentName,StudentID,Income,SchoolAttended,NumChildren) VALUES ('Storm Cleary',206,1323346,'Realblab',5);
INSERT INTO Parents(ParentName,StudentID,Income,SchoolAttended,NumChildren) VALUES ('Gallagher Acome',237,1709859,'Livefish',9);
INSERT INTO Parents(ParentName,StudentID,Income,SchoolAttended,NumChildren) VALUES ('Thorpe Clamp',141,1191391,'Photospace',8);
INSERT INTO Parents(ParentName,StudentID,Income,SchoolAttended,NumChildren) VALUES ('Barclay Rotherforth',173,765655,'Mita',3);
INSERT INTO Parents(ParentName,StudentID,Income,SchoolAttended,NumChildren) VALUES ('Emmey Graben',490,1313864,'Thoughtworks',7);
INSERT INTO Parents(ParentName,StudentID,Income,SchoolAttended,NumChildren) VALUES ('Tillie Goom',354,170673,'Brainlounge',10);
INSERT INTO Parents(ParentName,StudentID,Income,SchoolAttended,NumChildren) VALUES ('Kevin Vassman',454,1956933,'Midel',6);
INSERT INTO Parents(ParentName,StudentID,Income,SchoolAttended,NumChildren) VALUES ('Delia Ollerhead',270,1862797,'Brainbox',3);
INSERT INTO Parents(ParentName,StudentID,Income,SchoolAttended,NumChildren) VALUES ('Clemmie Crissil',200,1039046,'Topiclounge',5);
INSERT INTO Parents(ParentName,StudentID,Income,SchoolAttended,NumChildren) VALUES ('Raphaela Stockdale',103,1657062,'Cogibox',4);
INSERT INTO Parents(ParentName,StudentID,Income,SchoolAttended,NumChildren) VALUES ('Bryant Paiton',266,1406776,'Jaxworks',3);
INSERT INTO Parents(ParentName,StudentID,Income,SchoolAttended,NumChildren) VALUES ('Candis Loy',18,227363,'Eare',2);
INSERT INTO Parents(ParentName,StudentID,Income,SchoolAttended,NumChildren) VALUES ('Elnore Bartolozzi',145,228277,'Lazz',7);
INSERT INTO Parents(ParentName,StudentID,Income,SchoolAttended,NumChildren) VALUES ('Edita Bleything',125,1069352,'Eazzy',10);
INSERT INTO Parents(ParentName,StudentID,Income,SchoolAttended,NumChildren) VALUES ('Marlene Tassell',60,1934278,'Photolist',5);
INSERT INTO Parents(ParentName,StudentID,Income,SchoolAttended,NumChildren) VALUES ('Binny Wrey',426,1864823,'Skimia',3);
INSERT INTO Parents(ParentName,StudentID,Income,SchoolAttended,NumChildren) VALUES ('Alanson MacCartney',420,1499916,'Skynoodle',6);
INSERT INTO Parents(ParentName,StudentID,Income,SchoolAttended,NumChildren) VALUES ('Thorsten Rubinowitch',168,596808,'Roombo',7);
INSERT INTO Parents(ParentName,StudentID,Income,SchoolAttended,NumChildren) VALUES ('Dalia Kobke',62,1950214,'Lazzy',6);
INSERT INTO Parents(ParentName,StudentID,Income,SchoolAttended,NumChildren) VALUES ('Leta Rumbold',326,1254921,'Ntag',7);
INSERT INTO Parents(ParentName,StudentID,Income,SchoolAttended,NumChildren) VALUES ('Janet Beardsell',349,872690,'Tagpad',7);
INSERT INTO Parents(ParentName,StudentID,Income,SchoolAttended,NumChildren) VALUES ('Norbie Kinnier',131,378292,'Topicware',9);
INSERT INTO Parents(ParentName,StudentID,Income,SchoolAttended,NumChildren) VALUES ('Lionello O''Rafferty',230,1517912,'Flashdog',8);
INSERT INTO Parents(ParentName,StudentID,Income,SchoolAttended,NumChildren) VALUES ('Berni Shearn',388,937897,'Tavu',4);
INSERT INTO Parents(ParentName,StudentID,Income,SchoolAttended,NumChildren) VALUES ('Dennie Washington',297,859847,'Meetz',5);
INSERT INTO Parents(ParentName,StudentID,Income,SchoolAttended,NumChildren) VALUES ('Zacharias Lomond',193,212588,'Wikizz',8);
INSERT INTO Parents(ParentName,StudentID,Income,SchoolAttended,NumChildren) VALUES ('Alys Regi',317,807487,'Omba',4);
INSERT INTO Parents(ParentName,StudentID,Income,SchoolAttended,NumChildren) VALUES ('Bernette Goldsack',163,457084,'Twitternation',9);
INSERT INTO Parents(ParentName,StudentID,Income,SchoolAttended,NumChildren) VALUES ('Celestyn Boosey',313,910584,'Gigabox',9);
INSERT INTO Parents(ParentName,StudentID,Income,SchoolAttended,NumChildren) VALUES ('Jae Hassin',51,1613217,'Cogilith',2);
INSERT INTO Parents(ParentName,StudentID,Income,SchoolAttended,NumChildren) VALUES ('Karoly Newland',346,1230886,'Kwilith',7);
INSERT INTO Parents(ParentName,StudentID,Income,SchoolAttended,NumChildren) VALUES ('Ashlin Fulloway',431,1534384,'Buzzbean',8);
INSERT INTO Parents(ParentName,StudentID,Income,SchoolAttended,NumChildren) VALUES ('Marja Scullin',103,468283,'Realcube',2);
INSERT INTO Parents(ParentName,StudentID,Income,SchoolAttended,NumChildren) VALUES ('Husein Klich',357,976467,'Yombu',10);
INSERT INTO Parents(ParentName,StudentID,Income,SchoolAttended,NumChildren) VALUES ('Gregg Hebblethwaite',164,999559,'Skilith',3);
INSERT INTO Parents(ParentName,StudentID,Income,SchoolAttended,NumChildren) VALUES ('Dermot Michelotti',491,59404,'Wikido',6);
INSERT INTO Parents(ParentName,StudentID,Income,SchoolAttended,NumChildren) VALUES ('Sid Alcock',231,45049,'Blognation',6);
INSERT INTO Parents(ParentName,StudentID,Income,SchoolAttended,NumChildren) VALUES ('Cassy Tewkesbury.',224,68733,'Pixope',5);
INSERT INTO Parents(ParentName,StudentID,Income,SchoolAttended,NumChildren) VALUES ('Eward O''Kynsillaghe',61,473745,'Pixope',2);
INSERT INTO Parents(ParentName,StudentID,Income,SchoolAttended,NumChildren) VALUES ('Yul Chopping',248,280651,'Ooba',2);
INSERT INTO Parents(ParentName,StudentID,Income,SchoolAttended,NumChildren) VALUES ('Nicko Iddins',34,940604,'Babblestorm',1);
INSERT INTO Parents(ParentName,StudentID,Income,SchoolAttended,NumChildren) VALUES ('Jamison Rawstron',9,55130,'DabZ',7);
INSERT INTO Parents(ParentName,StudentID,Income,SchoolAttended,NumChildren) VALUES ('Ryun Houdhury',484,1204941,'Divanoodle',5);
INSERT INTO Parents(ParentName,StudentID,Income,SchoolAttended,NumChildren) VALUES ('Ker Ackrill',258,1305831,'Linklinks',8);
INSERT INTO Parents(ParentName,StudentID,Income,SchoolAttended,NumChildren) VALUES ('Neville Do Rosario',476,532822,'Mydeo',10);
INSERT INTO Parents(ParentName,StudentID,Income,SchoolAttended,NumChildren) VALUES ('Isabelita Startin',499,1034134,'Feedspan',5);
INSERT INTO Parents(ParentName,StudentID,Income,SchoolAttended,NumChildren) VALUES ('Paquito Augie',359,1171880,'Yakijo',10);
INSERT INTO Parents(ParentName,StudentID,Income,SchoolAttended,NumChildren) VALUES ('Ericka Dady',350,1268038,'Dablist',4);
INSERT INTO Parents(ParentName,StudentID,Income,SchoolAttended,NumChildren) VALUES ('Rosalie Lett',179,36442,'Voonte',8);
INSERT INTO Parents(ParentName,StudentID,Income,SchoolAttended,NumChildren) VALUES ('Mabelle Pavluk',384,734830,'Jaxnation',8);
INSERT INTO Parents(ParentName,StudentID,Income,SchoolAttended,NumChildren) VALUES ('Galina Gration',43,476355,'Jabberbean',6);
INSERT INTO Parents(ParentName,StudentID,Income,SchoolAttended,NumChildren) VALUES ('Fairleigh Lauchlan',263,219827,'Mydeo',6);
INSERT INTO Parents(ParentName,StudentID,Income,SchoolAttended,NumChildren) VALUES ('Jakob Colum',200,925983,'Centidel',4);
INSERT INTO Parents(ParentName,StudentID,Income,SchoolAttended,NumChildren) VALUES ('Ephraim Beaton',428,1020022,'Eimbee',8);
INSERT INTO Parents(ParentName,StudentID,Income,SchoolAttended,NumChildren) VALUES ('Karisa Cammacke',41,305747,'Browsezoom',8);
INSERT INTO Parents(ParentName,StudentID,Income,SchoolAttended,NumChildren) VALUES ('Rab Pendrid',414,1955929,'Oyondu',10);
INSERT INTO Parents(ParentName,StudentID,Income,SchoolAttended,NumChildren) VALUES ('Alethea Durrand',154,1957034,'Skyba',4);
INSERT INTO Parents(ParentName,StudentID,Income,SchoolAttended,NumChildren) VALUES ('Ardith Swanbourne',285,1308901,'DabZ',7);
INSERT INTO Parents(ParentName,StudentID,Income,SchoolAttended,NumChildren) VALUES ('Kai Lathbury',489,1620472,'Devbug',8);
INSERT INTO Parents(ParentName,StudentID,Income,SchoolAttended,NumChildren) VALUES ('Guthrie Spensly',477,717412,'Avamba',6);
INSERT INTO Parents(ParentName,StudentID,Income,SchoolAttended,NumChildren) VALUES ('Wakefield Hathaway',31,719055,'Skinder',6);
INSERT INTO Parents(ParentName,StudentID,Income,SchoolAttended,NumChildren) VALUES ('Helen-elizabeth Yuryshev',435,1627253,'Wikizz',5);
INSERT INTO Parents(ParentName,StudentID,Income,SchoolAttended,NumChildren) VALUES ('Banky Skillanders',174,873826,'Gigazoom',10);
INSERT INTO Parents(ParentName,StudentID,Income,SchoolAttended,NumChildren) VALUES ('Rodger Lewry',283,982996,'Tagopia',5);
INSERT INTO Parents(ParentName,StudentID,Income,SchoolAttended,NumChildren) VALUES ('Caressa Sones',316,1861637,'Lazz',3);
INSERT INTO Parents(ParentName,StudentID,Income,SchoolAttended,NumChildren) VALUES ('Kennie Mazonowicz',256,1303698,'Eidel',2);
INSERT INTO Parents(ParentName,StudentID,Income,SchoolAttended,NumChildren) VALUES ('Wini Pollastrino',409,1198492,'Livetube',4);
INSERT INTO Parents(ParentName,StudentID,Income,SchoolAttended,NumChildren) VALUES ('Maia Fidoe',368,1497828,'Thoughtmix',6);
INSERT INTO Parents(ParentName,StudentID,Income,SchoolAttended,NumChildren) VALUES ('Wendi Widocks',62,405921,'Oyoloo',2);
INSERT INTO Parents(ParentName,StudentID,Income,SchoolAttended,NumChildren) VALUES ('Jessa Bowling',19,1472965,'Rooxo',2);
INSERT INTO Parents(ParentName,StudentID,Income,SchoolAttended,NumChildren) VALUES ('Ardisj Brabben',272,1160872,'Rhynoodle',2);
INSERT INTO Parents(ParentName,StudentID,Income,SchoolAttended,NumChildren) VALUES ('Damara Beal',465,26253,'Aimbo',5);
INSERT INTO Parents(ParentName,StudentID,Income,SchoolAttended,NumChildren) VALUES ('Fransisco Stife',407,448609,'Eamia',4);
INSERT INTO Parents(ParentName,StudentID,Income,SchoolAttended,NumChildren) VALUES ('Carrol Pattesall',20,1670044,'Flashpoint',8);
INSERT INTO Parents(ParentName,StudentID,Income,SchoolAttended,NumChildren) VALUES ('Julee Coleborn',303,1740658,'BlogXS',3);
INSERT INTO Parents(ParentName,StudentID,Income,SchoolAttended,NumChildren) VALUES ('Bill Ouslem',271,1164322,'Flashspan',3);
INSERT INTO Parents(ParentName,StudentID,Income,SchoolAttended,NumChildren) VALUES ('Rourke Heinonen',143,397412,'Trilia',3);
INSERT INTO Parents(ParentName,StudentID,Income,SchoolAttended,NumChildren) VALUES ('Catie Khalid',262,1741262,'Innotype',9);
INSERT INTO Parents(ParentName,StudentID,Income,SchoolAttended,NumChildren) VALUES ('Cynthia Earingey',325,1854823,'Devpulse',9);
INSERT INTO Parents(ParentName,StudentID,Income,SchoolAttended,NumChildren) VALUES ('Jolie Conlon',484,348871,'Browsecat',4);
INSERT INTO Parents(ParentName,StudentID,Income,SchoolAttended,NumChildren) VALUES ('Rozanna Mungham',168,1852026,'Jabbercube',10);
INSERT INTO Parents(ParentName,StudentID,Income,SchoolAttended,NumChildren) VALUES ('Isabeau Hedon',154,1074707,'Podcat',1);
INSERT INTO Parents(ParentName,StudentID,Income,SchoolAttended,NumChildren) VALUES ('Ashby Huckerby',47,976161,'Feedfire',6);
INSERT INTO Parents(ParentName,StudentID,Income,SchoolAttended,NumChildren) VALUES ('Coop Tromans',164,389532,'Twiyo',2);
INSERT INTO Parents(ParentName,StudentID,Income,SchoolAttended,NumChildren) VALUES ('Pippy McMenamie',443,581205,'Fivechat',3);
INSERT INTO Parents(ParentName,StudentID,Income,SchoolAttended,NumChildren) VALUES ('Manon Allonby',146,1242718,'Cogibox',3);
INSERT INTO Parents(ParentName,StudentID,Income,SchoolAttended,NumChildren) VALUES ('Adara Risbrough',237,24776,'Zoomdog',8);
INSERT INTO Parents(ParentName,StudentID,Income,SchoolAttended,NumChildren) VALUES ('Benji Lampitt',112,485712,'Oyope',8);
INSERT INTO Parents(ParentName,StudentID,Income,SchoolAttended,NumChildren) VALUES ('Pattie Matyja',447,641453,'Zoombeat',4);
INSERT INTO Parents(ParentName,StudentID,Income,SchoolAttended,NumChildren) VALUES ('Lionel Duffan',485,155486,'Jamia',10);
INSERT INTO Parents(ParentName,StudentID,Income,SchoolAttended,NumChildren) VALUES ('Hort Warin',218,752389,'Mynte',5);
INSERT INTO Parents(ParentName,StudentID,Income,SchoolAttended,NumChildren) VALUES ('Alec Evett',259,316944,'Jaloo',8);
INSERT INTO Parents(ParentName,StudentID,Income,SchoolAttended,NumChildren) VALUES ('Berke Bront',76,1422185,'Mycat',3);
INSERT INTO Parents(ParentName,StudentID,Income,SchoolAttended,NumChildren) VALUES ('Pearla Dudill',480,780937,'Demimbu',8);
INSERT INTO Parents(ParentName,StudentID,Income,SchoolAttended,NumChildren) VALUES ('Haleigh Crown',391,1701303,'Oyoyo',4);
INSERT INTO Parents(ParentName,StudentID,Income,SchoolAttended,NumChildren) VALUES ('Fiann Chatin',217,1197112,'Roombo',4);
INSERT INTO Parents(ParentName,StudentID,Income,SchoolAttended,NumChildren) VALUES ('Justinn Normaville',145,1737487,'Pixoboo',8);
INSERT INTO Parents(ParentName,StudentID,Income,SchoolAttended,NumChildren) VALUES ('Wang Cuttler',193,1300604,'Oyoloo',9);
INSERT INTO Parents(ParentName,StudentID,Income,SchoolAttended,NumChildren) VALUES ('Jacqueline Mackley',121,1686628,'Flipstorm',5);
INSERT INTO Parents(ParentName,StudentID,Income,SchoolAttended,NumChildren) VALUES ('Gretta Benley',455,1183466,'Mudo',3);
INSERT INTO Parents(ParentName,StudentID,Income,SchoolAttended,NumChildren) VALUES ('Doro Lambdean',161,751598,'Quimm',1);
INSERT INTO Parents(ParentName,StudentID,Income,SchoolAttended,NumChildren) VALUES ('Pall Reucastle',37,898457,'Leenti',7);
INSERT INTO Parents(ParentName,StudentID,Income,SchoolAttended,NumChildren) VALUES ('Gun Joerning',18,1320523,'Jazzy',7);
INSERT INTO Parents(ParentName,StudentID,Income,SchoolAttended,NumChildren) VALUES ('Robina Radnedge',323,475458,'Tagtune',8);
INSERT INTO Parents(ParentName,StudentID,Income,SchoolAttended,NumChildren) VALUES ('Roshelle Peare',159,1566596,'Youbridge',9);
INSERT INTO Parents(ParentName,StudentID,Income,SchoolAttended,NumChildren) VALUES ('Mattie Chastang',119,1020557,'Browsezoom',8);
INSERT INTO Parents(ParentName,StudentID,Income,SchoolAttended,NumChildren) VALUES ('Adelheid Voelker',463,364172,'Jaloo',7);
INSERT INTO Parents(ParentName,StudentID,Income,SchoolAttended,NumChildren) VALUES ('Elton Teresa',202,836251,'Abatz',1);
INSERT INTO Parents(ParentName,StudentID,Income,SchoolAttended,NumChildren) VALUES ('Benedict Dungate',124,166704,'Teklist',3);
INSERT INTO Parents(ParentName,StudentID,Income,SchoolAttended,NumChildren) VALUES ('Brockie Bompass',221,866465,'Tagpad',3);
INSERT INTO Parents(ParentName,StudentID,Income,SchoolAttended,NumChildren) VALUES ('Maighdiln Tute',383,1376890,'Tagchat',6);
INSERT INTO Parents(ParentName,StudentID,Income,SchoolAttended,NumChildren) VALUES ('Rice O''Corrigane',43,1536197,'Trudoo',6);
INSERT INTO Parents(ParentName,StudentID,Income,SchoolAttended,NumChildren) VALUES ('Cristie Lauder',227,1519288,'Yadel',3);
INSERT INTO Parents(ParentName,StudentID,Income,SchoolAttended,NumChildren) VALUES ('Loreen Dunstan',302,1837028,'Gabtype',4);
INSERT INTO Parents(ParentName,StudentID,Income,SchoolAttended,NumChildren) VALUES ('Yorgo Shuard',275,734101,'Twitterwire',3);
INSERT INTO Parents(ParentName,StudentID,Income,SchoolAttended,NumChildren) VALUES ('Roxanne Bernardos',270,618922,'Youspan',8);
INSERT INTO Parents(ParentName,StudentID,Income,SchoolAttended,NumChildren) VALUES ('Peggie Buckthorp',335,1141909,'Layo',9);
INSERT INTO Parents(ParentName,StudentID,Income,SchoolAttended,NumChildren) VALUES ('Nevsa Walbrun',466,722576,'Twitterlist',7);
INSERT INTO Parents(ParentName,StudentID,Income,SchoolAttended,NumChildren) VALUES ('Tymothy Antonazzi',305,761553,'Quinu',8);
INSERT INTO Parents(ParentName,StudentID,Income,SchoolAttended,NumChildren) VALUES ('Tades Bohike',336,1763823,'Divape',7);
INSERT INTO Parents(ParentName,StudentID,Income,SchoolAttended,NumChildren) VALUES ('Eachelle Dyche',355,773679,'Riffpedia',8);
INSERT INTO Parents(ParentName,StudentID,Income,SchoolAttended,NumChildren) VALUES ('Al Smardon',312,777879,'Realpoint',8);
INSERT INTO Parents(ParentName,StudentID,Income,SchoolAttended,NumChildren) VALUES ('Dallas Critzen',441,413845,'Oyoba',8);
INSERT INTO Parents(ParentName,StudentID,Income,SchoolAttended,NumChildren) VALUES ('Ulric Ramel',496,30734,'Abata',8);
INSERT INTO Parents(ParentName,StudentID,Income,SchoolAttended,NumChildren) VALUES ('Kori Feldstein',407,113824,'Flipbug',8);
INSERT INTO Parents(ParentName,StudentID,Income,SchoolAttended,NumChildren) VALUES ('Krishnah Abramin',320,397581,'Bubblemix',7);
INSERT INTO Parents(ParentName,StudentID,Income,SchoolAttended,NumChildren) VALUES ('Binni Stallon',413,1266074,'Jaxbean',5);
INSERT INTO Parents(ParentName,StudentID,Income,SchoolAttended,NumChildren) VALUES ('Mikol Cullrford',421,1080194,'Einti',3);
INSERT INTO Parents(ParentName,StudentID,Income,SchoolAttended,NumChildren) VALUES ('Ethelred Thresh',449,541219,'Yodo',2);
INSERT INTO Parents(ParentName,StudentID,Income,SchoolAttended,NumChildren) VALUES ('Harwilll Forlong',329,1951494,'Avamm',5);
INSERT INTO Parents(ParentName,StudentID,Income,SchoolAttended,NumChildren) VALUES ('Jory Barlthrop',237,1431546,'Bluejam',10);
INSERT INTO Parents(ParentName,StudentID,Income,SchoolAttended,NumChildren) VALUES ('Hugo Milillo',302,1097758,'Skippad',7);
INSERT INTO Parents(ParentName,StudentID,Income,SchoolAttended,NumChildren) VALUES ('Sherm Barnfather',257,651112,'Skibox',7);
INSERT INTO Parents(ParentName,StudentID,Income,SchoolAttended,NumChildren) VALUES ('Carree Casetti',361,1324079,'Fliptune',3);
INSERT INTO Parents(ParentName,StudentID,Income,SchoolAttended,NumChildren) VALUES ('Kelsi Noe',224,90690,'Izio',4);
INSERT INTO Parents(ParentName,StudentID,Income,SchoolAttended,NumChildren) VALUES ('Starlene Burhouse',126,1567031,'Yabox',7);
INSERT INTO Parents(ParentName,StudentID,Income,SchoolAttended,NumChildren) VALUES ('Quinn Wisdom',88,1571109,'Twitterbeat',4);
INSERT INTO Parents(ParentName,StudentID,Income,SchoolAttended,NumChildren) VALUES ('Reggie Chidwick',97,547637,'Fliptune',4);
INSERT INTO Parents(ParentName,StudentID,Income,SchoolAttended,NumChildren) VALUES ('Alvis Warmisham',30,1583001,'Eare',2);
INSERT INTO Parents(ParentName,StudentID,Income,SchoolAttended,NumChildren) VALUES ('Gareth Theyer',21,1444298,'Avaveo',3);
INSERT INTO Parents(ParentName,StudentID,Income,SchoolAttended,NumChildren) VALUES ('Christy Jojic',450,414708,'Dabtype',10);
INSERT INTO Parents(ParentName,StudentID,Income,SchoolAttended,NumChildren) VALUES ('Berty Lober',308,1054431,'Katz',4);
INSERT INTO Parents(ParentName,StudentID,Income,SchoolAttended,NumChildren) VALUES ('Cletis Raubenheimers',250,315247,'Skinte',4);
INSERT INTO Parents(ParentName,StudentID,Income,SchoolAttended,NumChildren) VALUES ('Kimmy Roycroft',112,1276654,'Edgetag',5);
INSERT INTO Parents(ParentName,StudentID,Income,SchoolAttended,NumChildren) VALUES ('Analiese Eilhersen',371,502556,'Leexo',6);
INSERT INTO Parents(ParentName,StudentID,Income,SchoolAttended,NumChildren) VALUES ('Malorie Swanborrow',461,1101447,'Skipfire',2);
INSERT INTO Parents(ParentName,StudentID,Income,SchoolAttended,NumChildren) VALUES ('Bord Cazereau',444,1367494,'Einti',3);
INSERT INTO Parents(ParentName,StudentID,Income,SchoolAttended,NumChildren) VALUES ('Pippy Kowal',223,1671298,'Gabtype',5);
INSERT INTO Parents(ParentName,StudentID,Income,SchoolAttended,NumChildren) VALUES ('Danica Kasparski',415,1599073,'Teklist',9);
INSERT INTO Parents(ParentName,StudentID,Income,SchoolAttended,NumChildren) VALUES ('Nissy Mattingley',340,1358064,'Babbleopia',8);
INSERT INTO Parents(ParentName,StudentID,Income,SchoolAttended,NumChildren) VALUES ('Connie Brave',179,1964316,'Pixope',10);
INSERT INTO Parents(ParentName,StudentID,Income,SchoolAttended,NumChildren) VALUES ('Ronalda Laste',231,692553,'Realpoint',3);
INSERT INTO Parents(ParentName,StudentID,Income,SchoolAttended,NumChildren) VALUES ('Augustus O''Hannay',40,138892,'Voonte',6);
INSERT INTO Parents(ParentName,StudentID,Income,SchoolAttended,NumChildren) VALUES ('Giana Heckle',298,562691,'Tazzy',8);
INSERT INTO Parents(ParentName,StudentID,Income,SchoolAttended,NumChildren) VALUES ('Jinny Stennine',259,81052,'Wikibox',4);
INSERT INTO Parents(ParentName,StudentID,Income,SchoolAttended,NumChildren) VALUES ('Zacherie Ruspine',248,1281878,'Devpoint',3);
INSERT INTO Parents(ParentName,StudentID,Income,SchoolAttended,NumChildren) VALUES ('Sharona Jorissen',16,409412,'Plajo',6);
INSERT INTO Parents(ParentName,StudentID,Income,SchoolAttended,NumChildren) VALUES ('Parsifal Losseljong',13,1860896,'Jabberbean',5);
INSERT INTO Parents(ParentName,StudentID,Income,SchoolAttended,NumChildren) VALUES ('Florentia Manie',79,1067638,'Edgetag',6);
INSERT INTO Parents(ParentName,StudentID,Income,SchoolAttended,NumChildren) VALUES ('Beau McFee',83,1909807,'Meevee',10);
INSERT INTO Parents(ParentName,StudentID,Income,SchoolAttended,NumChildren) VALUES ('Hubey Bibbie',36,1546622,'Wikido',6);
INSERT INTO Parents(ParentName,StudentID,Income,SchoolAttended,NumChildren) VALUES ('Andre Ingon',72,1304283,'Dabshots',5);
INSERT INTO Parents(ParentName,StudentID,Income,SchoolAttended,NumChildren) VALUES ('Zane Georgescu',54,143302,'Gigazoom',6);
INSERT INTO Parents(ParentName,StudentID,Income,SchoolAttended,NumChildren) VALUES ('Alfred Mil',169,482741,'Brightbean',1);
INSERT INTO Parents(ParentName,StudentID,Income,SchoolAttended,NumChildren) VALUES ('Carine Banbrick',476,680016,'Divanoodle',10);
INSERT INTO Parents(ParentName,StudentID,Income,SchoolAttended,NumChildren) VALUES ('Roselin Connaughton',455,704638,'Jaxworks',1);
INSERT INTO Parents(ParentName,StudentID,Income,SchoolAttended,NumChildren) VALUES ('Debera Siviour',2,1873681,'Shufflester',1);
INSERT INTO Parents(ParentName,StudentID,Income,SchoolAttended,NumChildren) VALUES ('Cordie Gisbye',75,62650,'Abatz',9);
INSERT INTO Parents(ParentName,StudentID,Income,SchoolAttended,NumChildren) VALUES ('Willem Albro',475,642881,'Brightbean',10);
INSERT INTO Parents(ParentName,StudentID,Income,SchoolAttended,NumChildren) VALUES ('Andras Sholem',55,87742,'Mynte',2);
INSERT INTO Parents(ParentName,StudentID,Income,SchoolAttended,NumChildren) VALUES ('Tristam Rohlfs',72,1171103,'Divavu',7);
INSERT INTO Parents(ParentName,StudentID,Income,SchoolAttended,NumChildren) VALUES ('Boyd Perllman',217,325862,'Skinte',2);
INSERT INTO Parents(ParentName,StudentID,Income,SchoolAttended,NumChildren) VALUES ('Berne Alu',117,986253,'Thoughtbeat',7);
INSERT INTO Parents(ParentName,StudentID,Income,SchoolAttended,NumChildren) VALUES ('Tomkin Hamshaw',96,147857,'Brightdog',9);
INSERT INTO Parents(ParentName,StudentID,Income,SchoolAttended,NumChildren) VALUES ('Birgitta Francisco',315,1470120,'Dazzlesphere',7);
INSERT INTO Parents(ParentName,StudentID,Income,SchoolAttended,NumChildren) VALUES ('Udall Crother',139,1653262,'Devpoint',8);
INSERT INTO Parents(ParentName,StudentID,Income,SchoolAttended,NumChildren) VALUES ('Ardene McCaughren',12,587113,'Photofeed',10);
INSERT INTO Parents(ParentName,StudentID,Income,SchoolAttended,NumChildren) VALUES ('Euell Pietesch',29,1138163,'Topicshots',10);
INSERT INTO Parents(ParentName,StudentID,Income,SchoolAttended,NumChildren) VALUES ('Franciskus Axby',282,724234,'Tambee',2);
INSERT INTO Parents(ParentName,StudentID,Income,SchoolAttended,NumChildren) VALUES ('Erek MacKall',85,1318788,'Yadel',7);
INSERT INTO Parents(ParentName,StudentID,Income,SchoolAttended,NumChildren) VALUES ('Violette Bixley',326,1501640,'Jetwire',9);
INSERT INTO Parents(ParentName,StudentID,Income,SchoolAttended,NumChildren) VALUES ('Matilde Lamba',27,1075341,'Photolist',2);
INSERT INTO Parents(ParentName,StudentID,Income,SchoolAttended,NumChildren) VALUES ('Jacquenette Meriot',97,14848,'Bubbletube',2);
INSERT INTO Parents(ParentName,StudentID,Income,SchoolAttended,NumChildren) VALUES ('Gareth Warr',170,1699276,'Quatz',8);
INSERT INTO Parents(ParentName,StudentID,Income,SchoolAttended,NumChildren) VALUES ('Debi Klyner',213,674111,'Wikibox',6);
INSERT INTO Parents(ParentName,StudentID,Income,SchoolAttended,NumChildren) VALUES ('Carmella Wickins',433,254173,'Zooveo',7);
INSERT INTO Parents(ParentName,StudentID,Income,SchoolAttended,NumChildren) VALUES ('Abbey Vockings',398,569388,'Bubbletube',6);
INSERT INTO Parents(ParentName,StudentID,Income,SchoolAttended,NumChildren) VALUES ('William Craig',242,1180262,'Twinte',7);
INSERT INTO Parents(ParentName,StudentID,Income,SchoolAttended,NumChildren) VALUES ('Karl Whytock',115,1982107,'Zoomcast',3);
INSERT INTO Parents(ParentName,StudentID,Income,SchoolAttended,NumChildren) VALUES ('Gerhardine Dodamead',306,1510340,'Mydeo',4);
INSERT INTO Parents(ParentName,StudentID,Income,SchoolAttended,NumChildren) VALUES ('Mike Epsley',371,1223124,'LiveZ',10);
INSERT INTO Parents(ParentName,StudentID,Income,SchoolAttended,NumChildren) VALUES ('Meridel Wayne',168,1843570,'Meedoo',6);
INSERT INTO Parents(ParentName,StudentID,Income,SchoolAttended,NumChildren) VALUES ('Silva Reah',248,548546,'Buzzshare',1);
INSERT INTO Parents(ParentName,StudentID,Income,SchoolAttended,NumChildren) VALUES ('Andrey Normadell',350,1849180,'Skiba',4);
INSERT INTO Parents(ParentName,StudentID,Income,SchoolAttended,NumChildren) VALUES ('Zoe Zupone',328,1898379,'Voonyx',4);
INSERT INTO Parents(ParentName,StudentID,Income,SchoolAttended,NumChildren) VALUES ('Alexine Hastwell',196,772351,'Realbuzz',9);
INSERT INTO Parents(ParentName,StudentID,Income,SchoolAttended,NumChildren) VALUES ('Petra Findlow',44,1716347,'Dynava',6);
INSERT INTO Parents(ParentName,StudentID,Income,SchoolAttended,NumChildren) VALUES ('Casey Larner',445,445507,'Plambee',2);
INSERT INTO Parents(ParentName,StudentID,Income,SchoolAttended,NumChildren) VALUES ('Olav Minot',260,1037255,'Livetube',7);
INSERT INTO Parents(ParentName,StudentID,Income,SchoolAttended,NumChildren) VALUES ('Leann Whartonby',170,1145678,'Yambee',5);
INSERT INTO Parents(ParentName,StudentID,Income,SchoolAttended,NumChildren) VALUES ('Delmer Coventry',391,1063462,'Topicware',2);
INSERT INTO Parents(ParentName,StudentID,Income,SchoolAttended,NumChildren) VALUES ('Ede Ashburne',468,1510639,'Ntags',8);
INSERT INTO Parents(ParentName,StudentID,Income,SchoolAttended,NumChildren) VALUES ('Lyndy Halhead',59,1856063,'Babbleblab',9);
INSERT INTO Parents(ParentName,StudentID,Income,SchoolAttended,NumChildren) VALUES ('Lin McLellan',76,322034,'Realcube',7);
INSERT INTO Parents(ParentName,StudentID,Income,SchoolAttended,NumChildren) VALUES ('Tabby Falconer',446,320975,'Chatterbridge',8);
INSERT INTO Parents(ParentName,StudentID,Income,SchoolAttended,NumChildren) VALUES ('Decca Blees',98,985148,'Topicstorm',9);
INSERT INTO Parents(ParentName,StudentID,Income,SchoolAttended,NumChildren) VALUES ('Thurston Sandon',496,1985702,'Topiclounge',5);
INSERT INTO Parents(ParentName,StudentID,Income,SchoolAttended,NumChildren) VALUES ('Kermit Ruger',127,694301,'Ozu',8);
INSERT INTO Parents(ParentName,StudentID,Income,SchoolAttended,NumChildren) VALUES ('Lavinia Toke',462,127611,'Mydeo',6);
INSERT INTO Parents(ParentName,StudentID,Income,SchoolAttended,NumChildren) VALUES ('Vince Kleyn',37,832371,'Twinte',9);
INSERT INTO Parents(ParentName,StudentID,Income,SchoolAttended,NumChildren) VALUES ('Kylie Stores',245,92385,'Riffpath',1);
INSERT INTO Parents(ParentName,StudentID,Income,SchoolAttended,NumChildren) VALUES ('Basia Huccaby',119,1004477,'Gevee',10);
INSERT INTO Parents(ParentName,StudentID,Income,SchoolAttended,NumChildren) VALUES ('Hernando Metcalfe',243,750108,'Blognation',6);
INSERT INTO Parents(ParentName,StudentID,Income,SchoolAttended,NumChildren) VALUES ('Josee Chafney',233,1060260,'Skinix',1);
INSERT INTO Parents(ParentName,StudentID,Income,SchoolAttended,NumChildren) VALUES ('Sigismondo Bredes',212,1349497,'Pixope',3);
INSERT INTO Parents(ParentName,StudentID,Income,SchoolAttended,NumChildren) VALUES ('Kanya Bampkin',72,883255,'Buzzshare',1);
INSERT INTO Parents(ParentName,StudentID,Income,SchoolAttended,NumChildren) VALUES ('Correy Roach',99,47331,'Oyoloo',6);
INSERT INTO Parents(ParentName,StudentID,Income,SchoolAttended,NumChildren) VALUES ('Emmery McDonell',446,1156798,'Quatz',3);
INSERT INTO Parents(ParentName,StudentID,Income,SchoolAttended,NumChildren) VALUES ('Durante Penwright',343,269109,'Skyba',5);
INSERT INTO Parents(ParentName,StudentID,Income,SchoolAttended,NumChildren) VALUES ('Hali Reven',131,628485,'Reallinks',8);
INSERT INTO Parents(ParentName,StudentID,Income,SchoolAttended,NumChildren) VALUES ('Polly Rosendorf',181,1404460,'Avavee',5);
INSERT INTO Parents(ParentName,StudentID,Income,SchoolAttended,NumChildren) VALUES ('Reggy Peppett',435,1514325,'Skippad',6);
INSERT INTO Parents(ParentName,StudentID,Income,SchoolAttended,NumChildren) VALUES ('Koral Brasier',351,1787206,'Yotz',2);
INSERT INTO Parents(ParentName,StudentID,Income,SchoolAttended,NumChildren) VALUES ('Dorthy Cowins',451,88407,'Twinder',5);
INSERT INTO Parents(ParentName,StudentID,Income,SchoolAttended,NumChildren) VALUES ('Joann Fevers',437,1570439,'Kaymbo',10);
INSERT INTO Parents(ParentName,StudentID,Income,SchoolAttended,NumChildren) VALUES ('Raleigh Prescote',483,320923,'Skidoo',3);
INSERT INTO Parents(ParentName,StudentID,Income,SchoolAttended,NumChildren) VALUES ('Jeanie Swaddle',222,824804,'Abata',3);
INSERT INTO Parents(ParentName,StudentID,Income,SchoolAttended,NumChildren) VALUES ('Sibley Rumford',122,784872,'Brainlounge',2);
INSERT INTO Parents(ParentName,StudentID,Income,SchoolAttended,NumChildren) VALUES ('Boyd Roylance',127,1920761,'Linkbridge',9);
INSERT INTO Parents(ParentName,StudentID,Income,SchoolAttended,NumChildren) VALUES ('Baxy Baumber',66,1404187,'Minyx',10);
INSERT INTO Parents(ParentName,StudentID,Income,SchoolAttended,NumChildren) VALUES ('Ellerey Sieve',228,843068,'Digitube',2);
INSERT INTO Parents(ParentName,StudentID,Income,SchoolAttended,NumChildren) VALUES ('Hetty MacTeague',219,1190230,'Fadeo',8);
INSERT INTO Parents(ParentName,StudentID,Income,SchoolAttended,NumChildren) VALUES ('Skelly Halleybone',2,359721,'Trupe',1);
INSERT INTO Parents(ParentName,StudentID,Income,SchoolAttended,NumChildren) VALUES ('Phil Halloran',287,1436125,'Youbridge',9);
INSERT INTO Parents(ParentName,StudentID,Income,SchoolAttended,NumChildren) VALUES ('Cord Ivashin',144,1619215,'Yodoo',1);
INSERT INTO Parents(ParentName,StudentID,Income,SchoolAttended,NumChildren) VALUES ('Elsey Adami',297,1354274,'Shufflebeat',9);
INSERT INTO Parents(ParentName,StudentID,Income,SchoolAttended,NumChildren) VALUES ('Stormie Godber',313,1023070,'Vinte',4);
INSERT INTO Parents(ParentName,StudentID,Income,SchoolAttended,NumChildren) VALUES ('Regen Samsin',138,829220,'Gigashots',8);
INSERT INTO Parents(ParentName,StudentID,Income,SchoolAttended,NumChildren) VALUES ('Royall Smithson',112,1210038,'Blogpad',7);
INSERT INTO Parents(ParentName,StudentID,Income,SchoolAttended,NumChildren) VALUES ('Ned Pimbley',22,1530681,'Brainbox',7);
INSERT INTO Parents(ParentName,StudentID,Income,SchoolAttended,NumChildren) VALUES ('Chico MacHoste',474,1869768,'Avamm',2);
INSERT INTO Parents(ParentName,StudentID,Income,SchoolAttended,NumChildren) VALUES ('Bryan Montgomery',492,1561709,'Flipbug',7);
INSERT INTO Parents(ParentName,StudentID,Income,SchoolAttended,NumChildren) VALUES ('Katina Filippozzi',443,627728,'Abatz',9);
INSERT INTO Parents(ParentName,StudentID,Income,SchoolAttended,NumChildren) VALUES ('Ilka Ceccoli',389,1869771,'Quatz',8);
INSERT INTO Parents(ParentName,StudentID,Income,SchoolAttended,NumChildren) VALUES ('Aymer Gleasane',89,561910,'Wikivu',7);
INSERT INTO Parents(ParentName,StudentID,Income,SchoolAttended,NumChildren) VALUES ('Meggy Riehm',268,585690,'Thoughtstorm',2);
INSERT INTO Parents(ParentName,StudentID,Income,SchoolAttended,NumChildren) VALUES ('Karine Edinburgh',249,1142118,'Fivechat',1);
INSERT INTO Parents(ParentName,StudentID,Income,SchoolAttended,NumChildren) VALUES ('Cindra Leonards',397,1520920,'DabZ',9);
INSERT INTO Parents(ParentName,StudentID,Income,SchoolAttended,NumChildren) VALUES ('Clio Mair',343,1040726,'Babbleset',1);
INSERT INTO Parents(ParentName,StudentID,Income,SchoolAttended,NumChildren) VALUES ('Stanislaus Fessby',437,1556305,'Zoovu',1);
INSERT INTO Parents(ParentName,StudentID,Income,SchoolAttended,NumChildren) VALUES ('Naoma Ledbury',273,1341567,'Meevee',5);
INSERT INTO Parents(ParentName,StudentID,Income,SchoolAttended,NumChildren) VALUES ('Wallie Lerway',5,1550980,'Eadel',2);
INSERT INTO Parents(ParentName,StudentID,Income,SchoolAttended,NumChildren) VALUES ('Ninette Lippo',280,1086498,'Skyvu',4);
INSERT INTO Parents(ParentName,StudentID,Income,SchoolAttended,NumChildren) VALUES ('Morley Antonellini',108,1847123,'Voomm',1);
INSERT INTO Parents(ParentName,StudentID,Income,SchoolAttended,NumChildren) VALUES ('Gisella Byatt',255,1617462,'Rhynyx',3);
INSERT INTO Parents(ParentName,StudentID,Income,SchoolAttended,NumChildren) VALUES ('Derick Trevaskis',20,1300879,'Voolia',7);
INSERT INTO Parents(ParentName,StudentID,Income,SchoolAttended,NumChildren) VALUES ('Marcellina Britton',105,1881797,'Podcat',3);
INSERT INTO Parents(ParentName,StudentID,Income,SchoolAttended,NumChildren) VALUES ('Christal Keating',116,601413,'Blogspan',4);
INSERT INTO Parents(ParentName,StudentID,Income,SchoolAttended,NumChildren) VALUES ('Dallon Durrand',289,1912997,'Jayo',4);
INSERT INTO Parents(ParentName,StudentID,Income,SchoolAttended,NumChildren) VALUES ('Risa Dunkerley',207,1116562,'Skyble',1);
INSERT INTO Parents(ParentName,StudentID,Income,SchoolAttended,NumChildren) VALUES ('Rayner Chesley',97,1977540,'Innojam',10);
INSERT INTO Parents(ParentName,StudentID,Income,SchoolAttended,NumChildren) VALUES ('Elset Tampling',84,1576344,'Meevee',4);
INSERT INTO Parents(ParentName,StudentID,Income,SchoolAttended,NumChildren) VALUES ('Beltran Gainsford',239,813516,'Linkbridge',9);
INSERT INTO Parents(ParentName,StudentID,Income,SchoolAttended,NumChildren) VALUES ('Odetta Brain',79,182663,'Omba',7);
INSERT INTO Parents(ParentName,StudentID,Income,SchoolAttended,NumChildren) VALUES ('Mary O''Meara',6,487684,'Camimbo',6);
INSERT INTO Parents(ParentName,StudentID,Income,SchoolAttended,NumChildren) VALUES ('Magdaia Stobbe',263,38035,'Realfire',1);
INSERT INTO Parents(ParentName,StudentID,Income,SchoolAttended,NumChildren) VALUES ('Weider Dowglass',442,836441,'Yodoo',5);
INSERT INTO Parents(ParentName,StudentID,Income,SchoolAttended,NumChildren) VALUES ('Christabel Tranfield',63,1383077,'LiveZ',4);
INSERT INTO Parents(ParentName,StudentID,Income,SchoolAttended,NumChildren) VALUES ('Siward Behan',333,9164,'Eidel',9);
INSERT INTO Parents(ParentName,StudentID,Income,SchoolAttended,NumChildren) VALUES ('Augustine Loughman',131,1839543,'Podcat',10);
INSERT INTO Parents(ParentName,StudentID,Income,SchoolAttended,NumChildren) VALUES ('Ange Velti',300,761543,'Youspan',5);
INSERT INTO Parents(ParentName,StudentID,Income,SchoolAttended,NumChildren) VALUES ('Bentlee Bragg',457,1540795,'Meeveo',5);
INSERT INTO Parents(ParentName,StudentID,Income,SchoolAttended,NumChildren) VALUES ('Frans Chadderton',174,1146562,'Topiczoom',6);
INSERT INTO Parents(ParentName,StudentID,Income,SchoolAttended,NumChildren) VALUES ('Akim Gaddes',257,730074,'Linklinks',1);
INSERT INTO Parents(ParentName,StudentID,Income,SchoolAttended,NumChildren) VALUES ('Vanya Bowman',481,1801433,'Gigabox',5);
INSERT INTO Parents(ParentName,StudentID,Income,SchoolAttended,NumChildren) VALUES ('Giordano MacTrusty',171,1460636,'Youbridge',10);
INSERT INTO Parents(ParentName,StudentID,Income,SchoolAttended,NumChildren) VALUES ('Terence Wheelband',74,989162,'Feedfire',5);
INSERT INTO Parents(ParentName,StudentID,Income,SchoolAttended,NumChildren) VALUES ('Sylvia Pethick',71,1709902,'Edgewire',5);
INSERT INTO Parents(ParentName,StudentID,Income,SchoolAttended,NumChildren) VALUES ('Giacomo Leitch',48,1002361,'Skinder',2);
INSERT INTO Parents(ParentName,StudentID,Income,SchoolAttended,NumChildren) VALUES ('Maddie Kenward',327,823989,'Gabcube',9);
INSERT INTO Parents(ParentName,StudentID,Income,SchoolAttended,NumChildren) VALUES ('Ede Odegaard',352,1130565,'Aimbu',5);
INSERT INTO Parents(ParentName,StudentID,Income,SchoolAttended,NumChildren) VALUES ('Norry Abbe',473,371603,'Bubblemix',1);
INSERT INTO Parents(ParentName,StudentID,Income,SchoolAttended,NumChildren) VALUES ('Frederico Rhoddie',14,677868,'Tagfeed',5);
INSERT INTO Parents(ParentName,StudentID,Income,SchoolAttended,NumChildren) VALUES ('Courtnay Kershow',304,1410345,'Twinder',2);
INSERT INTO Parents(ParentName,StudentID,Income,SchoolAttended,NumChildren) VALUES ('Evonne Mengue',126,499838,'Jaxworks',10);
INSERT INTO Parents(ParentName,StudentID,Income,SchoolAttended,NumChildren) VALUES ('Skye Sheen',129,1848274,'Eamia',7);
INSERT INTO Parents(ParentName,StudentID,Income,SchoolAttended,NumChildren) VALUES ('Berky Laingmaid',33,442984,'Podcat',7);
INSERT INTO Parents(ParentName,StudentID,Income,SchoolAttended,NumChildren) VALUES ('Chilton Cranney',34,553286,'Mybuzz',3);
INSERT INTO Parents(ParentName,StudentID,Income,SchoolAttended,NumChildren) VALUES ('Marco Philpot',467,517671,'Bubblemix',6);
INSERT INTO Parents(ParentName,StudentID,Income,SchoolAttended,NumChildren) VALUES ('Esta Purshouse',472,1982034,'Zoovu',8);
INSERT INTO Parents(ParentName,StudentID,Income,SchoolAttended,NumChildren) VALUES ('Irv Clace',415,1064096,'Babbleblab',6);
INSERT INTO Parents(ParentName,StudentID,Income,SchoolAttended,NumChildren) VALUES ('Hagen Abramow',102,1466845,'Avamm',7);
INSERT INTO Parents(ParentName,StudentID,Income,SchoolAttended,NumChildren) VALUES ('Kristopher Buswell',152,519090,'Meembee',3);
INSERT INTO Parents(ParentName,StudentID,Income,SchoolAttended,NumChildren) VALUES ('Quintilla Franzettoini',119,267414,'Youfeed',10);
INSERT INTO Parents(ParentName,StudentID,Income,SchoolAttended,NumChildren) VALUES ('Becca Longstaffe',192,1315776,'Wordware',7);
INSERT INTO Parents(ParentName,StudentID,Income,SchoolAttended,NumChildren) VALUES ('Sharlene Girdwood',19,993719,'Brightbean',1);
INSERT INTO Parents(ParentName,StudentID,Income,SchoolAttended,NumChildren) VALUES ('Rudie Pyson',492,111898,'Gabspot',2);
INSERT INTO Parents(ParentName,StudentID,Income,SchoolAttended,NumChildren) VALUES ('Malvin Martinovsky',355,538897,'Zoombeat',10);
INSERT INTO Parents(ParentName,StudentID,Income,SchoolAttended,NumChildren) VALUES ('Verge Alexandersson',323,1699051,'Pixope',10);
INSERT INTO Parents(ParentName,StudentID,Income,SchoolAttended,NumChildren) VALUES ('Wilt Mangion',78,1654516,'Twitterbeat',2);
INSERT INTO Parents(ParentName,StudentID,Income,SchoolAttended,NumChildren) VALUES ('Salvidor Scawn',433,547659,'Abatz',8);
INSERT INTO Parents(ParentName,StudentID,Income,SchoolAttended,NumChildren) VALUES ('Correy Lympany',421,1374055,'Mycat',6);
INSERT INTO Parents(ParentName,StudentID,Income,SchoolAttended,NumChildren) VALUES ('Benjie Rosenfeld',384,1380860,'Quimba',2);
INSERT INTO Parents(ParentName,StudentID,Income,SchoolAttended,NumChildren) VALUES ('Anabelle Mote',426,1133610,'Centidel',4);
INSERT INTO Parents(ParentName,StudentID,Income,SchoolAttended,NumChildren) VALUES ('Rupert Penylton',251,469491,'Quinu',9);
INSERT INTO Parents(ParentName,StudentID,Income,SchoolAttended,NumChildren) VALUES ('Jo-anne Titmarsh',238,1184493,'Wordware',9);
INSERT INTO Parents(ParentName,StudentID,Income,SchoolAttended,NumChildren) VALUES ('Ninetta Arrington',105,219770,'Yodoo',8);
INSERT INTO Parents(ParentName,StudentID,Income,SchoolAttended,NumChildren) VALUES ('Culley McJury',295,603167,'Shuffletag',1);
INSERT INTO Parents(ParentName,StudentID,Income,SchoolAttended,NumChildren) VALUES ('Osborn Tite',473,105074,'Reallinks',2);
INSERT INTO Parents(ParentName,StudentID,Income,SchoolAttended,NumChildren) VALUES ('Rachel Noton',369,794166,'Podcat',6);
INSERT INTO Parents(ParentName,StudentID,Income,SchoolAttended,NumChildren) VALUES ('Gerta Felmingham',230,308406,'Izio',3);
INSERT INTO Parents(ParentName,StudentID,Income,SchoolAttended,NumChildren) VALUES ('Bourke Dutton',177,1071746,'Quinu',2);
INSERT INTO Parents(ParentName,StudentID,Income,SchoolAttended,NumChildren) VALUES ('Roxy Crimp',372,1212517,'Vinte',10);
INSERT INTO Parents(ParentName,StudentID,Income,SchoolAttended,NumChildren) VALUES ('Shaine Favela',351,1306650,'Avavee',5);
INSERT INTO Parents(ParentName,StudentID,Income,SchoolAttended,NumChildren) VALUES ('Jessalin Okell',12,677059,'Skyvu',4);
INSERT INTO Parents(ParentName,StudentID,Income,SchoolAttended,NumChildren) VALUES ('Wilton Fettiplace',428,739177,'Oba',2);
INSERT INTO Parents(ParentName,StudentID,Income,SchoolAttended,NumChildren) VALUES ('Mozes Allerton',481,1033784,'Npath',1);
INSERT INTO Parents(ParentName,StudentID,Income,SchoolAttended,NumChildren) VALUES ('Giacomo Dosdell',401,1060567,'Vitz',1);
INSERT INTO Parents(ParentName,StudentID,Income,SchoolAttended,NumChildren) VALUES ('Fabe Gorthy',372,757240,'Fatz',7);
INSERT INTO Parents(ParentName,StudentID,Income,SchoolAttended,NumChildren) VALUES ('Paquito Mathen',331,1417869,'Plambee',6);
INSERT INTO Parents(ParentName,StudentID,Income,SchoolAttended,NumChildren) VALUES ('Dido Yuill',220,1382413,'Jabbercube',4);
INSERT INTO Parents(ParentName,StudentID,Income,SchoolAttended,NumChildren) VALUES ('Raynor Fricker',208,927800,'Jetwire',8);
INSERT INTO Parents(ParentName,StudentID,Income,SchoolAttended,NumChildren) VALUES ('Liane Bindin',340,1391797,'Thoughtmix',6);
INSERT INTO Parents(ParentName,StudentID,Income,SchoolAttended,NumChildren) VALUES ('Corty Peagram',424,129700,'Realbridge',1);
INSERT INTO Parents(ParentName,StudentID,Income,SchoolAttended,NumChildren) VALUES ('Cherlyn McMylor',292,1343156,'Aimbu',10);
INSERT INTO Parents(ParentName,StudentID,Income,SchoolAttended,NumChildren) VALUES ('Linc Skehan',236,658160,'Chatterpoint',4);
INSERT INTO Parents(ParentName,StudentID,Income,SchoolAttended,NumChildren) VALUES ('Joann Caizley',412,1138744,'Flipbug',2);
INSERT INTO Parents(ParentName,StudentID,Income,SchoolAttended,NumChildren) VALUES ('Violette Fishburn',21,1393469,'DabZ',2);
INSERT INTO Parents(ParentName,StudentID,Income,SchoolAttended,NumChildren) VALUES ('Lawton Dericut',68,1840399,'Rhybox',7);
INSERT INTO Parents(ParentName,StudentID,Income,SchoolAttended,NumChildren) VALUES ('Ddene Godsmark',256,1006033,'Topiczoom',7);
INSERT INTO Parents(ParentName,StudentID,Income,SchoolAttended,NumChildren) VALUES ('Thekla Raper',470,1251740,'Eare',3);
INSERT INTO Parents(ParentName,StudentID,Income,SchoolAttended,NumChildren) VALUES ('Noby Esley',214,1569225,'Skivee',10);
INSERT INTO Parents(ParentName,StudentID,Income,SchoolAttended,NumChildren) VALUES ('Pepito Pledge',235,635159,'Edgeclub',1);
INSERT INTO Parents(ParentName,StudentID,Income,SchoolAttended,NumChildren) VALUES ('Briggs Stranahan',475,14432,'Meeveo',10);
INSERT INTO Parents(ParentName,StudentID,Income,SchoolAttended,NumChildren) VALUES ('Gael Bagster',343,321713,'Feedspan',8);
INSERT INTO Parents(ParentName,StudentID,Income,SchoolAttended,NumChildren) VALUES ('Robb Hickisson',342,588149,'Ooba',3);
INSERT INTO Parents(ParentName,StudentID,Income,SchoolAttended,NumChildren) VALUES ('Eolande Howis',393,400728,'Riffwire',9);
INSERT INTO Parents(ParentName,StudentID,Income,SchoolAttended,NumChildren) VALUES ('Rodina Knights',181,267686,'Flashspan',8);
INSERT INTO Parents(ParentName,StudentID,Income,SchoolAttended,NumChildren) VALUES ('Malory Francescuccio',163,1342667,'Wikido',8);
INSERT INTO Parents(ParentName,StudentID,Income,SchoolAttended,NumChildren) VALUES ('Christophorus Polin',373,126812,'Photobug',2);
INSERT INTO Parents(ParentName,StudentID,Income,SchoolAttended,NumChildren) VALUES ('Allegra Gallelli',361,823511,'Ozu',7);
INSERT INTO Parents(ParentName,StudentID,Income,SchoolAttended,NumChildren) VALUES ('Maury Regglar',343,1525000,'Oodoo',3);
INSERT INTO Parents(ParentName,StudentID,Income,SchoolAttended,NumChildren) VALUES ('Esma Riggs',66,902614,'Twitterlist',1);
INSERT INTO Parents(ParentName,StudentID,Income,SchoolAttended,NumChildren) VALUES ('Sapphire Lerwill',306,1955394,'Feedmix',9);
INSERT INTO Parents(ParentName,StudentID,Income,SchoolAttended,NumChildren) VALUES ('Stavros Gideon',367,504107,'Voonte',8);
INSERT INTO Parents(ParentName,StudentID,Income,SchoolAttended,NumChildren) VALUES ('Evelin Aupol',274,1899539,'Pixoboo',1);
INSERT INTO Parents(ParentName,StudentID,Income,SchoolAttended,NumChildren) VALUES ('Lydia Della',477,754781,'Zoomdog',10);
INSERT INTO Parents(ParentName,StudentID,Income,SchoolAttended,NumChildren) VALUES ('Joel D''Almeida',170,958550,'Mynte',4);
INSERT INTO Parents(ParentName,StudentID,Income,SchoolAttended,NumChildren) VALUES ('Juli Wastall',121,1490100,'Tagcat',10);
INSERT INTO Parents(ParentName,StudentID,Income,SchoolAttended,NumChildren) VALUES ('Killian Burg',103,1925361,'Skivee',10);
INSERT INTO Parents(ParentName,StudentID,Income,SchoolAttended,NumChildren) VALUES ('Cesar Gomme',173,868028,'Brightbean',2);
INSERT INTO Parents(ParentName,StudentID,Income,SchoolAttended,NumChildren) VALUES ('Silvio Edmeads',282,743567,'Jabbersphere',3);
INSERT INTO Parents(ParentName,StudentID,Income,SchoolAttended,NumChildren) VALUES ('Far Powder',97,1129726,'Mybuzz',2);
INSERT INTO Parents(ParentName,StudentID,Income,SchoolAttended,NumChildren) VALUES ('Michell Frisby',323,437298,'Linktype',7);
INSERT INTO Parents(ParentName,StudentID,Income,SchoolAttended,NumChildren) VALUES ('Gayle Hassewell',258,89923,'Yotz',1);
INSERT INTO Parents(ParentName,StudentID,Income,SchoolAttended,NumChildren) VALUES ('Janean McQuirk',482,1274764,'Twitterworks',6);
INSERT INTO Parents(ParentName,StudentID,Income,SchoolAttended,NumChildren) VALUES ('Roseann Moubray',158,1894027,'Oyondu',1);
INSERT INTO Parents(ParentName,StudentID,Income,SchoolAttended,NumChildren) VALUES ('Almeria Blakeden',12,708949,'Skipstorm',5);
INSERT INTO Parents(ParentName,StudentID,Income,SchoolAttended,NumChildren) VALUES ('Devland Toulmin',115,1932207,'Izio',8);
INSERT INTO Parents(ParentName,StudentID,Income,SchoolAttended,NumChildren) VALUES ('Cissy Font',59,398369,'Zoonder',3);
INSERT INTO Parents(ParentName,StudentID,Income,SchoolAttended,NumChildren) VALUES ('Emanuel Andrejevic',340,475951,'Trudoo',9);
INSERT INTO Parents(ParentName,StudentID,Income,SchoolAttended,NumChildren) VALUES ('Hobey Alvar',490,1413122,'Skidoo',6);
INSERT INTO Parents(ParentName,StudentID,Income,SchoolAttended,NumChildren) VALUES ('Clarine Carter',28,167318,'Jaloo',10);
INSERT INTO Parents(ParentName,StudentID,Income,SchoolAttended,NumChildren) VALUES ('Jarred Wagnerin',369,723634,'Wikizz',9);
INSERT INTO Parents(ParentName,StudentID,Income,SchoolAttended,NumChildren) VALUES ('Mead Mosey',259,31272,'Roodel',4);
INSERT INTO Parents(ParentName,StudentID,Income,SchoolAttended,NumChildren) VALUES ('Nance Marley',182,1188501,'Skinte',7);
INSERT INTO Parents(ParentName,StudentID,Income,SchoolAttended,NumChildren) VALUES ('Adelina Butler-Bowdon',218,1814933,'Wikido',10);
INSERT INTO Parents(ParentName,StudentID,Income,SchoolAttended,NumChildren) VALUES ('Meghann Lightfoot',454,1266464,'Cogilith',1);
INSERT INTO Parents(ParentName,StudentID,Income,SchoolAttended,NumChildren) VALUES ('Lemmy Appleton',65,492037,'Centidel',8);
INSERT INTO Parents(ParentName,StudentID,Income,SchoolAttended,NumChildren) VALUES ('Katlin Gravy',407,1556413,'Skipfire',4);
INSERT INTO Parents(ParentName,StudentID,Income,SchoolAttended,NumChildren) VALUES ('Adelle Meany',428,28502,'Tanoodle',5);
INSERT INTO Parents(ParentName,StudentID,Income,SchoolAttended,NumChildren) VALUES ('Peggy McCullock',381,209395,'Skaboo',7);
INSERT INTO Parents(ParentName,StudentID,Income,SchoolAttended,NumChildren) VALUES ('Clemmie Cordall',256,4105,'Kwilith',7);
INSERT INTO Parents(ParentName,StudentID,Income,SchoolAttended,NumChildren) VALUES ('Joceline Twelve',29,1140734,'Npath',4);
INSERT INTO Parents(ParentName,StudentID,Income,SchoolAttended,NumChildren) VALUES ('Amelina Gething',383,1491247,'Wikibox',1);
INSERT INTO Parents(ParentName,StudentID,Income,SchoolAttended,NumChildren) VALUES ('Ingmar Goosey',300,1482680,'Twinder',6);
INSERT INTO Parents(ParentName,StudentID,Income,SchoolAttended,NumChildren) VALUES ('Gregoor Apedaile',119,1338329,'Skipfire',9);
INSERT INTO Parents(ParentName,StudentID,Income,SchoolAttended,NumChildren) VALUES ('Jackie Laugharne',282,946217,'Trudoo',10);
INSERT INTO Parents(ParentName,StudentID,Income,SchoolAttended,NumChildren) VALUES ('Effie Klich',195,1295077,'Voonyx',3);
INSERT INTO Parents(ParentName,StudentID,Income,SchoolAttended,NumChildren) VALUES ('Hope Katzmann',92,325748,'Fivespan',3);
INSERT INTO Parents(ParentName,StudentID,Income,SchoolAttended,NumChildren) VALUES ('Darsey Toffolo',76,1965590,'Browsetype',2);
INSERT INTO Parents(ParentName,StudentID,Income,SchoolAttended,NumChildren) VALUES ('Kenon Fincken',152,216562,'Twitternation',7);
INSERT INTO Parents(ParentName,StudentID,Income,SchoolAttended,NumChildren) VALUES ('Maxim Penella',157,1060401,'Oyoba',4);
INSERT INTO Parents(ParentName,StudentID,Income,SchoolAttended,NumChildren) VALUES ('Helga Carruthers',354,1109643,'Jaxnation',3);
INSERT INTO Parents(ParentName,StudentID,Income,SchoolAttended,NumChildren) VALUES ('Ives Wankel',22,335488,'Eimbee',5);
INSERT INTO Parents(ParentName,StudentID,Income,SchoolAttended,NumChildren) VALUES ('Hadrian Desborough',482,55060,'Aibox',6);
INSERT INTO Parents(ParentName,StudentID,Income,SchoolAttended,NumChildren) VALUES ('Raffarty Giannazzo',163,761797,'Oyope',4);
INSERT INTO Parents(ParentName,StudentID,Income,SchoolAttended,NumChildren) VALUES ('Massimiliano Farrance',324,1801260,'Quimm',8);
INSERT INTO Parents(ParentName,StudentID,Income,SchoolAttended,NumChildren) VALUES ('Nicholas Benmore',251,655843,'Feedfish',4);
INSERT INTO Parents(ParentName,StudentID,Income,SchoolAttended,NumChildren) VALUES ('Peggy Kubacki',80,1728242,'Jayo',5);
INSERT INTO Parents(ParentName,StudentID,Income,SchoolAttended,NumChildren) VALUES ('Trudie Fanstone',354,1191240,'Cogilith',2);
INSERT INTO Parents(ParentName,StudentID,Income,SchoolAttended,NumChildren) VALUES ('Hugo Nelsen',496,232819,'Divanoodle',10);
INSERT INTO Parents(ParentName,StudentID,Income,SchoolAttended,NumChildren) VALUES ('Angelo Coldridge',297,612233,'JumpXS',8);
INSERT INTO Parents(ParentName,StudentID,Income,SchoolAttended,NumChildren) VALUES ('Alameda Macrow',347,562804,'Agimba',1);
INSERT INTO Parents(ParentName,StudentID,Income,SchoolAttended,NumChildren) VALUES ('Roderic Kobiera',405,69946,'Chatterbridge',5);
INSERT INTO Parents(ParentName,StudentID,Income,SchoolAttended,NumChildren) VALUES ('Sergent How',71,387361,'Photojam',6);
INSERT INTO Parents(ParentName,StudentID,Income,SchoolAttended,NumChildren) VALUES ('Nicolais Pashbee',494,1488552,'Dabvine',7);
INSERT INTO Parents(ParentName,StudentID,Income,SchoolAttended,NumChildren) VALUES ('Maurizio Roskell',280,1296610,'Edgeclub',1);
INSERT INTO Parents(ParentName,StudentID,Income,SchoolAttended,NumChildren) VALUES ('Ashley Strowan',360,1366176,'Demimbu',4);
INSERT INTO Parents(ParentName,StudentID,Income,SchoolAttended,NumChildren) VALUES ('Elsworth Antecki',203,1717331,'Rhynyx',6);
INSERT INTO Parents(ParentName,StudentID,Income,SchoolAttended,NumChildren) VALUES ('Rivi Twidle',193,922326,'Zoomcast',5);
INSERT INTO Parents(ParentName,StudentID,Income,SchoolAttended,NumChildren) VALUES ('Web Grolle',72,1680560,'Reallinks',2);
INSERT INTO Parents(ParentName,StudentID,Income,SchoolAttended,NumChildren) VALUES ('Dewain Pheazey',199,1807654,'Devcast',10);
INSERT INTO Parents(ParentName,StudentID,Income,SchoolAttended,NumChildren) VALUES ('Stefania Treker',61,328095,'Thoughtblab',1);
INSERT INTO Parents(ParentName,StudentID,Income,SchoolAttended,NumChildren) VALUES ('Fara Allerton',162,1173278,'Katz',4);
INSERT INTO Parents(ParentName,StudentID,Income,SchoolAttended,NumChildren) VALUES ('Tim Woodsford',434,956273,'Twiyo',6);
INSERT INTO Parents(ParentName,StudentID,Income,SchoolAttended,NumChildren) VALUES ('Tildy Devinn',451,958728,'Jaxspan',2);
INSERT INTO Parents(ParentName,StudentID,Income,SchoolAttended,NumChildren) VALUES ('Rosemaria Duncan',217,1143495,'Mynte',3);
INSERT INTO Parents(ParentName,StudentID,Income,SchoolAttended,NumChildren) VALUES ('Cyndi Dingwall',94,211772,'Quimba',10);
INSERT INTO Parents(ParentName,StudentID,Income,SchoolAttended,NumChildren) VALUES ('Sebastian Lingner',102,772732,'Layo',10);
INSERT INTO Parents(ParentName,StudentID,Income,SchoolAttended,NumChildren) VALUES ('Lacy Stansbie',151,1886508,'Blogpad',1);
INSERT INTO Parents(ParentName,StudentID,Income,SchoolAttended,NumChildren) VALUES ('Natale Valerio',221,1129899,'Yadel',8);
INSERT INTO Parents(ParentName,StudentID,Income,SchoolAttended,NumChildren) VALUES ('Leonid Missenden',27,1755630,'Topicware',2);
INSERT INTO Parents(ParentName,StudentID,Income,SchoolAttended,NumChildren) VALUES ('Ninnette O''Gormley',38,1897467,'Omba',7);
INSERT INTO Parents(ParentName,StudentID,Income,SchoolAttended,NumChildren) VALUES ('Livvie Ancliff',81,1738422,'Vinder',3);
INSERT INTO Parents(ParentName,StudentID,Income,SchoolAttended,NumChildren) VALUES ('Rodina Vasechkin',147,1088984,'Meevee',10);
INSERT INTO Parents(ParentName,StudentID,Income,SchoolAttended,NumChildren) VALUES ('Griselda Ganforthe',273,428276,'Meetz',2);
INSERT INTO Parents(ParentName,StudentID,Income,SchoolAttended,NumChildren) VALUES ('Arlee Karpov',2,1225205,'Twinte',6);
INSERT INTO Parents(ParentName,StudentID,Income,SchoolAttended,NumChildren) VALUES ('Earvin Foch',326,130442,'Voonte',10);
INSERT INTO Parents(ParentName,StudentID,Income,SchoolAttended,NumChildren) VALUES ('Gussie Bretelle',432,357987,'Yodoo',7);
INSERT INTO Parents(ParentName,StudentID,Income,SchoolAttended,NumChildren) VALUES ('Persis Knowlden',180,1975584,'Yodel',10);
INSERT INTO Parents(ParentName,StudentID,Income,SchoolAttended,NumChildren) VALUES ('Jobi Moors',389,872906,'Ntags',6);
INSERT INTO Parents(ParentName,StudentID,Income,SchoolAttended,NumChildren) VALUES ('Arliene McMenamie',9,1346191,'Photobean',7);
INSERT INTO Parents(ParentName,StudentID,Income,SchoolAttended,NumChildren) VALUES ('Wat Holston',182,678595,'Oyoba',8);
INSERT INTO Parents(ParentName,StudentID,Income,SchoolAttended,NumChildren) VALUES ('Morgan Lamboll',75,492945,'Kwimbee',3);
INSERT INTO Parents(ParentName,StudentID,Income,SchoolAttended,NumChildren) VALUES ('Egbert Sanday',471,1432720,'Photobug',9);
INSERT INTO Parents(ParentName,StudentID,Income,SchoolAttended,NumChildren) VALUES ('Melania Laverty',48,686878,'Quimba',3);
INSERT INTO Parents(ParentName,StudentID,Income,SchoolAttended,NumChildren) VALUES ('Stevy Cutts',98,356255,'Einti',8);
INSERT INTO Parents(ParentName,StudentID,Income,SchoolAttended,NumChildren) VALUES ('Halli Park',297,1350411,'Ntag',5);
INSERT INTO Parents(ParentName,StudentID,Income,SchoolAttended,NumChildren) VALUES ('Ileane Villaron',317,1505898,'Oloo',9);
INSERT INTO Parents(ParentName,StudentID,Income,SchoolAttended,NumChildren) VALUES ('Sallyann Faircloth',347,1180353,'Yakitri',8);
INSERT INTO Parents(ParentName,StudentID,Income,SchoolAttended,NumChildren) VALUES ('Golda Hark',143,1621,'Fatz',9);
INSERT INTO Parents(ParentName,StudentID,Income,SchoolAttended,NumChildren) VALUES ('Hall Standidge',495,496591,'Reallinks',6);
INSERT INTO Parents(ParentName,StudentID,Income,SchoolAttended,NumChildren) VALUES ('Dur Bernardoni',231,1428354,'Voonte',10);
INSERT INTO Parents(ParentName,StudentID,Income,SchoolAttended,NumChildren) VALUES ('Robina Acreman',460,371311,'Oyonder',2);
INSERT INTO Parents(ParentName,StudentID,Income,SchoolAttended,NumChildren) VALUES ('Joice Matveiko',420,1625111,'Oozz',10);
INSERT INTO Parents(ParentName,StudentID,Income,SchoolAttended,NumChildren) VALUES ('Biddie Minshall',378,688898,'Photojam',6);
INSERT INTO Parents(ParentName,StudentID,Income,SchoolAttended,NumChildren) VALUES ('Lazar Morgen',94,1065663,'Quimm',6);
INSERT INTO Parents(ParentName,StudentID,Income,SchoolAttended,NumChildren) VALUES ('Leonanie McClinton',15,1638754,'Pixope',4);
INSERT INTO Parents(ParentName,StudentID,Income,SchoolAttended,NumChildren) VALUES ('Otis Cronin',487,251267,'Quaxo',1);
INSERT INTO Parents(ParentName,StudentID,Income,SchoolAttended,NumChildren) VALUES ('Kimberli Dechelette',282,802375,'Yacero',1);
INSERT INTO Parents(ParentName,StudentID,Income,SchoolAttended,NumChildren) VALUES ('Page McGready',241,475195,'Livefish',8);
INSERT INTO Parents(ParentName,StudentID,Income,SchoolAttended,NumChildren) VALUES ('Zeb Coard',370,391398,'Skinder',8);
INSERT INTO Parents(ParentName,StudentID,Income,SchoolAttended,NumChildren) VALUES ('Janka Jencey',186,190450,'Meetz',3);
INSERT INTO Parents(ParentName,StudentID,Income,SchoolAttended,NumChildren) VALUES ('Stillmann de Bullion',271,1379640,'Trilia',8);
INSERT INTO Parents(ParentName,StudentID,Income,SchoolAttended,NumChildren) VALUES ('Rennie Hellin',90,1065612,'Photobean',10);
INSERT INTO Parents(ParentName,StudentID,Income,SchoolAttended,NumChildren) VALUES ('Keenan Biddwell',47,993612,'Vipe',1);
INSERT INTO Parents(ParentName,StudentID,Income,SchoolAttended,NumChildren) VALUES ('Hyacinthia Braferton',32,761245,'Linklinks',2);
INSERT INTO Parents(ParentName,StudentID,Income,SchoolAttended,NumChildren) VALUES ('Cori Siddeley',444,1767175,'Wikizz',4);
INSERT INTO Parents(ParentName,StudentID,Income,SchoolAttended,NumChildren) VALUES ('Deb Andrick',327,1717776,'Wikido',6);
INSERT INTO Parents(ParentName,StudentID,Income,SchoolAttended,NumChildren) VALUES ('Karisa Brewerton',326,225156,'Lazzy',1);
INSERT INTO Parents(ParentName,StudentID,Income,SchoolAttended,NumChildren) VALUES ('Beth Lidgley',127,633737,'Kamba',8);
INSERT INTO Parents(ParentName,StudentID,Income,SchoolAttended,NumChildren) VALUES ('Weylin Caulket',291,214580,'Twinte',7);
INSERT INTO Parents(ParentName,StudentID,Income,SchoolAttended,NumChildren) VALUES ('Teddie Cubbin',393,498537,'Skipstorm',3);
INSERT INTO Parents(ParentName,StudentID,Income,SchoolAttended,NumChildren) VALUES ('Rab Reisin',93,1348771,'Linklinks',4);
INSERT INTO Parents(ParentName,StudentID,Income,SchoolAttended,NumChildren) VALUES ('Kara-lynn Byfield',104,399282,'Zoomzone',7);
INSERT INTO Parents(ParentName,StudentID,Income,SchoolAttended,NumChildren) VALUES ('Raynell Quick',151,669149,'Abatz',6);
INSERT INTO Parents(ParentName,StudentID,Income,SchoolAttended,NumChildren) VALUES ('Neely Bolgar',473,1666545,'Gevee',10);
INSERT INTO Parents(ParentName,StudentID,Income,SchoolAttended,NumChildren) VALUES ('Meridith Brackenbury',320,1683986,'Abatz',10);
INSERT INTO Parents(ParentName,StudentID,Income,SchoolAttended,NumChildren) VALUES ('Virgie Bovis',277,1148088,'Buzzshare',6);
INSERT INTO Parents(ParentName,StudentID,Income,SchoolAttended,NumChildren) VALUES ('Lester Mott',175,1093805,'JumpXS',10);
INSERT INTO Parents(ParentName,StudentID,Income,SchoolAttended,NumChildren) VALUES ('Rana Hedingham',177,1333871,'Fivebridge',2);
INSERT INTO Parents(ParentName,StudentID,Income,SchoolAttended,NumChildren) VALUES ('Miran Scutts',146,1135778,'Plajo',4);
INSERT INTO Parents(ParentName,StudentID,Income,SchoolAttended,NumChildren) VALUES ('Arne McIlmorie',358,1754821,'Mymm',9);
INSERT INTO Parents(ParentName,StudentID,Income,SchoolAttended,NumChildren) VALUES ('Elwira Ioselevich',452,1078792,'Edgeify',2);
INSERT INTO Parents(ParentName,StudentID,Income,SchoolAttended,NumChildren) VALUES ('Felicity Burhouse',142,1856022,'Quinu',5);
INSERT INTO Parents(ParentName,StudentID,Income,SchoolAttended,NumChildren) VALUES ('Bebe Spehr',19,1033724,'Skyble',3);
INSERT INTO Parents(ParentName,StudentID,Income,SchoolAttended,NumChildren) VALUES ('Yurik Stife',112,1653710,'Kanoodle',9);
INSERT INTO Parents(ParentName,StudentID,Income,SchoolAttended,NumChildren) VALUES ('Mariquilla Maysor',205,759225,'Jabberstorm',4);
INSERT INTO Parents(ParentName,StudentID,Income,SchoolAttended,NumChildren) VALUES ('Hallie Seedman',130,1985170,'Innotype',6);
INSERT INTO Parents(ParentName,StudentID,Income,SchoolAttended,NumChildren) VALUES ('Tomaso Koche',85,1025232,'Twitterworks',9);
INSERT INTO Parents(ParentName,StudentID,Income,SchoolAttended,NumChildren) VALUES ('Demetris Grogor',296,1198541,'Tazzy',4);
INSERT INTO Parents(ParentName,StudentID,Income,SchoolAttended,NumChildren) VALUES ('Ev Barhams',285,1875651,'Rhyloo',4);
INSERT INTO Parents(ParentName,StudentID,Income,SchoolAttended,NumChildren) VALUES ('Fawne Freddi',193,1801239,'Linklinks',8);
INSERT INTO Parents(ParentName,StudentID,Income,SchoolAttended,NumChildren) VALUES ('Sammy Frisby',151,823390,'Trupe',3);
INSERT INTO Parents(ParentName,StudentID,Income,SchoolAttended,NumChildren) VALUES ('Reinhold Lentsch',251,321110,'Twitterwire',9);
INSERT INTO Parents(ParentName,StudentID,Income,SchoolAttended,NumChildren) VALUES ('Allyn Pfeifer',155,1064963,'Realbuzz',4);
INSERT INTO Parents(ParentName,StudentID,Income,SchoolAttended,NumChildren) VALUES ('Adelaide Colliber',39,1507212,'LiveZ',1);
INSERT INTO Parents(ParentName,StudentID,Income,SchoolAttended,NumChildren) VALUES ('Ely Dunn',131,362907,'Agimba',8);
INSERT INTO Parents(ParentName,StudentID,Income,SchoolAttended,NumChildren) VALUES ('Adey Mattheis',38,1016515,'Quinu',3);
INSERT INTO Parents(ParentName,StudentID,Income,SchoolAttended,NumChildren) VALUES ('Owen MacAne',134,1377693,'Plambee',4);
INSERT INTO Parents(ParentName,StudentID,Income,SchoolAttended,NumChildren) VALUES ('Judie McTrusty',321,143710,'Bluejam',9);
INSERT INTO Parents(ParentName,StudentID,Income,SchoolAttended,NumChildren) VALUES ('Alwin McCallister',72,1799866,'Yodel',5);
INSERT INTO Parents(ParentName,StudentID,Income,SchoolAttended,NumChildren) VALUES ('Pernell Spurway',274,1047333,'Gabtune',9);
INSERT INTO Parents(ParentName,StudentID,Income,SchoolAttended,NumChildren) VALUES ('Geno Wardhaugh',244,728346,'Realblab',5);
INSERT INTO Parents(ParentName,StudentID,Income,SchoolAttended,NumChildren) VALUES ('Walker Cowle',458,1714677,'Fliptune',4);
INSERT INTO Parents(ParentName,StudentID,Income,SchoolAttended,NumChildren) VALUES ('Inger Woolhouse',173,416470,'Minyx',2);
INSERT INTO Parents(ParentName,StudentID,Income,SchoolAttended,NumChildren) VALUES ('Graeme Celler',176,1210936,'Twimm',3);
INSERT INTO Parents(ParentName,StudentID,Income,SchoolAttended,NumChildren) VALUES ('Candice Grayston',357,156971,'Muxo',10);
INSERT INTO Parents(ParentName,StudentID,Income,SchoolAttended,NumChildren) VALUES ('Marthe Jovic',335,263426,'Avaveo',5);


DROP TABLE IF EXISTS StudentsFavoritedColleges;
CREATE TABLE StudentsFavoritedColleges(
   studentID INTEGER  NOT NULL
  ,collegeID INTEGER  NOT NULL
  ,PRIMARY KEY(studentID,collegeID)
);
INSERT INTO StudentsFavoritedColleges(studentID,collegeID) VALUES (294,122);
INSERT INTO StudentsFavoritedColleges(studentID,collegeID) VALUES (485,70);
INSERT INTO StudentsFavoritedColleges(studentID,collegeID) VALUES (236,148);
INSERT INTO StudentsFavoritedColleges(studentID,collegeID) VALUES (176,112);
INSERT INTO StudentsFavoritedColleges(studentID,collegeID) VALUES (439,37);
INSERT INTO StudentsFavoritedColleges(studentID,collegeID) VALUES (322,94);
INSERT INTO StudentsFavoritedColleges(studentID,collegeID) VALUES (207,111);
INSERT INTO StudentsFavoritedColleges(studentID,collegeID) VALUES (81,140);
INSERT INTO StudentsFavoritedColleges(studentID,collegeID) VALUES (232,87);
INSERT INTO StudentsFavoritedColleges(studentID,collegeID) VALUES (226,17);
INSERT INTO StudentsFavoritedColleges(studentID,collegeID) VALUES (202,103);
INSERT INTO StudentsFavoritedColleges(studentID,collegeID) VALUES (181,104);
INSERT INTO StudentsFavoritedColleges(studentID,collegeID) VALUES (452,139);
INSERT INTO StudentsFavoritedColleges(studentID,collegeID) VALUES (143,62);
INSERT INTO StudentsFavoritedColleges(studentID,collegeID) VALUES (299,142);
INSERT INTO StudentsFavoritedColleges(studentID,collegeID) VALUES (476,21);
INSERT INTO StudentsFavoritedColleges(studentID,collegeID) VALUES (326,143);
INSERT INTO StudentsFavoritedColleges(studentID,collegeID) VALUES (293,44);
INSERT INTO StudentsFavoritedColleges(studentID,collegeID) VALUES (403,115);
INSERT INTO StudentsFavoritedColleges(studentID,collegeID) VALUES (335,20);
INSERT INTO StudentsFavoritedColleges(studentID,collegeID) VALUES (151,134);
INSERT INTO StudentsFavoritedColleges(studentID,collegeID) VALUES (66,97);
INSERT INTO StudentsFavoritedColleges(studentID,collegeID) VALUES (175,83);
INSERT INTO StudentsFavoritedColleges(studentID,collegeID) VALUES (499,45);
INSERT INTO StudentsFavoritedColleges(studentID,collegeID) VALUES (63,9);
INSERT INTO StudentsFavoritedColleges(studentID,collegeID) VALUES (397,149);
INSERT INTO StudentsFavoritedColleges(studentID,collegeID) VALUES (384,127);
INSERT INTO StudentsFavoritedColleges(studentID,collegeID) VALUES (166,8);
INSERT INTO StudentsFavoritedColleges(studentID,collegeID) VALUES (115,48);
INSERT INTO StudentsFavoritedColleges(studentID,collegeID) VALUES (432,82);
INSERT INTO StudentsFavoritedColleges(studentID,collegeID) VALUES (2,1);
INSERT INTO StudentsFavoritedColleges(studentID,collegeID) VALUES (12,67);
INSERT INTO StudentsFavoritedColleges(studentID,collegeID) VALUES (24,41);
INSERT INTO StudentsFavoritedColleges(studentID,collegeID) VALUES (62,50);
INSERT INTO StudentsFavoritedColleges(studentID,collegeID) VALUES (441,23);
INSERT INTO StudentsFavoritedColleges(studentID,collegeID) VALUES (147,119);
INSERT INTO StudentsFavoritedColleges(studentID,collegeID) VALUES (369,32);
INSERT INTO StudentsFavoritedColleges(studentID,collegeID) VALUES (153,130);
INSERT INTO StudentsFavoritedColleges(studentID,collegeID) VALUES (373,80);
INSERT INTO StudentsFavoritedColleges(studentID,collegeID) VALUES (389,66);
INSERT INTO StudentsFavoritedColleges(studentID,collegeID) VALUES (203,125);
INSERT INTO StudentsFavoritedColleges(studentID,collegeID) VALUES (110,132);
INSERT INTO StudentsFavoritedColleges(studentID,collegeID) VALUES (413,34);
INSERT INTO StudentsFavoritedColleges(studentID,collegeID) VALUES (166,117);
INSERT INTO StudentsFavoritedColleges(studentID,collegeID) VALUES (195,140);
INSERT INTO StudentsFavoritedColleges(studentID,collegeID) VALUES (415,96);
INSERT INTO StudentsFavoritedColleges(studentID,collegeID) VALUES (256,50);
INSERT INTO StudentsFavoritedColleges(studentID,collegeID) VALUES (86,142);
INSERT INTO StudentsFavoritedColleges(studentID,collegeID) VALUES (211,87);
INSERT INTO StudentsFavoritedColleges(studentID,collegeID) VALUES (332,146);
INSERT INTO StudentsFavoritedColleges(studentID,collegeID) VALUES (267,107);
INSERT INTO StudentsFavoritedColleges(studentID,collegeID) VALUES (288,101);
INSERT INTO StudentsFavoritedColleges(studentID,collegeID) VALUES (227,118);
INSERT INTO StudentsFavoritedColleges(studentID,collegeID) VALUES (192,42);
INSERT INTO StudentsFavoritedColleges(studentID,collegeID) VALUES (342,56);
INSERT INTO StudentsFavoritedColleges(studentID,collegeID) VALUES (156,115);
INSERT INTO StudentsFavoritedColleges(studentID,collegeID) VALUES (131,55);
INSERT INTO StudentsFavoritedColleges(studentID,collegeID) VALUES (233,78);
INSERT INTO StudentsFavoritedColleges(studentID,collegeID) VALUES (235,90);
INSERT INTO StudentsFavoritedColleges(studentID,collegeID) VALUES (312,61);
INSERT INTO StudentsFavoritedColleges(studentID,collegeID) VALUES (364,141);
INSERT INTO StudentsFavoritedColleges(studentID,collegeID) VALUES (380,22);
INSERT INTO StudentsFavoritedColleges(studentID,collegeID) VALUES (396,119);
INSERT INTO StudentsFavoritedColleges(studentID,collegeID) VALUES (437,63);
INSERT INTO StudentsFavoritedColleges(studentID,collegeID) VALUES (294,8);
INSERT INTO StudentsFavoritedColleges(studentID,collegeID) VALUES (365,122);
INSERT INTO StudentsFavoritedColleges(studentID,collegeID) VALUES (49,43);
INSERT INTO StudentsFavoritedColleges(studentID,collegeID) VALUES (438,127);
INSERT INTO StudentsFavoritedColleges(studentID,collegeID) VALUES (257,114);
INSERT INTO StudentsFavoritedColleges(studentID,collegeID) VALUES (304,21);
INSERT INTO StudentsFavoritedColleges(studentID,collegeID) VALUES (489,51);
INSERT INTO StudentsFavoritedColleges(studentID,collegeID) VALUES (174,59);
INSERT INTO StudentsFavoritedColleges(studentID,collegeID) VALUES (243,18);
INSERT INTO StudentsFavoritedColleges(studentID,collegeID) VALUES (390,66);
INSERT INTO StudentsFavoritedColleges(studentID,collegeID) VALUES (362,149);
INSERT INTO StudentsFavoritedColleges(studentID,collegeID) VALUES (182,31);
INSERT INTO StudentsFavoritedColleges(studentID,collegeID) VALUES (311,144);
INSERT INTO StudentsFavoritedColleges(studentID,collegeID) VALUES (147,56);
INSERT INTO StudentsFavoritedColleges(studentID,collegeID) VALUES (442,29);
INSERT INTO StudentsFavoritedColleges(studentID,collegeID) VALUES (450,34);
INSERT INTO StudentsFavoritedColleges(studentID,collegeID) VALUES (430,137);
INSERT INTO StudentsFavoritedColleges(studentID,collegeID) VALUES (213,138);
INSERT INTO StudentsFavoritedColleges(studentID,collegeID) VALUES (367,41);
INSERT INTO StudentsFavoritedColleges(studentID,collegeID) VALUES (31,98);
INSERT INTO StudentsFavoritedColleges(studentID,collegeID) VALUES (38,33);
INSERT INTO StudentsFavoritedColleges(studentID,collegeID) VALUES (202,74);
INSERT INTO StudentsFavoritedColleges(studentID,collegeID) VALUES (176,123);
INSERT INTO StudentsFavoritedColleges(studentID,collegeID) VALUES (162,130);
INSERT INTO StudentsFavoritedColleges(studentID,collegeID) VALUES (98,116);
INSERT INTO StudentsFavoritedColleges(studentID,collegeID) VALUES (65,79);
INSERT INTO StudentsFavoritedColleges(studentID,collegeID) VALUES (323,43);
INSERT INTO StudentsFavoritedColleges(studentID,collegeID) VALUES (95,68);
INSERT INTO StudentsFavoritedColleges(studentID,collegeID) VALUES (432,129);
INSERT INTO StudentsFavoritedColleges(studentID,collegeID) VALUES (345,113);
INSERT INTO StudentsFavoritedColleges(studentID,collegeID) VALUES (188,131);
INSERT INTO StudentsFavoritedColleges(studentID,collegeID) VALUES (379,72);
INSERT INTO StudentsFavoritedColleges(studentID,collegeID) VALUES (483,110);
INSERT INTO StudentsFavoritedColleges(studentID,collegeID) VALUES (318,57);
INSERT INTO StudentsFavoritedColleges(studentID,collegeID) VALUES (222,63);
INSERT INTO StudentsFavoritedColleges(studentID,collegeID) VALUES (122,17);
INSERT INTO StudentsFavoritedColleges(studentID,collegeID) VALUES (474,117);
INSERT INTO StudentsFavoritedColleges(studentID,collegeID) VALUES (166,70);
INSERT INTO StudentsFavoritedColleges(studentID,collegeID) VALUES (366,24);
INSERT INTO StudentsFavoritedColleges(studentID,collegeID) VALUES (39,7);
INSERT INTO StudentsFavoritedColleges(studentID,collegeID) VALUES (282,51);
INSERT INTO StudentsFavoritedColleges(studentID,collegeID) VALUES (173,71);
INSERT INTO StudentsFavoritedColleges(studentID,collegeID) VALUES (473,86);
INSERT INTO StudentsFavoritedColleges(studentID,collegeID) VALUES (250,67);
INSERT INTO StudentsFavoritedColleges(studentID,collegeID) VALUES (285,122);
INSERT INTO StudentsFavoritedColleges(studentID,collegeID) VALUES (447,118);
INSERT INTO StudentsFavoritedColleges(studentID,collegeID) VALUES (475,68);
INSERT INTO StudentsFavoritedColleges(studentID,collegeID) VALUES (204,90);
INSERT INTO StudentsFavoritedColleges(studentID,collegeID) VALUES (304,109);
INSERT INTO StudentsFavoritedColleges(studentID,collegeID) VALUES (169,102);
INSERT INTO StudentsFavoritedColleges(studentID,collegeID) VALUES (227,3);
INSERT INTO StudentsFavoritedColleges(studentID,collegeID) VALUES (176,35);
INSERT INTO StudentsFavoritedColleges(studentID,collegeID) VALUES (381,126);
INSERT INTO StudentsFavoritedColleges(studentID,collegeID) VALUES (115,108);
INSERT INTO StudentsFavoritedColleges(studentID,collegeID) VALUES (280,21);
INSERT INTO StudentsFavoritedColleges(studentID,collegeID) VALUES (354,56);
INSERT INTO StudentsFavoritedColleges(studentID,collegeID) VALUES (296,64);
INSERT INTO StudentsFavoritedColleges(studentID,collegeID) VALUES (178,113);
INSERT INTO StudentsFavoritedColleges(studentID,collegeID) VALUES (433,39);
INSERT INTO StudentsFavoritedColleges(studentID,collegeID) VALUES (309,66);
INSERT INTO StudentsFavoritedColleges(studentID,collegeID) VALUES (94,100);
INSERT INTO StudentsFavoritedColleges(studentID,collegeID) VALUES (269,79);
INSERT INTO StudentsFavoritedColleges(studentID,collegeID) VALUES (98,13);
INSERT INTO StudentsFavoritedColleges(studentID,collegeID) VALUES (384,44);
INSERT INTO StudentsFavoritedColleges(studentID,collegeID) VALUES (141,103);
INSERT INTO StudentsFavoritedColleges(studentID,collegeID) VALUES (136,141);
INSERT INTO StudentsFavoritedColleges(studentID,collegeID) VALUES (166,25);
INSERT INTO StudentsFavoritedColleges(studentID,collegeID) VALUES (180,67);
INSERT INTO StudentsFavoritedColleges(studentID,collegeID) VALUES (168,53);
INSERT INTO StudentsFavoritedColleges(studentID,collegeID) VALUES (488,10);
INSERT INTO StudentsFavoritedColleges(studentID,collegeID) VALUES (447,106);
INSERT INTO StudentsFavoritedColleges(studentID,collegeID) VALUES (255,98);
INSERT INTO StudentsFavoritedColleges(studentID,collegeID) VALUES (61,32);
INSERT INTO StudentsFavoritedColleges(studentID,collegeID) VALUES (398,87);
INSERT INTO StudentsFavoritedColleges(studentID,collegeID) VALUES (338,74);
INSERT INTO StudentsFavoritedColleges(studentID,collegeID) VALUES (291,72);
INSERT INTO StudentsFavoritedColleges(studentID,collegeID) VALUES (20,134);
INSERT INTO StudentsFavoritedColleges(studentID,collegeID) VALUES (27,22);
INSERT INTO StudentsFavoritedColleges(studentID,collegeID) VALUES (34,62);
INSERT INTO StudentsFavoritedColleges(studentID,collegeID) VALUES (476,63);
INSERT INTO StudentsFavoritedColleges(studentID,collegeID) VALUES (126,142);
INSERT INTO StudentsFavoritedColleges(studentID,collegeID) VALUES (408,82);
INSERT INTO StudentsFavoritedColleges(studentID,collegeID) VALUES (420,34);
INSERT INTO StudentsFavoritedColleges(studentID,collegeID) VALUES (41,60);
INSERT INTO StudentsFavoritedColleges(studentID,collegeID) VALUES (427,102);
INSERT INTO StudentsFavoritedColleges(studentID,collegeID) VALUES (239,29);
INSERT INTO StudentsFavoritedColleges(studentID,collegeID) VALUES (21,36);
INSERT INTO StudentsFavoritedColleges(studentID,collegeID) VALUES (198,37);
INSERT INTO StudentsFavoritedColleges(studentID,collegeID) VALUES (498,108);
INSERT INTO StudentsFavoritedColleges(studentID,collegeID) VALUES (176,62);
INSERT INTO StudentsFavoritedColleges(studentID,collegeID) VALUES (91,104);
INSERT INTO StudentsFavoritedColleges(studentID,collegeID) VALUES (146,111);
INSERT INTO StudentsFavoritedColleges(studentID,collegeID) VALUES (79,76);
INSERT INTO StudentsFavoritedColleges(studentID,collegeID) VALUES (379,15);
INSERT INTO StudentsFavoritedColleges(studentID,collegeID) VALUES (154,84);
INSERT INTO StudentsFavoritedColleges(studentID,collegeID) VALUES (224,33);
INSERT INTO StudentsFavoritedColleges(studentID,collegeID) VALUES (341,72);
INSERT INTO StudentsFavoritedColleges(studentID,collegeID) VALUES (194,32);
INSERT INTO StudentsFavoritedColleges(studentID,collegeID) VALUES (252,43);
INSERT INTO StudentsFavoritedColleges(studentID,collegeID) VALUES (377,5);
INSERT INTO StudentsFavoritedColleges(studentID,collegeID) VALUES (215,127);
INSERT INTO StudentsFavoritedColleges(studentID,collegeID) VALUES (241,42);
INSERT INTO StudentsFavoritedColleges(studentID,collegeID) VALUES (303,74);
INSERT INTO StudentsFavoritedColleges(studentID,collegeID) VALUES (50,20);
INSERT INTO StudentsFavoritedColleges(studentID,collegeID) VALUES (193,133);
INSERT INTO StudentsFavoritedColleges(studentID,collegeID) VALUES (340,113);
INSERT INTO StudentsFavoritedColleges(studentID,collegeID) VALUES (27,120);
INSERT INTO StudentsFavoritedColleges(studentID,collegeID) VALUES (280,148);
INSERT INTO StudentsFavoritedColleges(studentID,collegeID) VALUES (9,109);
INSERT INTO StudentsFavoritedColleges(studentID,collegeID) VALUES (140,55);
INSERT INTO StudentsFavoritedColleges(studentID,collegeID) VALUES (64,73);
INSERT INTO StudentsFavoritedColleges(studentID,collegeID) VALUES (184,106);
INSERT INTO StudentsFavoritedColleges(studentID,collegeID) VALUES (268,19);
INSERT INTO StudentsFavoritedColleges(studentID,collegeID) VALUES (483,138);
INSERT INTO StudentsFavoritedColleges(studentID,collegeID) VALUES (13,146);
INSERT INTO StudentsFavoritedColleges(studentID,collegeID) VALUES (46,134);
INSERT INTO StudentsFavoritedColleges(studentID,collegeID) VALUES (458,47);
INSERT INTO StudentsFavoritedColleges(studentID,collegeID) VALUES (302,17);
INSERT INTO StudentsFavoritedColleges(studentID,collegeID) VALUES (485,105);
INSERT INTO StudentsFavoritedColleges(studentID,collegeID) VALUES (11,96);
INSERT INTO StudentsFavoritedColleges(studentID,collegeID) VALUES (418,136);
INSERT INTO StudentsFavoritedColleges(studentID,collegeID) VALUES (126,52);
INSERT INTO StudentsFavoritedColleges(studentID,collegeID) VALUES (138,47);
INSERT INTO StudentsFavoritedColleges(studentID,collegeID) VALUES (420,30);
INSERT INTO StudentsFavoritedColleges(studentID,collegeID) VALUES (56,3);
INSERT INTO StudentsFavoritedColleges(studentID,collegeID) VALUES (475,12);
INSERT INTO StudentsFavoritedColleges(studentID,collegeID) VALUES (57,106);
INSERT INTO StudentsFavoritedColleges(studentID,collegeID) VALUES (491,63);
INSERT INTO StudentsFavoritedColleges(studentID,collegeID) VALUES (215,18);
INSERT INTO StudentsFavoritedColleges(studentID,collegeID) VALUES (331,113);
INSERT INTO StudentsFavoritedColleges(studentID,collegeID) VALUES (495,141);
INSERT INTO StudentsFavoritedColleges(studentID,collegeID) VALUES (284,44);
INSERT INTO StudentsFavoritedColleges(studentID,collegeID) VALUES (303,10);
INSERT INTO StudentsFavoritedColleges(studentID,collegeID) VALUES (102,99);
INSERT INTO StudentsFavoritedColleges(studentID,collegeID) VALUES (305,110);
INSERT INTO StudentsFavoritedColleges(studentID,collegeID) VALUES (216,9);
INSERT INTO StudentsFavoritedColleges(studentID,collegeID) VALUES (314,74);
INSERT INTO StudentsFavoritedColleges(studentID,collegeID) VALUES (293,24);
INSERT INTO StudentsFavoritedColleges(studentID,collegeID) VALUES (372,128);
INSERT INTO StudentsFavoritedColleges(studentID,collegeID) VALUES (289,67);
INSERT INTO StudentsFavoritedColleges(studentID,collegeID) VALUES (204,38);
INSERT INTO StudentsFavoritedColleges(studentID,collegeID) VALUES (281,75);
INSERT INTO StudentsFavoritedColleges(studentID,collegeID) VALUES (180,82);
INSERT INTO StudentsFavoritedColleges(studentID,collegeID) VALUES (105,46);
INSERT INTO StudentsFavoritedColleges(studentID,collegeID) VALUES (139,107);
INSERT INTO StudentsFavoritedColleges(studentID,collegeID) VALUES (298,148);
INSERT INTO StudentsFavoritedColleges(studentID,collegeID) VALUES (108,149);
INSERT INTO StudentsFavoritedColleges(studentID,collegeID) VALUES (186,36);
INSERT INTO StudentsFavoritedColleges(studentID,collegeID) VALUES (135,84);
INSERT INTO StudentsFavoritedColleges(studentID,collegeID) VALUES (16,116);
INSERT INTO StudentsFavoritedColleges(studentID,collegeID) VALUES (384,43);
INSERT INTO StudentsFavoritedColleges(studentID,collegeID) VALUES (222,17);
INSERT INTO StudentsFavoritedColleges(studentID,collegeID) VALUES (133,81);
INSERT INTO StudentsFavoritedColleges(studentID,collegeID) VALUES (423,54);
INSERT INTO StudentsFavoritedColleges(studentID,collegeID) VALUES (158,29);
INSERT INTO StudentsFavoritedColleges(studentID,collegeID) VALUES (316,20);
INSERT INTO StudentsFavoritedColleges(studentID,collegeID) VALUES (494,27);
INSERT INTO StudentsFavoritedColleges(studentID,collegeID) VALUES (200,22);
INSERT INTO StudentsFavoritedColleges(studentID,collegeID) VALUES (96,34);
INSERT INTO StudentsFavoritedColleges(studentID,collegeID) VALUES (20,142);
INSERT INTO StudentsFavoritedColleges(studentID,collegeID) VALUES (353,50);
INSERT INTO StudentsFavoritedColleges(studentID,collegeID) VALUES (14,31);
INSERT INTO StudentsFavoritedColleges(studentID,collegeID) VALUES (32,110);
INSERT INTO StudentsFavoritedColleges(studentID,collegeID) VALUES (86,100);
INSERT INTO StudentsFavoritedColleges(studentID,collegeID) VALUES (10,57);
INSERT INTO StudentsFavoritedColleges(studentID,collegeID) VALUES (111,126);
INSERT INTO StudentsFavoritedColleges(studentID,collegeID) VALUES (180,41);
INSERT INTO StudentsFavoritedColleges(studentID,collegeID) VALUES (494,82);
INSERT INTO StudentsFavoritedColleges(studentID,collegeID) VALUES (493,62);
INSERT INTO StudentsFavoritedColleges(studentID,collegeID) VALUES (255,122);
INSERT INTO StudentsFavoritedColleges(studentID,collegeID) VALUES (84,131);
INSERT INTO StudentsFavoritedColleges(studentID,collegeID) VALUES (132,55);
INSERT INTO StudentsFavoritedColleges(studentID,collegeID) VALUES (273,104);
INSERT INTO StudentsFavoritedColleges(studentID,collegeID) VALUES (400,138);
INSERT INTO StudentsFavoritedColleges(studentID,collegeID) VALUES (402,25);
INSERT INTO StudentsFavoritedColleges(studentID,collegeID) VALUES (471,54);
INSERT INTO StudentsFavoritedColleges(studentID,collegeID) VALUES (458,35);
INSERT INTO StudentsFavoritedColleges(studentID,collegeID) VALUES (483,116);
INSERT INTO StudentsFavoritedColleges(studentID,collegeID) VALUES (409,137);
INSERT INTO StudentsFavoritedColleges(studentID,collegeID) VALUES (383,88);
INSERT INTO StudentsFavoritedColleges(studentID,collegeID) VALUES (68,96);
INSERT INTO StudentsFavoritedColleges(studentID,collegeID) VALUES (405,145);
INSERT INTO StudentsFavoritedColleges(studentID,collegeID) VALUES (351,10);
INSERT INTO StudentsFavoritedColleges(studentID,collegeID) VALUES (452,53);
INSERT INTO StudentsFavoritedColleges(studentID,collegeID) VALUES (450,56);
INSERT INTO StudentsFavoritedColleges(studentID,collegeID) VALUES (222,81);
INSERT INTO StudentsFavoritedColleges(studentID,collegeID) VALUES (448,80);
INSERT INTO StudentsFavoritedColleges(studentID,collegeID) VALUES (92,29);
INSERT INTO StudentsFavoritedColleges(studentID,collegeID) VALUES (470,98);
INSERT INTO StudentsFavoritedColleges(studentID,collegeID) VALUES (166,33);
INSERT INTO StudentsFavoritedColleges(studentID,collegeID) VALUES (298,8);
INSERT INTO StudentsFavoritedColleges(studentID,collegeID) VALUES (355,67);
INSERT INTO StudentsFavoritedColleges(studentID,collegeID) VALUES (275,121);
INSERT INTO StudentsFavoritedColleges(studentID,collegeID) VALUES (376,18);
INSERT INTO StudentsFavoritedColleges(studentID,collegeID) VALUES (212,16);
INSERT INTO StudentsFavoritedColleges(studentID,collegeID) VALUES (335,7);
INSERT INTO StudentsFavoritedColleges(studentID,collegeID) VALUES (268,81);
INSERT INTO StudentsFavoritedColleges(studentID,collegeID) VALUES (111,50);
INSERT INTO StudentsFavoritedColleges(studentID,collegeID) VALUES (240,116);
INSERT INTO StudentsFavoritedColleges(studentID,collegeID) VALUES (206,103);
INSERT INTO StudentsFavoritedColleges(studentID,collegeID) VALUES (250,109);
INSERT INTO StudentsFavoritedColleges(studentID,collegeID) VALUES (410,88);
INSERT INTO StudentsFavoritedColleges(studentID,collegeID) VALUES (398,57);
INSERT INTO StudentsFavoritedColleges(studentID,collegeID) VALUES (213,25);
INSERT INTO StudentsFavoritedColleges(studentID,collegeID) VALUES (52,101);
INSERT INTO StudentsFavoritedColleges(studentID,collegeID) VALUES (360,70);
INSERT INTO StudentsFavoritedColleges(studentID,collegeID) VALUES (131,61);
INSERT INTO StudentsFavoritedColleges(studentID,collegeID) VALUES (228,95);
INSERT INTO StudentsFavoritedColleges(studentID,collegeID) VALUES (252,63);
INSERT INTO StudentsFavoritedColleges(studentID,collegeID) VALUES (274,48);
INSERT INTO StudentsFavoritedColleges(studentID,collegeID) VALUES (389,107);
INSERT INTO StudentsFavoritedColleges(studentID,collegeID) VALUES (108,150);
INSERT INTO StudentsFavoritedColleges(studentID,collegeID) VALUES (277,4);
INSERT INTO StudentsFavoritedColleges(studentID,collegeID) VALUES (337,26);
INSERT INTO StudentsFavoritedColleges(studentID,collegeID) VALUES (169,75);
INSERT INTO StudentsFavoritedColleges(studentID,collegeID) VALUES (163,5);
INSERT INTO StudentsFavoritedColleges(studentID,collegeID) VALUES (62,131);
INSERT INTO StudentsFavoritedColleges(studentID,collegeID) VALUES (413,53);
INSERT INTO StudentsFavoritedColleges(studentID,collegeID) VALUES (314,39);
INSERT INTO StudentsFavoritedColleges(studentID,collegeID) VALUES (423,99);
INSERT INTO StudentsFavoritedColleges(studentID,collegeID) VALUES (370,93);
INSERT INTO StudentsFavoritedColleges(studentID,collegeID) VALUES (149,128);
INSERT INTO StudentsFavoritedColleges(studentID,collegeID) VALUES (110,102);
INSERT INTO StudentsFavoritedColleges(studentID,collegeID) VALUES (37,29);
INSERT INTO StudentsFavoritedColleges(studentID,collegeID) VALUES (327,118);
INSERT INTO StudentsFavoritedColleges(studentID,collegeID) VALUES (449,47);
INSERT INTO StudentsFavoritedColleges(studentID,collegeID) VALUES (435,83);
INSERT INTO StudentsFavoritedColleges(studentID,collegeID) VALUES (305,80);
INSERT INTO StudentsFavoritedColleges(studentID,collegeID) VALUES (405,82);
INSERT INTO StudentsFavoritedColleges(studentID,collegeID) VALUES (403,38);
INSERT INTO StudentsFavoritedColleges(studentID,collegeID) VALUES (295,133);
INSERT INTO StudentsFavoritedColleges(studentID,collegeID) VALUES (372,38);
INSERT INTO StudentsFavoritedColleges(studentID,collegeID) VALUES (480,47);
INSERT INTO StudentsFavoritedColleges(studentID,collegeID) VALUES (241,54);
INSERT INTO StudentsFavoritedColleges(studentID,collegeID) VALUES (289,70);
INSERT INTO StudentsFavoritedColleges(studentID,collegeID) VALUES (358,79);
INSERT INTO StudentsFavoritedColleges(studentID,collegeID) VALUES (100,107);
INSERT INTO StudentsFavoritedColleges(studentID,collegeID) VALUES (172,80);
INSERT INTO StudentsFavoritedColleges(studentID,collegeID) VALUES (369,93);
INSERT INTO StudentsFavoritedColleges(studentID,collegeID) VALUES (46,66);
INSERT INTO StudentsFavoritedColleges(studentID,collegeID) VALUES (24,146);
INSERT INTO StudentsFavoritedColleges(studentID,collegeID) VALUES (91,76);
INSERT INTO StudentsFavoritedColleges(studentID,collegeID) VALUES (281,32);
INSERT INTO StudentsFavoritedColleges(studentID,collegeID) VALUES (182,87);
INSERT INTO StudentsFavoritedColleges(studentID,collegeID) VALUES (429,78);
INSERT INTO StudentsFavoritedColleges(studentID,collegeID) VALUES (76,88);
INSERT INTO StudentsFavoritedColleges(studentID,collegeID) VALUES (14,55);
INSERT INTO StudentsFavoritedColleges(studentID,collegeID) VALUES (310,9);
INSERT INTO StudentsFavoritedColleges(studentID,collegeID) VALUES (490,108);
INSERT INTO StudentsFavoritedColleges(studentID,collegeID) VALUES (51,123);
INSERT INTO StudentsFavoritedColleges(studentID,collegeID) VALUES (441,12);
INSERT INTO StudentsFavoritedColleges(studentID,collegeID) VALUES (266,89);
INSERT INTO StudentsFavoritedColleges(studentID,collegeID) VALUES (35,43);
INSERT INTO StudentsFavoritedColleges(studentID,collegeID) VALUES (102,98);
INSERT INTO StudentsFavoritedColleges(studentID,collegeID) VALUES (143,147);
INSERT INTO StudentsFavoritedColleges(studentID,collegeID) VALUES (348,51);
INSERT INTO StudentsFavoritedColleges(studentID,collegeID) VALUES (73,94);
INSERT INTO StudentsFavoritedColleges(studentID,collegeID) VALUES (22,136);
INSERT INTO StudentsFavoritedColleges(studentID,collegeID) VALUES (30,17);
INSERT INTO StudentsFavoritedColleges(studentID,collegeID) VALUES (99,61);
INSERT INTO StudentsFavoritedColleges(studentID,collegeID) VALUES (312,62);
INSERT INTO StudentsFavoritedColleges(studentID,collegeID) VALUES (26,58);
INSERT INTO StudentsFavoritedColleges(studentID,collegeID) VALUES (63,129);
INSERT INTO StudentsFavoritedColleges(studentID,collegeID) VALUES (152,148);
INSERT INTO StudentsFavoritedColleges(studentID,collegeID) VALUES (474,7);
INSERT INTO StudentsFavoritedColleges(studentID,collegeID) VALUES (363,97);
INSERT INTO StudentsFavoritedColleges(studentID,collegeID) VALUES (433,18);
INSERT INTO StudentsFavoritedColleges(studentID,collegeID) VALUES (396,16);
INSERT INTO StudentsFavoritedColleges(studentID,collegeID) VALUES (148,75);
INSERT INTO StudentsFavoritedColleges(studentID,collegeID) VALUES (206,78);
INSERT INTO StudentsFavoritedColleges(studentID,collegeID) VALUES (393,87);
INSERT INTO StudentsFavoritedColleges(studentID,collegeID) VALUES (443,12);
INSERT INTO StudentsFavoritedColleges(studentID,collegeID) VALUES (234,135);
INSERT INTO StudentsFavoritedColleges(studentID,collegeID) VALUES (243,85);
INSERT INTO StudentsFavoritedColleges(studentID,collegeID) VALUES (253,69);
INSERT INTO StudentsFavoritedColleges(studentID,collegeID) VALUES (36,60);
INSERT INTO StudentsFavoritedColleges(studentID,collegeID) VALUES (12,86);
INSERT INTO StudentsFavoritedColleges(studentID,collegeID) VALUES (336,36);
INSERT INTO StudentsFavoritedColleges(studentID,collegeID) VALUES (27,131);
INSERT INTO StudentsFavoritedColleges(studentID,collegeID) VALUES (483,34);
INSERT INTO StudentsFavoritedColleges(studentID,collegeID) VALUES (67,14);
INSERT INTO StudentsFavoritedColleges(studentID,collegeID) VALUES (291,28);
INSERT INTO StudentsFavoritedColleges(studentID,collegeID) VALUES (96,73);
INSERT INTO StudentsFavoritedColleges(studentID,collegeID) VALUES (160,37);
INSERT INTO StudentsFavoritedColleges(studentID,collegeID) VALUES (475,106);
INSERT INTO StudentsFavoritedColleges(studentID,collegeID) VALUES (26,89);
INSERT INTO StudentsFavoritedColleges(studentID,collegeID) VALUES (97,95);
INSERT INTO StudentsFavoritedColleges(studentID,collegeID) VALUES (351,116);
INSERT INTO StudentsFavoritedColleges(studentID,collegeID) VALUES (113,148);
INSERT INTO StudentsFavoritedColleges(studentID,collegeID) VALUES (257,46);
INSERT INTO StudentsFavoritedColleges(studentID,collegeID) VALUES (372,26);
INSERT INTO StudentsFavoritedColleges(studentID,collegeID) VALUES (472,123);
INSERT INTO StudentsFavoritedColleges(studentID,collegeID) VALUES (2,110);
INSERT INTO StudentsFavoritedColleges(studentID,collegeID) VALUES (304,42);
INSERT INTO StudentsFavoritedColleges(studentID,collegeID) VALUES (396,107);
INSERT INTO StudentsFavoritedColleges(studentID,collegeID) VALUES (248,16);
INSERT INTO StudentsFavoritedColleges(studentID,collegeID) VALUES (480,90);
INSERT INTO StudentsFavoritedColleges(studentID,collegeID) VALUES (128,146);
INSERT INTO StudentsFavoritedColleges(studentID,collegeID) VALUES (200,143);
INSERT INTO StudentsFavoritedColleges(studentID,collegeID) VALUES (130,83);
INSERT INTO StudentsFavoritedColleges(studentID,collegeID) VALUES (330,49);
INSERT INTO StudentsFavoritedColleges(studentID,collegeID) VALUES (431,6);
INSERT INTO StudentsFavoritedColleges(studentID,collegeID) VALUES (274,109);
INSERT INTO StudentsFavoritedColleges(studentID,collegeID) VALUES (195,63);
INSERT INTO StudentsFavoritedColleges(studentID,collegeID) VALUES (167,138);
INSERT INTO StudentsFavoritedColleges(studentID,collegeID) VALUES (305,97);
INSERT INTO StudentsFavoritedColleges(studentID,collegeID) VALUES (57,112);
INSERT INTO StudentsFavoritedColleges(studentID,collegeID) VALUES (171,59);
INSERT INTO StudentsFavoritedColleges(studentID,collegeID) VALUES (66,136);
INSERT INTO StudentsFavoritedColleges(studentID,collegeID) VALUES (198,145);
INSERT INTO StudentsFavoritedColleges(studentID,collegeID) VALUES (131,12);
INSERT INTO StudentsFavoritedColleges(studentID,collegeID) VALUES (494,26);
INSERT INTO StudentsFavoritedColleges(studentID,collegeID) VALUES (243,42);
INSERT INTO StudentsFavoritedColleges(studentID,collegeID) VALUES (411,79);
INSERT INTO StudentsFavoritedColleges(studentID,collegeID) VALUES (189,139);
INSERT INTO StudentsFavoritedColleges(studentID,collegeID) VALUES (192,25);
INSERT INTO StudentsFavoritedColleges(studentID,collegeID) VALUES (383,38);
INSERT INTO StudentsFavoritedColleges(studentID,collegeID) VALUES (299,8);
INSERT INTO StudentsFavoritedColleges(studentID,collegeID) VALUES (194,10);
INSERT INTO StudentsFavoritedColleges(studentID,collegeID) VALUES (6,21);
INSERT INTO StudentsFavoritedColleges(studentID,collegeID) VALUES (409,116);
INSERT INTO StudentsFavoritedColleges(studentID,collegeID) VALUES (12,69);
INSERT INTO StudentsFavoritedColleges(studentID,collegeID) VALUES (267,134);
INSERT INTO StudentsFavoritedColleges(studentID,collegeID) VALUES (289,57);
INSERT INTO StudentsFavoritedColleges(studentID,collegeID) VALUES (368,2);
INSERT INTO StudentsFavoritedColleges(studentID,collegeID) VALUES (341,40);
INSERT INTO StudentsFavoritedColleges(studentID,collegeID) VALUES (273,27);
INSERT INTO StudentsFavoritedColleges(studentID,collegeID) VALUES (95,146);
INSERT INTO StudentsFavoritedColleges(studentID,collegeID) VALUES (264,46);
INSERT INTO StudentsFavoritedColleges(studentID,collegeID) VALUES (490,74);
INSERT INTO StudentsFavoritedColleges(studentID,collegeID) VALUES (345,49);
INSERT INTO StudentsFavoritedColleges(studentID,collegeID) VALUES (24,35);
INSERT INTO StudentsFavoritedColleges(studentID,collegeID) VALUES (148,61);
INSERT INTO StudentsFavoritedColleges(studentID,collegeID) VALUES (277,109);
INSERT INTO StudentsFavoritedColleges(studentID,collegeID) VALUES (7,66);
INSERT INTO StudentsFavoritedColleges(studentID,collegeID) VALUES (140,102);
INSERT INTO StudentsFavoritedColleges(studentID,collegeID) VALUES (69,106);
INSERT INTO StudentsFavoritedColleges(studentID,collegeID) VALUES (157,98);
INSERT INTO StudentsFavoritedColleges(studentID,collegeID) VALUES (51,5);
INSERT INTO StudentsFavoritedColleges(studentID,collegeID) VALUES (402,76);
INSERT INTO StudentsFavoritedColleges(studentID,collegeID) VALUES (233,125);
INSERT INTO StudentsFavoritedColleges(studentID,collegeID) VALUES (375,120);
INSERT INTO StudentsFavoritedColleges(studentID,collegeID) VALUES (49,72);
INSERT INTO StudentsFavoritedColleges(studentID,collegeID) VALUES (163,31);
INSERT INTO StudentsFavoritedColleges(studentID,collegeID) VALUES (490,30);
INSERT INTO StudentsFavoritedColleges(studentID,collegeID) VALUES (402,132);
INSERT INTO StudentsFavoritedColleges(studentID,collegeID) VALUES (248,143);
INSERT INTO StudentsFavoritedColleges(studentID,collegeID) VALUES (37,17);
INSERT INTO StudentsFavoritedColleges(studentID,collegeID) VALUES (220,103);
INSERT INTO StudentsFavoritedColleges(studentID,collegeID) VALUES (273,42);
INSERT INTO StudentsFavoritedColleges(studentID,collegeID) VALUES (189,104);
INSERT INTO StudentsFavoritedColleges(studentID,collegeID) VALUES (2,95);
INSERT INTO StudentsFavoritedColleges(studentID,collegeID) VALUES (433,111);
INSERT INTO StudentsFavoritedColleges(studentID,collegeID) VALUES (417,40);
INSERT INTO StudentsFavoritedColleges(studentID,collegeID) VALUES (57,150);
INSERT INTO StudentsFavoritedColleges(studentID,collegeID) VALUES (227,79);
INSERT INTO StudentsFavoritedColleges(studentID,collegeID) VALUES (31,149);
INSERT INTO StudentsFavoritedColleges(studentID,collegeID) VALUES (460,78);
INSERT INTO StudentsFavoritedColleges(studentID,collegeID) VALUES (318,61);
INSERT INTO StudentsFavoritedColleges(studentID,collegeID) VALUES (86,129);
INSERT INTO StudentsFavoritedColleges(studentID,collegeID) VALUES (127,112);
INSERT INTO StudentsFavoritedColleges(studentID,collegeID) VALUES (296,1);
INSERT INTO StudentsFavoritedColleges(studentID,collegeID) VALUES (436,133);
INSERT INTO StudentsFavoritedColleges(studentID,collegeID) VALUES (409,44);
INSERT INTO StudentsFavoritedColleges(studentID,collegeID) VALUES (308,76);
INSERT INTO StudentsFavoritedColleges(studentID,collegeID) VALUES (316,8);
INSERT INTO StudentsFavoritedColleges(studentID,collegeID) VALUES (292,145);
INSERT INTO StudentsFavoritedColleges(studentID,collegeID) VALUES (244,101);
INSERT INTO StudentsFavoritedColleges(studentID,collegeID) VALUES (303,59);
INSERT INTO StudentsFavoritedColleges(studentID,collegeID) VALUES (195,48);
INSERT INTO StudentsFavoritedColleges(studentID,collegeID) VALUES (44,27);
INSERT INTO StudentsFavoritedColleges(studentID,collegeID) VALUES (253,25);
INSERT INTO StudentsFavoritedColleges(studentID,collegeID) VALUES (480,68);
INSERT INTO StudentsFavoritedColleges(studentID,collegeID) VALUES (392,130);
INSERT INTO StudentsFavoritedColleges(studentID,collegeID) VALUES (478,74);
INSERT INTO StudentsFavoritedColleges(studentID,collegeID) VALUES (373,47);
INSERT INTO StudentsFavoritedColleges(studentID,collegeID) VALUES (345,90);
INSERT INTO StudentsFavoritedColleges(studentID,collegeID) VALUES (407,33);
INSERT INTO StudentsFavoritedColleges(studentID,collegeID) VALUES (397,99);
INSERT INTO StudentsFavoritedColleges(studentID,collegeID) VALUES (305,93);
INSERT INTO StudentsFavoritedColleges(studentID,collegeID) VALUES (70,98);
INSERT INTO StudentsFavoritedColleges(studentID,collegeID) VALUES (126,78);
INSERT INTO StudentsFavoritedColleges(studentID,collegeID) VALUES (102,146);
INSERT INTO StudentsFavoritedColleges(studentID,collegeID) VALUES (21,121);
INSERT INTO StudentsFavoritedColleges(studentID,collegeID) VALUES (368,89);
INSERT INTO StudentsFavoritedColleges(studentID,collegeID) VALUES (121,27);
INSERT INTO StudentsFavoritedColleges(studentID,collegeID) VALUES (373,39);
INSERT INTO StudentsFavoritedColleges(studentID,collegeID) VALUES (263,45);
INSERT INTO StudentsFavoritedColleges(studentID,collegeID) VALUES (25,141);
INSERT INTO StudentsFavoritedColleges(studentID,collegeID) VALUES (39,105);
INSERT INTO StudentsFavoritedColleges(studentID,collegeID) VALUES (68,124);
INSERT INTO StudentsFavoritedColleges(studentID,collegeID) VALUES (165,57);
INSERT INTO StudentsFavoritedColleges(studentID,collegeID) VALUES (401,36);
INSERT INTO StudentsFavoritedColleges(studentID,collegeID) VALUES (398,81);
INSERT INTO StudentsFavoritedColleges(studentID,collegeID) VALUES (162,13);
INSERT INTO StudentsFavoritedColleges(studentID,collegeID) VALUES (451,76);
INSERT INTO StudentsFavoritedColleges(studentID,collegeID) VALUES (176,127);
INSERT INTO StudentsFavoritedColleges(studentID,collegeID) VALUES (294,25);
INSERT INTO StudentsFavoritedColleges(studentID,collegeID) VALUES (133,97);
INSERT INTO StudentsFavoritedColleges(studentID,collegeID) VALUES (462,94);
INSERT INTO StudentsFavoritedColleges(studentID,collegeID) VALUES (27,136);
INSERT INTO StudentsFavoritedColleges(studentID,collegeID) VALUES (19,85);
INSERT INTO StudentsFavoritedColleges(studentID,collegeID) VALUES (295,113);
INSERT INTO StudentsFavoritedColleges(studentID,collegeID) VALUES (248,1);
INSERT INTO StudentsFavoritedColleges(studentID,collegeID) VALUES (411,110);
INSERT INTO StudentsFavoritedColleges(studentID,collegeID) VALUES (57,134);
INSERT INTO StudentsFavoritedColleges(studentID,collegeID) VALUES (341,18);
INSERT INTO StudentsFavoritedColleges(studentID,collegeID) VALUES (72,2);
INSERT INTO StudentsFavoritedColleges(studentID,collegeID) VALUES (441,3);
INSERT INTO StudentsFavoritedColleges(studentID,collegeID) VALUES (190,49);
INSERT INTO StudentsFavoritedColleges(studentID,collegeID) VALUES (468,29);
INSERT INTO StudentsFavoritedColleges(studentID,collegeID) VALUES (426,15);
INSERT INTO StudentsFavoritedColleges(studentID,collegeID) VALUES (113,59);
INSERT INTO StudentsFavoritedColleges(studentID,collegeID) VALUES (274,119);
INSERT INTO StudentsFavoritedColleges(studentID,collegeID) VALUES (272,150);
INSERT INTO StudentsFavoritedColleges(studentID,collegeID) VALUES (25,69);
INSERT INTO StudentsFavoritedColleges(studentID,collegeID) VALUES (203,139);
INSERT INTO StudentsFavoritedColleges(studentID,collegeID) VALUES (336,76);
INSERT INTO StudentsFavoritedColleges(studentID,collegeID) VALUES (26,7);
INSERT INTO StudentsFavoritedColleges(studentID,collegeID) VALUES (77,101);
INSERT INTO StudentsFavoritedColleges(studentID,collegeID) VALUES (168,92);
INSERT INTO StudentsFavoritedColleges(studentID,collegeID) VALUES (436,16);
INSERT INTO StudentsFavoritedColleges(studentID,collegeID) VALUES (48,22);
INSERT INTO StudentsFavoritedColleges(studentID,collegeID) VALUES (251,147);
INSERT INTO StudentsFavoritedColleges(studentID,collegeID) VALUES (437,62);
INSERT INTO StudentsFavoritedColleges(studentID,collegeID) VALUES (264,38);
INSERT INTO StudentsFavoritedColleges(studentID,collegeID) VALUES (255,120);
INSERT INTO StudentsFavoritedColleges(studentID,collegeID) VALUES (357,13);
INSERT INTO StudentsFavoritedColleges(studentID,collegeID) VALUES (134,17);
INSERT INTO StudentsFavoritedColleges(studentID,collegeID) VALUES (299,52);
INSERT INTO StudentsFavoritedColleges(studentID,collegeID) VALUES (111,33);
INSERT INTO StudentsFavoritedColleges(studentID,collegeID) VALUES (179,132);
INSERT INTO StudentsFavoritedColleges(studentID,collegeID) VALUES (158,88);
INSERT INTO StudentsFavoritedColleges(studentID,collegeID) VALUES (407,115);
INSERT INTO StudentsFavoritedColleges(studentID,collegeID) VALUES (214,55);
INSERT INTO StudentsFavoritedColleges(studentID,collegeID) VALUES (209,49);
INSERT INTO StudentsFavoritedColleges(studentID,collegeID) VALUES (43,122);




DROP TABLE IF EXISTS AlumniChats;
CREATE TABLE AlumniChats(
   StudentID   INTEGER  NOT NULL
  ,AlumniID    INTEGER  NOT NULL
  ,CounselorID INTEGER  NOT NULL
  ,AlumniName  VARCHAR(21) NOT NULL
  ,AlumniEmail VARCHAR(31) NOT NULL
  ,PRIMARY KEY(StudentID,AlumniID)
);
INSERT INTO AlumniChats(StudentID,AlumniID,CounselorID,AlumniName,AlumniEmail) VALUES (356,1,22,'Nicola Mattiato','nmattiato0@ca.gov');
INSERT INTO AlumniChats(StudentID,AlumniID,CounselorID,AlumniName,AlumniEmail) VALUES (117,2,11,'Bank Souster','bsouster1@loc.gov');
INSERT INTO AlumniChats(StudentID,AlumniID,CounselorID,AlumniName,AlumniEmail) VALUES (285,3,16,'Winny Goodnow','wgoodnow2@uiuc.edu');
INSERT INTO AlumniChats(StudentID,AlumniID,CounselorID,AlumniName,AlumniEmail) VALUES (84,4,28,'Lodovico Trubshawe','ltrubshawe3@time.com');
INSERT INTO AlumniChats(StudentID,AlumniID,CounselorID,AlumniName,AlumniEmail) VALUES (343,5,14,'Candis Baggiani','cbaggiani4@jugem.jp');
INSERT INTO AlumniChats(StudentID,AlumniID,CounselorID,AlumniName,AlumniEmail) VALUES (384,6,41,'Joete Bowcock','jbowcock5@constantcontact.com');
INSERT INTO AlumniChats(StudentID,AlumniID,CounselorID,AlumniName,AlumniEmail) VALUES (314,7,33,'Electra Ashe','eashe6@theguardian.com');
INSERT INTO AlumniChats(StudentID,AlumniID,CounselorID,AlumniName,AlumniEmail) VALUES (215,8,49,'Shoshana Furber','sfurber7@tinypic.com');
INSERT INTO AlumniChats(StudentID,AlumniID,CounselorID,AlumniName,AlumniEmail) VALUES (307,9,14,'Filberte Tomney','ftomney8@bing.com');
INSERT INTO AlumniChats(StudentID,AlumniID,CounselorID,AlumniName,AlumniEmail) VALUES (381,10,44,'Jocelin Bratty','jbratty9@jalbum.net');
INSERT INTO AlumniChats(StudentID,AlumniID,CounselorID,AlumniName,AlumniEmail) VALUES (474,11,8,'Priscilla Ryde','prydea@virginia.edu');
INSERT INTO AlumniChats(StudentID,AlumniID,CounselorID,AlumniName,AlumniEmail) VALUES (353,12,5,'Palmer Banyard','pbanyardb@t-online.de');
INSERT INTO AlumniChats(StudentID,AlumniID,CounselorID,AlumniName,AlumniEmail) VALUES (9,13,35,'Roxy Gallahue','rgallahuec@ft.com');
INSERT INTO AlumniChats(StudentID,AlumniID,CounselorID,AlumniName,AlumniEmail) VALUES (130,14,31,'Reynard Riby','rribyd@ebay.co.uk');
INSERT INTO AlumniChats(StudentID,AlumniID,CounselorID,AlumniName,AlumniEmail) VALUES (372,15,9,'Rance Lamperd','rlamperde@cpanel.net');
INSERT INTO AlumniChats(StudentID,AlumniID,CounselorID,AlumniName,AlumniEmail) VALUES (223,16,15,'Griz Bellfield','gbellfieldf@va.gov');
INSERT INTO AlumniChats(StudentID,AlumniID,CounselorID,AlumniName,AlumniEmail) VALUES (179,17,29,'Mag Worwood','mworwoodg@reuters.com');
INSERT INTO AlumniChats(StudentID,AlumniID,CounselorID,AlumniName,AlumniEmail) VALUES (478,18,14,'Kathye Kochl','kkochlh@storify.com');
INSERT INTO AlumniChats(StudentID,AlumniID,CounselorID,AlumniName,AlumniEmail) VALUES (115,19,32,'Boycey Maginn','bmaginni@sun.com');
INSERT INTO AlumniChats(StudentID,AlumniID,CounselorID,AlumniName,AlumniEmail) VALUES (154,20,46,'Joyan Garratty','jgarrattyj@arstechnica.com');
INSERT INTO AlumniChats(StudentID,AlumniID,CounselorID,AlumniName,AlumniEmail) VALUES (462,21,26,'Jennine Smithend','jsmithendk@huffingtonpost.com');
INSERT INTO AlumniChats(StudentID,AlumniID,CounselorID,AlumniName,AlumniEmail) VALUES (378,22,28,'Rodrick Gaughan','rgaughanl@omniture.com');
INSERT INTO AlumniChats(StudentID,AlumniID,CounselorID,AlumniName,AlumniEmail) VALUES (379,23,39,'Karylin Fishwick','kfishwickm@microsoft.com');
INSERT INTO AlumniChats(StudentID,AlumniID,CounselorID,AlumniName,AlumniEmail) VALUES (317,24,10,'Joshia Beeken','jbeekenn@parallels.com');
INSERT INTO AlumniChats(StudentID,AlumniID,CounselorID,AlumniName,AlumniEmail) VALUES (318,25,31,'Misha Boase','mboaseo@businessweek.com');
INSERT INTO AlumniChats(StudentID,AlumniID,CounselorID,AlumniName,AlumniEmail) VALUES (2,26,11,'Curtice Cockrell','ccockrellp@narod.ru');
INSERT INTO AlumniChats(StudentID,AlumniID,CounselorID,AlumniName,AlumniEmail) VALUES (429,27,50,'Immanuel Orcott','iorcottq@umn.edu');
INSERT INTO AlumniChats(StudentID,AlumniID,CounselorID,AlumniName,AlumniEmail) VALUES (42,28,13,'Merrill Patriskson','mpatrisksonr@ucoz.ru');
INSERT INTO AlumniChats(StudentID,AlumniID,CounselorID,AlumniName,AlumniEmail) VALUES (139,29,22,'Ardys Barrington','abarringtons@army.mil');
INSERT INTO AlumniChats(StudentID,AlumniID,CounselorID,AlumniName,AlumniEmail) VALUES (310,30,12,'Loni Yeoman','lyeomant@e-recht24.de');
INSERT INTO AlumniChats(StudentID,AlumniID,CounselorID,AlumniName,AlumniEmail) VALUES (343,31,29,'Helenka Ellson','hellsonu@booking.com');
INSERT INTO AlumniChats(StudentID,AlumniID,CounselorID,AlumniName,AlumniEmail) VALUES (433,32,42,'Levon Guerreru','lguerreruv@jugem.jp');
INSERT INTO AlumniChats(StudentID,AlumniID,CounselorID,AlumniName,AlumniEmail) VALUES (299,33,25,'Rockie Jakubczyk','rjakubczykw@wikipedia.org');
INSERT INTO AlumniChats(StudentID,AlumniID,CounselorID,AlumniName,AlumniEmail) VALUES (482,34,50,'Kinnie Larby','klarbyx@washington.edu');
INSERT INTO AlumniChats(StudentID,AlumniID,CounselorID,AlumniName,AlumniEmail) VALUES (83,35,27,'Hew Bennike','hbennikey@discuz.net');
INSERT INTO AlumniChats(StudentID,AlumniID,CounselorID,AlumniName,AlumniEmail) VALUES (141,36,46,'Malena Daniels','mdanielsz@google.ca');
INSERT INTO AlumniChats(StudentID,AlumniID,CounselorID,AlumniName,AlumniEmail) VALUES (274,37,14,'Ethelin Handaside','ehandaside10@jimdo.com');
INSERT INTO AlumniChats(StudentID,AlumniID,CounselorID,AlumniName,AlumniEmail) VALUES (452,38,38,'Patrica Dowty','pdowty11@hostgator.com');
INSERT INTO AlumniChats(StudentID,AlumniID,CounselorID,AlumniName,AlumniEmail) VALUES (328,39,43,'Yorgos Tottle','ytottle12@cbsnews.com');
INSERT INTO AlumniChats(StudentID,AlumniID,CounselorID,AlumniName,AlumniEmail) VALUES (135,40,18,'Quint Goodridge','qgoodridge13@wikia.com');
INSERT INTO AlumniChats(StudentID,AlumniID,CounselorID,AlumniName,AlumniEmail) VALUES (171,41,26,'Warde Avrahamov','wavrahamov14@youtu.be');
INSERT INTO AlumniChats(StudentID,AlumniID,CounselorID,AlumniName,AlumniEmail) VALUES (338,42,17,'Farris Darnbrook','fdarnbrook15@cnn.com');
INSERT INTO AlumniChats(StudentID,AlumniID,CounselorID,AlumniName,AlumniEmail) VALUES (396,43,20,'Minnaminnie Singh','msingh16@gov.uk');
INSERT INTO AlumniChats(StudentID,AlumniID,CounselorID,AlumniName,AlumniEmail) VALUES (366,44,27,'Tina Mahody','tmahody17@gnu.org');
INSERT INTO AlumniChats(StudentID,AlumniID,CounselorID,AlumniName,AlumniEmail) VALUES (278,45,7,'Berton Mertel','bmertel18@discovery.com');
INSERT INTO AlumniChats(StudentID,AlumniID,CounselorID,AlumniName,AlumniEmail) VALUES (86,46,22,'Vanessa Barczewski','vbarczewski19@reddit.com');
INSERT INTO AlumniChats(StudentID,AlumniID,CounselorID,AlumniName,AlumniEmail) VALUES (406,47,40,'Madlen Stevani','mstevani1a@deviantart.com');
INSERT INTO AlumniChats(StudentID,AlumniID,CounselorID,AlumniName,AlumniEmail) VALUES (489,48,28,'Guillema Escolme','gescolme1b@stanford.edu');
INSERT INTO AlumniChats(StudentID,AlumniID,CounselorID,AlumniName,AlumniEmail) VALUES (375,49,32,'Dallon Heninghem','dheninghem1c@va.gov');
INSERT INTO AlumniChats(StudentID,AlumniID,CounselorID,AlumniName,AlumniEmail) VALUES (437,50,14,'Hilario Ortiger','hortiger1d@reddit.com');
INSERT INTO AlumniChats(StudentID,AlumniID,CounselorID,AlumniName,AlumniEmail) VALUES (435,51,21,'Osmond Adshed','oadshed1e@artisteer.com');
INSERT INTO AlumniChats(StudentID,AlumniID,CounselorID,AlumniName,AlumniEmail) VALUES (57,52,35,'Manfred Dimmack','mdimmack1f@state.tx.us');
INSERT INTO AlumniChats(StudentID,AlumniID,CounselorID,AlumniName,AlumniEmail) VALUES (240,53,27,'Anjanette Pletts','apletts1g@eepurl.com');
INSERT INTO AlumniChats(StudentID,AlumniID,CounselorID,AlumniName,AlumniEmail) VALUES (161,54,43,'Valery Tibols','vtibols1h@surveymonkey.com');
INSERT INTO AlumniChats(StudentID,AlumniID,CounselorID,AlumniName,AlumniEmail) VALUES (444,55,39,'Sanford Vasilenko','svasilenko1i@nymag.com');
INSERT INTO AlumniChats(StudentID,AlumniID,CounselorID,AlumniName,AlumniEmail) VALUES (198,56,44,'Adrianne Catherall','acatherall1j@intel.com');
INSERT INTO AlumniChats(StudentID,AlumniID,CounselorID,AlumniName,AlumniEmail) VALUES (399,57,12,'Malanie Creddon','mcreddon1k@globo.com');
INSERT INTO AlumniChats(StudentID,AlumniID,CounselorID,AlumniName,AlumniEmail) VALUES (273,58,4,'Eva Pes','epes1l@cbsnews.com');
INSERT INTO AlumniChats(StudentID,AlumniID,CounselorID,AlumniName,AlumniEmail) VALUES (467,59,35,'Mar Kivelhan','mkivelhan1m@indiegogo.com');
INSERT INTO AlumniChats(StudentID,AlumniID,CounselorID,AlumniName,AlumniEmail) VALUES (432,60,19,'Brod Terlinden','bterlinden1n@reuters.com');
INSERT INTO AlumniChats(StudentID,AlumniID,CounselorID,AlumniName,AlumniEmail) VALUES (378,61,14,'Margeaux Degoix','mdegoix1o@spiegel.de');
INSERT INTO AlumniChats(StudentID,AlumniID,CounselorID,AlumniName,AlumniEmail) VALUES (135,62,49,'Julita Dorney','jdorney1p@parallels.com');
INSERT INTO AlumniChats(StudentID,AlumniID,CounselorID,AlumniName,AlumniEmail) VALUES (4,63,32,'Yehudit Orehead','yorehead1q@cnbc.com');
INSERT INTO AlumniChats(StudentID,AlumniID,CounselorID,AlumniName,AlumniEmail) VALUES (216,64,18,'Gina Bennetto','gbennetto1r@webeden.co.uk');
INSERT INTO AlumniChats(StudentID,AlumniID,CounselorID,AlumniName,AlumniEmail) VALUES (97,65,10,'Gauthier Bowton','gbowton1s@ow.ly');
INSERT INTO AlumniChats(StudentID,AlumniID,CounselorID,AlumniName,AlumniEmail) VALUES (195,66,2,'Mic Aveline','maveline1t@naver.com');
INSERT INTO AlumniChats(StudentID,AlumniID,CounselorID,AlumniName,AlumniEmail) VALUES (152,67,36,'Stern Sirl','ssirl1u@nytimes.com');
INSERT INTO AlumniChats(StudentID,AlumniID,CounselorID,AlumniName,AlumniEmail) VALUES (14,68,35,'Yardley Fryers','yfryers1v@nytimes.com');
INSERT INTO AlumniChats(StudentID,AlumniID,CounselorID,AlumniName,AlumniEmail) VALUES (71,69,21,'Norris Mateu','nmateu1w@discuz.net');
INSERT INTO AlumniChats(StudentID,AlumniID,CounselorID,AlumniName,AlumniEmail) VALUES (122,70,4,'Hersh Fligg','hfligg1x@mit.edu');
INSERT INTO AlumniChats(StudentID,AlumniID,CounselorID,AlumniName,AlumniEmail) VALUES (212,71,10,'Sunshine Flippini','sflippini1y@abc.net.au');
INSERT INTO AlumniChats(StudentID,AlumniID,CounselorID,AlumniName,AlumniEmail) VALUES (53,72,23,'Nedda Swaby','nswaby1z@thetimes.co.uk');
INSERT INTO AlumniChats(StudentID,AlumniID,CounselorID,AlumniName,AlumniEmail) VALUES (113,73,25,'Brina Lewisham','blewisham20@t-online.de');
INSERT INTO AlumniChats(StudentID,AlumniID,CounselorID,AlumniName,AlumniEmail) VALUES (50,74,41,'Tommy Coche','tcoche21@linkedin.com');
INSERT INTO AlumniChats(StudentID,AlumniID,CounselorID,AlumniName,AlumniEmail) VALUES (339,75,38,'Belicia Flaunders','bflaunders22@taobao.com');
INSERT INTO AlumniChats(StudentID,AlumniID,CounselorID,AlumniName,AlumniEmail) VALUES (405,76,50,'Crosby Effnert','ceffnert23@edublogs.org');
INSERT INTO AlumniChats(StudentID,AlumniID,CounselorID,AlumniName,AlumniEmail) VALUES (425,77,40,'Liam O''Hartnedy','lohartnedy24@yahoo.com');
INSERT INTO AlumniChats(StudentID,AlumniID,CounselorID,AlumniName,AlumniEmail) VALUES (231,78,35,'Lark Brandon','lbrandon25@people.com.cn');
INSERT INTO AlumniChats(StudentID,AlumniID,CounselorID,AlumniName,AlumniEmail) VALUES (257,79,8,'Skip Zorzutti','szorzutti26@netvibes.com');
INSERT INTO AlumniChats(StudentID,AlumniID,CounselorID,AlumniName,AlumniEmail) VALUES (359,80,33,'Allsun Shapland','ashapland27@guardian.co.uk');
INSERT INTO AlumniChats(StudentID,AlumniID,CounselorID,AlumniName,AlumniEmail) VALUES (165,81,32,'Zulema Salling','zsalling28@japanpost.jp');
INSERT INTO AlumniChats(StudentID,AlumniID,CounselorID,AlumniName,AlumniEmail) VALUES (309,82,30,'Saree Kleen','skleen29@ameblo.jp');
INSERT INTO AlumniChats(StudentID,AlumniID,CounselorID,AlumniName,AlumniEmail) VALUES (479,83,3,'Alfie Boich','aboich2a@de.vu');
INSERT INTO AlumniChats(StudentID,AlumniID,CounselorID,AlumniName,AlumniEmail) VALUES (196,84,1,'Sandro Byham','sbyham2b@vimeo.com');
INSERT INTO AlumniChats(StudentID,AlumniID,CounselorID,AlumniName,AlumniEmail) VALUES (367,85,2,'Fredrick Puleston','fpuleston2c@constantcontact.com');
INSERT INTO AlumniChats(StudentID,AlumniID,CounselorID,AlumniName,AlumniEmail) VALUES (310,86,32,'Alvis Spiby','aspiby2d@about.me');
INSERT INTO AlumniChats(StudentID,AlumniID,CounselorID,AlumniName,AlumniEmail) VALUES (484,87,39,'Klarika De Nisco','kde2e@bing.com');
INSERT INTO AlumniChats(StudentID,AlumniID,CounselorID,AlumniName,AlumniEmail) VALUES (143,88,29,'Darsey Jaggs','djaggs2f@gnu.org');
INSERT INTO AlumniChats(StudentID,AlumniID,CounselorID,AlumniName,AlumniEmail) VALUES (458,89,43,'Granville Beiderbecke','gbeiderbecke2g@desdev.cn');
INSERT INTO AlumniChats(StudentID,AlumniID,CounselorID,AlumniName,AlumniEmail) VALUES (299,90,3,'Tad Burcombe','tburcombe2h@businessinsider.com');
INSERT INTO AlumniChats(StudentID,AlumniID,CounselorID,AlumniName,AlumniEmail) VALUES (313,91,11,'Phylys Pattisson','ppattisson2i@wikispaces.com');
INSERT INTO AlumniChats(StudentID,AlumniID,CounselorID,AlumniName,AlumniEmail) VALUES (27,92,1,'Trixy McGillacoell','tmcgillacoell2j@example.com');
INSERT INTO AlumniChats(StudentID,AlumniID,CounselorID,AlumniName,AlumniEmail) VALUES (171,93,8,'Rina Halton','rhalton2k@spiegel.de');
INSERT INTO AlumniChats(StudentID,AlumniID,CounselorID,AlumniName,AlumniEmail) VALUES (159,94,28,'Lucinda Ginger','lginger2l@ihg.com');
INSERT INTO AlumniChats(StudentID,AlumniID,CounselorID,AlumniName,AlumniEmail) VALUES (31,95,47,'Deana Crowest','dcrowest2m@amazonaws.com');
INSERT INTO AlumniChats(StudentID,AlumniID,CounselorID,AlumniName,AlumniEmail) VALUES (429,96,36,'Dolly Tasch','dtasch2n@hugedomains.com');
INSERT INTO AlumniChats(StudentID,AlumniID,CounselorID,AlumniName,AlumniEmail) VALUES (280,97,39,'Delila Ades','dades2o@sun.com');
INSERT INTO AlumniChats(StudentID,AlumniID,CounselorID,AlumniName,AlumniEmail) VALUES (241,98,48,'Karolina Stockport','kstockport2p@wikia.com');
INSERT INTO AlumniChats(StudentID,AlumniID,CounselorID,AlumniName,AlumniEmail) VALUES (194,99,43,'Grange Devany','gdevany2q@ocn.ne.jp');
INSERT INTO AlumniChats(StudentID,AlumniID,CounselorID,AlumniName,AlumniEmail) VALUES (248,100,10,'Rouvin Morford','rmorford2r@cdc.gov');
INSERT INTO AlumniChats(StudentID,AlumniID,CounselorID,AlumniName,AlumniEmail) VALUES (63,101,17,'Ellery McDavitt','emcdavitt2s@indiegogo.com');
INSERT INTO AlumniChats(StudentID,AlumniID,CounselorID,AlumniName,AlumniEmail) VALUES (60,102,30,'Davie Mamwell','dmamwell2t@networksolutions.com');
INSERT INTO AlumniChats(StudentID,AlumniID,CounselorID,AlumniName,AlumniEmail) VALUES (425,103,14,'Doretta Clutton','dclutton2u@va.gov');
INSERT INTO AlumniChats(StudentID,AlumniID,CounselorID,AlumniName,AlumniEmail) VALUES (193,104,19,'Vallie Windebank','vwindebank2v@newsvine.com');
INSERT INTO AlumniChats(StudentID,AlumniID,CounselorID,AlumniName,AlumniEmail) VALUES (403,105,1,'Hershel Nicholls','hnicholls2w@apple.com');
INSERT INTO AlumniChats(StudentID,AlumniID,CounselorID,AlumniName,AlumniEmail) VALUES (34,106,32,'Harrie Bunt','hbunt2x@salon.com');
INSERT INTO AlumniChats(StudentID,AlumniID,CounselorID,AlumniName,AlumniEmail) VALUES (141,107,38,'Therine Muncey','tmuncey2y@tinypic.com');
INSERT INTO AlumniChats(StudentID,AlumniID,CounselorID,AlumniName,AlumniEmail) VALUES (245,108,34,'Paul Aartsen','paartsen2z@google.com.hk');
INSERT INTO AlumniChats(StudentID,AlumniID,CounselorID,AlumniName,AlumniEmail) VALUES (46,109,45,'Legra Wensley','lwensley30@devhub.com');
INSERT INTO AlumniChats(StudentID,AlumniID,CounselorID,AlumniName,AlumniEmail) VALUES (361,110,8,'Pooh Ciabatteri','pciabatteri31@dion.ne.jp');
INSERT INTO AlumniChats(StudentID,AlumniID,CounselorID,AlumniName,AlumniEmail) VALUES (152,111,1,'Hyacintha Hutchings','hhutchings32@prnewswire.com');
INSERT INTO AlumniChats(StudentID,AlumniID,CounselorID,AlumniName,AlumniEmail) VALUES (20,112,13,'Zenia Rounds','zrounds33@vk.com');
INSERT INTO AlumniChats(StudentID,AlumniID,CounselorID,AlumniName,AlumniEmail) VALUES (426,113,24,'Vannie Pescod','vpescod34@alibaba.com');
INSERT INTO AlumniChats(StudentID,AlumniID,CounselorID,AlumniName,AlumniEmail) VALUES (39,114,17,'Marchelle Roughan','mroughan35@pagesperso-orange.fr');
INSERT INTO AlumniChats(StudentID,AlumniID,CounselorID,AlumniName,AlumniEmail) VALUES (189,115,22,'Rogerio Eke','reke36@mozilla.org');
INSERT INTO AlumniChats(StudentID,AlumniID,CounselorID,AlumniName,AlumniEmail) VALUES (52,116,33,'Damita Hazelton','dhazelton37@freewebs.com');
INSERT INTO AlumniChats(StudentID,AlumniID,CounselorID,AlumniName,AlumniEmail) VALUES (176,117,5,'Renado Settle','rsettle38@google.com');
INSERT INTO AlumniChats(StudentID,AlumniID,CounselorID,AlumniName,AlumniEmail) VALUES (365,118,44,'Kori Robecon','krobecon39@fotki.com');
INSERT INTO AlumniChats(StudentID,AlumniID,CounselorID,AlumniName,AlumniEmail) VALUES (495,119,28,'Monika Kydd','mkydd3a@quantcast.com');
INSERT INTO AlumniChats(StudentID,AlumniID,CounselorID,AlumniName,AlumniEmail) VALUES (286,120,46,'Bridget Blakelock','bblakelock3b@yellowpages.com');
INSERT INTO AlumniChats(StudentID,AlumniID,CounselorID,AlumniName,AlumniEmail) VALUES (259,121,4,'Marian Trett','mtrett3c@phpbb.com');
INSERT INTO AlumniChats(StudentID,AlumniID,CounselorID,AlumniName,AlumniEmail) VALUES (198,122,36,'Dion Briant','dbriant3d@wordpress.com');
INSERT INTO AlumniChats(StudentID,AlumniID,CounselorID,AlumniName,AlumniEmail) VALUES (498,123,43,'Giovanni Goff','ggoff3e@miitbeian.gov.cn');
INSERT INTO AlumniChats(StudentID,AlumniID,CounselorID,AlumniName,AlumniEmail) VALUES (285,124,49,'Field Konert','fkonert3f@github.io');
INSERT INTO AlumniChats(StudentID,AlumniID,CounselorID,AlumniName,AlumniEmail) VALUES (165,125,1,'Julie Voisey','jvoisey3g@mozilla.com');
INSERT INTO AlumniChats(StudentID,AlumniID,CounselorID,AlumniName,AlumniEmail) VALUES (261,126,2,'Gustavus Nibley','gnibley3h@oaic.gov.au');
INSERT INTO AlumniChats(StudentID,AlumniID,CounselorID,AlumniName,AlumniEmail) VALUES (324,127,25,'Abdul Chalcraft','achalcraft3i@xrea.com');
INSERT INTO AlumniChats(StudentID,AlumniID,CounselorID,AlumniName,AlumniEmail) VALUES (74,128,7,'Rori Klimushev','rklimushev3j@is.gd');
INSERT INTO AlumniChats(StudentID,AlumniID,CounselorID,AlumniName,AlumniEmail) VALUES (473,129,10,'Piper Armin','parmin3k@nyu.edu');
INSERT INTO AlumniChats(StudentID,AlumniID,CounselorID,AlumniName,AlumniEmail) VALUES (32,130,32,'Linn Klainman','lklainman3l@japanpost.jp');
INSERT INTO AlumniChats(StudentID,AlumniID,CounselorID,AlumniName,AlumniEmail) VALUES (115,131,35,'Nataline Corrin','ncorrin3m@icq.com');
INSERT INTO AlumniChats(StudentID,AlumniID,CounselorID,AlumniName,AlumniEmail) VALUES (381,132,14,'Sashenka Crimpe','scrimpe3n@hatena.ne.jp');
INSERT INTO AlumniChats(StudentID,AlumniID,CounselorID,AlumniName,AlumniEmail) VALUES (93,133,49,'Verna Hurnell','vhurnell3o@discovery.com');
INSERT INTO AlumniChats(StudentID,AlumniID,CounselorID,AlumniName,AlumniEmail) VALUES (380,134,49,'Martie Ortsmann','mortsmann3p@sun.com');
INSERT INTO AlumniChats(StudentID,AlumniID,CounselorID,AlumniName,AlumniEmail) VALUES (262,135,21,'Rowan Booy','rbooy3q@tripod.com');
INSERT INTO AlumniChats(StudentID,AlumniID,CounselorID,AlumniName,AlumniEmail) VALUES (19,136,18,'Tamera Norree','tnorree3r@trellian.com');
INSERT INTO AlumniChats(StudentID,AlumniID,CounselorID,AlumniName,AlumniEmail) VALUES (131,137,25,'Jammie Stronough','jstronough3s@businesswire.com');
INSERT INTO AlumniChats(StudentID,AlumniID,CounselorID,AlumniName,AlumniEmail) VALUES (98,138,22,'Molli Eam','meam3t@etsy.com');
INSERT INTO AlumniChats(StudentID,AlumniID,CounselorID,AlumniName,AlumniEmail) VALUES (437,139,43,'Cinda Dollar','cdollar3u@blogger.com');
INSERT INTO AlumniChats(StudentID,AlumniID,CounselorID,AlumniName,AlumniEmail) VALUES (268,140,50,'Hilda Rouzet','hrouzet3v@columbia.edu');
INSERT INTO AlumniChats(StudentID,AlumniID,CounselorID,AlumniName,AlumniEmail) VALUES (17,141,24,'Zsa zsa Robak','zzsa3w@cnbc.com');
INSERT INTO AlumniChats(StudentID,AlumniID,CounselorID,AlumniName,AlumniEmail) VALUES (218,142,27,'Josepha McCosker','jmccosker3x@ucsd.edu');
INSERT INTO AlumniChats(StudentID,AlumniID,CounselorID,AlumniName,AlumniEmail) VALUES (74,143,14,'Gothart Silkstone','gsilkstone3y@mediafire.com');
INSERT INTO AlumniChats(StudentID,AlumniID,CounselorID,AlumniName,AlumniEmail) VALUES (237,144,13,'Violet Fetterplace','vfetterplace3z@arstechnica.com');
INSERT INTO AlumniChats(StudentID,AlumniID,CounselorID,AlumniName,AlumniEmail) VALUES (281,145,35,'Stoddard Wedgwood','swedgwood40@earthlink.net');
INSERT INTO AlumniChats(StudentID,AlumniID,CounselorID,AlumniName,AlumniEmail) VALUES (376,146,26,'Emmie Leuren','eleuren41@loc.gov');
INSERT INTO AlumniChats(StudentID,AlumniID,CounselorID,AlumniName,AlumniEmail) VALUES (416,147,47,'Mikel Gurley','mgurley42@msu.edu');
INSERT INTO AlumniChats(StudentID,AlumniID,CounselorID,AlumniName,AlumniEmail) VALUES (342,148,4,'Martainn Mayall','mmayall43@naver.com');
INSERT INTO AlumniChats(StudentID,AlumniID,CounselorID,AlumniName,AlumniEmail) VALUES (243,149,46,'Filia Dinzey','fdinzey44@ehow.com');
INSERT INTO AlumniChats(StudentID,AlumniID,CounselorID,AlumniName,AlumniEmail) VALUES (35,150,9,'Isabella Gregolin','igregolin45@bravesites.com');

DROP TABLE IF EXISTS AlumChatContent;
CREATE TABLE AlumChatContent(
   Content   VARCHAR(348) NOT NULL
  ,StudentID INTEGER  NOT NULL
  ,AlumniID  INTEGER  NOT NULL
  ,PRIMARY KEY(Content,StudentID,AlumniID)
);
INSERT INTO AlumChatContent(Content,StudentID,AlumniID) VALUES ('amet lobortis sapien sapien non mi integer ac neque duis bibendum morbi non quam nec dui luctus rutrum nulla tellus in sagittis dui vel nisl duis ac nibh fusce lacus purus aliquet at feugiat non pretium quis lectus',281,64);
INSERT INTO AlumChatContent(Content,StudentID,AlumniID) VALUES ('sapien a libero nam dui proin leo odio porttitor id consequat in consequat ut nulla sed accumsan felis ut at',463,41);
INSERT INTO AlumChatContent(Content,StudentID,AlumniID) VALUES ('pede lobortis ligula sit amet eleifend pede libero quis orci nullam molestie nibh in lectus',293,5);
INSERT INTO AlumChatContent(Content,StudentID,AlumniID) VALUES ('enim lorem ipsum dolor sit amet consectetuer adipiscing elit proin interdum mauris non ligula pellentesque ultrices phasellus id sapien in sapien iaculis congue vivamus metus arcu adipiscing molestie hendrerit at vulputate vitae nisl aenean lectus pellentesque eget nunc donec quis orci eget orci vehicula condimentum curabitur',288,19);
INSERT INTO AlumChatContent(Content,StudentID,AlumniID) VALUES ('ligula suspendisse ornare consequat lectus in est risus auctor sed tristique in tempus sit amet sem fusce consequat nulla nisl nunc nisl duis bibendum felis sed interdum venenatis turpis enim blandit mi in porttitor pede',65,115);
INSERT INTO AlumChatContent(Content,StudentID,AlumniID) VALUES ('et ultrices posuere cubilia curae mauris viverra diam vitae quam suspendisse potenti nullam porttitor lacus at turpis donec posuere metus vitae ipsum aliquam non mauris morbi non lectus aliquam sit amet diam in',16,7);
INSERT INTO AlumChatContent(Content,StudentID,AlumniID) VALUES ('hac habitasse platea dictumst morbi vestibulum velit id pretium iaculis diam erat fermentum justo nec condimentum neque sapien placerat ante nulla justo aliquam quis turpis eget elit sodales scelerisque mauris sit amet eros suspendisse',34,71);
INSERT INTO AlumChatContent(Content,StudentID,AlumniID) VALUES ('velit nec nisi vulputate nonummy maecenas tincidunt lacus at velit vivamus vel nulla eget',40,126);
INSERT INTO AlumChatContent(Content,StudentID,AlumniID) VALUES ('quis justo maecenas rhoncus aliquam lacus morbi quis tortor id nulla ultrices aliquet maecenas leo odio condimentum id luctus nec molestie sed justo pellentesque viverra pede ac diam cras pellentesque volutpat dui maecenas tristique est et',145,77);
INSERT INTO AlumChatContent(Content,StudentID,AlumniID) VALUES ('vulputate justo in blandit ultrices enim lorem ipsum dolor sit amet consectetuer adipiscing elit proin interdum mauris non ligula pellentesque ultrices phasellus id sapien in sapien iaculis congue vivamus metus arcu adipiscing molestie hendrerit at vulputate vitae nisl aenean lectus pellentesque',21,127);
INSERT INTO AlumChatContent(Content,StudentID,AlumniID) VALUES ('pretium iaculis diam erat fermentum justo nec condimentum neque sapien placerat ante nulla justo aliquam quis turpis eget elit sodales scelerisque mauris sit amet eros',32,135);
INSERT INTO AlumChatContent(Content,StudentID,AlumniID) VALUES ('pretium quis lectus suspendisse potenti in eleifend quam a odio in hac habitasse platea dictumst maecenas ut massa quis augue',425,45);
INSERT INTO AlumChatContent(Content,StudentID,AlumniID) VALUES ('consequat varius integer ac leo pellentesque ultrices mattis odio donec vitae nisi nam ultrices libero non mattis pulvinar nulla pede ullamcorper augue a suscipit nulla elit ac nulla sed vel',24,106);
INSERT INTO AlumChatContent(Content,StudentID,AlumniID) VALUES ('posuere cubilia curae donec pharetra magna vestibulum aliquet ultrices erat tortor sollicitudin mi sit amet lobortis sapien sapien non mi integer ac neque duis bibendum morbi non quam nec dui luctus rutrum nulla tellus in sagittis dui vel nisl duis ac',61,65);
INSERT INTO AlumChatContent(Content,StudentID,AlumniID) VALUES ('cubilia curae donec pharetra magna vestibulum aliquet ultrices erat tortor sollicitudin mi sit amet lobortis sapien sapien non mi integer',27,62);
INSERT INTO AlumChatContent(Content,StudentID,AlumniID) VALUES ('dolor morbi vel lectus in quam fringilla rhoncus mauris enim leo rhoncus sed vestibulum sit amet cursus id turpis integer aliquet massa id lobortis convallis tortor risus dapibus augue vel accumsan tellus nisi eu orci mauris lacinia sapien quis libero nullam sit amet turpis',66,115);
INSERT INTO AlumChatContent(Content,StudentID,AlumniID) VALUES ('a odio in hac habitasse platea dictumst maecenas ut massa quis augue luctus tincidunt nulla mollis molestie lorem quisque ut erat curabitur gravida nisi at nibh in hac habitasse platea dictumst aliquam augue',373,125);
INSERT INTO AlumChatContent(Content,StudentID,AlumniID) VALUES ('sagittis nam congue risus semper porta volutpat quam pede lobortis ligula sit amet eleifend pede libero quis orci nullam molestie nibh in lectus pellentesque at nulla suspendisse',15,18);
INSERT INTO AlumChatContent(Content,StudentID,AlumniID) VALUES ('mollis molestie lorem quisque ut',468,37);
INSERT INTO AlumChatContent(Content,StudentID,AlumniID) VALUES ('augue a suscipit nulla elit ac nulla sed vel enim sit amet nunc viverra dapibus nulla suscipit ligula in lacus curabitur at ipsum ac tellus semper interdum mauris ullamcorper purus sit amet nulla quisque arcu libero rutrum ac lobortis vel dapibus at diam nam tristique tortor eu',375,130);
INSERT INTO AlumChatContent(Content,StudentID,AlumniID) VALUES ('orci pede venenatis',38,94);
INSERT INTO AlumChatContent(Content,StudentID,AlumniID) VALUES ('vestibulum rutrum rutrum neque aenean auctor gravida sem praesent id massa id nisl',131,138);
INSERT INTO AlumChatContent(Content,StudentID,AlumniID) VALUES ('dolor vel est donec odio justo sollicitudin',171,93);
INSERT INTO AlumChatContent(Content,StudentID,AlumniID) VALUES ('vitae nisi nam ultrices libero non mattis pulvinar nulla pede ullamcorper augue a suscipit nulla elit ac nulla',256,84);
INSERT INTO AlumChatContent(Content,StudentID,AlumniID) VALUES ('velit nec nisi vulputate nonummy maecenas tincidunt lacus at velit vivamus vel nulla eget eros elementum pellentesque quisque porta volutpat',443,72);
INSERT INTO AlumChatContent(Content,StudentID,AlumniID) VALUES ('faucibus orci luctus et ultrices posuere cubilia curae nulla dapibus dolor vel est donec odio justo sollicitudin ut suscipit a feugiat',27,102);
INSERT INTO AlumChatContent(Content,StudentID,AlumniID) VALUES ('in porttitor pede justo eu massa donec dapibus duis',288,45);
INSERT INTO AlumChatContent(Content,StudentID,AlumniID) VALUES ('aliquam convallis nunc proin at turpis a pede posuere nonummy integer non velit donec diam neque vestibulum eget vulputate ut ultrices vel augue vestibulum ante ipsum primis in faucibus orci luctus et ultrices posuere cubilia curae donec pharetra magna vestibulum aliquet ultrices erat tortor sollicitudin mi sit',240,114);
INSERT INTO AlumChatContent(Content,StudentID,AlumniID) VALUES ('nam ultrices libero non mattis pulvinar nulla pede ullamcorper augue a suscipit nulla elit',303,116);
INSERT INTO AlumChatContent(Content,StudentID,AlumniID) VALUES ('natoque penatibus et magnis dis parturient montes nascetur ridiculus mus vivamus vestibulum sagittis sapien cum sociis',258,35);
INSERT INTO AlumChatContent(Content,StudentID,AlumniID) VALUES ('sapien sapien non mi integer ac neque duis bibendum morbi non quam nec dui luctus rutrum nulla tellus in sagittis dui vel nisl duis ac nibh fusce lacus purus aliquet at feugiat non pretium quis lectus suspendisse',134,106);
INSERT INTO AlumChatContent(Content,StudentID,AlumniID) VALUES ('eget nunc donec quis orci eget orci vehicula condimentum curabitur in libero ut massa volutpat convallis morbi odio odio elementum eu interdum eu tincidunt in leo maecenas pulvinar lobortis est phasellus sit amet erat nulla tempus vivamus in felis eu sapien cursus vestibulum proin eu mi nulla ac',313,73);
INSERT INTO AlumChatContent(Content,StudentID,AlumniID) VALUES ('consequat morbi a ipsum integer a nibh in quis justo maecenas rhoncus aliquam',425,32);
INSERT INTO AlumChatContent(Content,StudentID,AlumniID) VALUES ('ultrices posuere cubilia curae donec pharetra magna vestibulum',3,53);
INSERT INTO AlumChatContent(Content,StudentID,AlumniID) VALUES ('cras in purus eu magna vulputate luctus cum sociis natoque penatibus et magnis dis parturient montes nascetur ridiculus mus vivamus vestibulum sagittis sapien cum sociis natoque penatibus et magnis dis parturient montes nascetur ridiculus mus etiam vel augue vestibulum rutrum rutrum neque aenean auctor gravida sem praesent id',147,98);
INSERT INTO AlumChatContent(Content,StudentID,AlumniID) VALUES ('tincidunt in leo maecenas pulvinar lobortis est phasellus sit amet erat nulla tempus vivamus in felis eu sapien cursus vestibulum proin eu mi nulla ac enim in tempor turpis nec euismod scelerisque quam turpis adipiscing',248,8);
INSERT INTO AlumChatContent(Content,StudentID,AlumniID) VALUES ('odio elementum eu interdum eu tincidunt in leo maecenas pulvinar lobortis est phasellus sit amet erat nulla tempus',267,72);
INSERT INTO AlumChatContent(Content,StudentID,AlumniID) VALUES ('ut dolor morbi vel lectus in quam',454,15);
INSERT INTO AlumChatContent(Content,StudentID,AlumniID) VALUES ('mi pede malesuada in imperdiet et commodo vulputate justo in blandit ultrices enim lorem ipsum dolor sit amet consectetuer adipiscing elit proin interdum mauris non ligula pellentesque ultrices phasellus id sapien in sapien iaculis congue vivamus metus arcu adipiscing molestie hendrerit at vulputate vitae nisl aenean lectus pellentesque eget nunc',319,28);
INSERT INTO AlumChatContent(Content,StudentID,AlumniID) VALUES ('eu orci mauris lacinia sapien quis libero nullam sit amet turpis elementum ligula vehicula consequat morbi a ipsum integer a nibh in quis justo maecenas rhoncus aliquam lacus morbi quis tortor id',306,26);
INSERT INTO AlumChatContent(Content,StudentID,AlumniID) VALUES ('vestibulum velit id pretium iaculis diam erat fermentum justo nec condimentum neque sapien placerat ante nulla justo aliquam quis turpis eget elit sodales scelerisque mauris sit amet eros suspendisse accumsan tortor quis turpis sed ante vivamus tortor duis mattis egestas metus aenean fermentum donec ut mauris eget massa tempor convallis',258,83);
INSERT INTO AlumChatContent(Content,StudentID,AlumniID) VALUES ('nec molestie sed justo pellentesque viverra pede ac diam',392,107);
INSERT INTO AlumChatContent(Content,StudentID,AlumniID) VALUES ('pellentesque viverra pede ac diam cras pellentesque volutpat dui maecenas tristique est et tempus semper est quam pharetra magna ac consequat metus sapien ut nunc vestibulum ante ipsum primis in',159,47);
INSERT INTO AlumChatContent(Content,StudentID,AlumniID) VALUES ('consequat ut nulla sed accumsan felis ut at dolor quis odio consequat varius integer ac leo pellentesque ultrices mattis odio donec vitae nisi nam ultrices libero non mattis pulvinar nulla pede ullamcorper augue a suscipit nulla elit ac nulla',443,102);
INSERT INTO AlumChatContent(Content,StudentID,AlumniID) VALUES ('metus sapien ut nunc vestibulum ante ipsum primis in faucibus orci luctus et ultrices posuere cubilia curae mauris viverra diam vitae quam suspendisse potenti nullam porttitor lacus at turpis donec posuere metus vitae ipsum aliquam non mauris morbi non lectus aliquam',56,100);
INSERT INTO AlumChatContent(Content,StudentID,AlumniID) VALUES ('sit amet erat nulla tempus vivamus in felis eu sapien cursus vestibulum proin eu mi nulla ac enim in tempor turpis nec euismod scelerisque quam turpis adipiscing lorem vitae mattis nibh ligula nec sem duis aliquam convallis nunc proin at turpis a pede posuere nonummy integer non velit donec diam',76,147);
INSERT INTO AlumChatContent(Content,StudentID,AlumniID) VALUES ('volutpat erat quisque erat eros viverra eget congue eget semper rutrum nulla nunc purus phasellus in felis donec semper sapien a libero nam dui proin leo odio porttitor id consequat',275,113);
INSERT INTO AlumChatContent(Content,StudentID,AlumniID) VALUES ('lorem quisque ut erat curabitur gravida nisi at nibh in hac habitasse platea dictumst aliquam augue quam sollicitudin vitae consectetuer eget rutrum at lorem integer tincidunt ante vel ipsum',79,54);
INSERT INTO AlumChatContent(Content,StudentID,AlumniID) VALUES ('orci luctus et ultrices posuere cubilia curae duis faucibus accumsan odio curabitur convallis duis consequat dui',106,119);
INSERT INTO AlumChatContent(Content,StudentID,AlumniID) VALUES ('vel lectus in quam fringilla rhoncus mauris enim leo rhoncus sed vestibulum sit amet cursus id turpis integer aliquet massa id lobortis convallis tortor risus dapibus augue vel accumsan tellus nisi eu orci mauris lacinia sapien quis libero nullam sit amet turpis elementum ligula vehicula consequat morbi a ipsum',81,13);
INSERT INTO AlumChatContent(Content,StudentID,AlumniID) VALUES ('donec diam neque vestibulum eget vulputate ut ultrices vel augue vestibulum ante ipsum primis in faucibus orci luctus et ultrices posuere cubilia curae donec pharetra magna vestibulum',221,103);
INSERT INTO AlumChatContent(Content,StudentID,AlumniID) VALUES ('amet diam in magna bibendum imperdiet nullam orci pede venenatis non sodales sed tincidunt eu felis fusce posuere felis sed lacus morbi sem mauris',333,18);
INSERT INTO AlumChatContent(Content,StudentID,AlumniID) VALUES ('tristique fusce congue diam id ornare imperdiet sapien urna pretium nisl ut volutpat sapien arcu sed augue aliquam erat volutpat in congue etiam justo etiam pretium iaculis justo in hac habitasse platea dictumst etiam faucibus cursus urna ut tellus nulla ut erat id mauris vulputate elementum nullam',119,73);
INSERT INTO AlumChatContent(Content,StudentID,AlumniID) VALUES ('donec dapibus duis at velit eu est congue elementum in hac habitasse platea dictumst morbi vestibulum velit id pretium iaculis',102,138);
INSERT INTO AlumChatContent(Content,StudentID,AlumniID) VALUES ('faucibus orci luctus et ultrices posuere cubilia curae duis faucibus accumsan odio curabitur convallis duis consequat dui nec nisi volutpat eleifend donec ut dolor morbi vel lectus in quam fringilla rhoncus mauris',179,19);
INSERT INTO AlumChatContent(Content,StudentID,AlumniID) VALUES ('orci luctus et ultrices posuere cubilia curae mauris viverra diam vitae quam suspendisse potenti nullam porttitor lacus at turpis donec posuere metus',60,93);
INSERT INTO AlumChatContent(Content,StudentID,AlumniID) VALUES ('aenean sit amet justo morbi ut odio cras mi pede malesuada in imperdiet et commodo vulputate justo in blandit',344,45);
INSERT INTO AlumChatContent(Content,StudentID,AlumniID) VALUES ('dapibus augue vel accumsan',87,118);
INSERT INTO AlumChatContent(Content,StudentID,AlumniID) VALUES ('nascetur ridiculus mus etiam vel augue vestibulum rutrum rutrum neque aenean auctor gravida sem praesent id',261,125);
INSERT INTO AlumChatContent(Content,StudentID,AlumniID) VALUES ('sodales scelerisque mauris sit amet eros suspendisse accumsan tortor quis turpis sed ante vivamus tortor duis mattis egestas metus aenean fermentum donec ut mauris eget massa tempor convallis nulla neque libero convallis eget eleifend luctus ultricies eu nibh quisque id justo sit amet sapien',136,26);
INSERT INTO AlumChatContent(Content,StudentID,AlumniID) VALUES ('erat quisque erat eros viverra eget congue',197,147);
INSERT INTO AlumChatContent(Content,StudentID,AlumniID) VALUES ('vel sem sed sagittis nam congue risus semper porta volutpat quam pede lobortis ligula sit amet eleifend pede libero quis orci nullam molestie nibh in lectus pellentesque at nulla',287,70);
INSERT INTO AlumChatContent(Content,StudentID,AlumniID) VALUES ('praesent id massa id nisl venenatis lacinia aenean sit amet justo morbi ut odio cras mi pede malesuada in imperdiet et commodo vulputate justo in blandit ultrices enim lorem ipsum dolor sit amet consectetuer adipiscing elit proin interdum mauris non ligula',46,66);
INSERT INTO AlumChatContent(Content,StudentID,AlumniID) VALUES ('posuere cubilia curae mauris viverra diam vitae quam suspendisse potenti nullam porttitor lacus at turpis donec posuere metus vitae ipsum',455,26);
INSERT INTO AlumChatContent(Content,StudentID,AlumniID) VALUES ('tincidunt nulla mollis molestie lorem quisque ut erat curabitur gravida nisi at nibh in hac habitasse platea dictumst aliquam augue quam sollicitudin vitae consectetuer eget',164,58);
INSERT INTO AlumChatContent(Content,StudentID,AlumniID) VALUES ('sit amet diam in magna bibendum imperdiet nullam orci pede venenatis non sodales sed tincidunt eu felis fusce',307,98);
INSERT INTO AlumChatContent(Content,StudentID,AlumniID) VALUES ('elementum ligula vehicula consequat morbi a ipsum integer a nibh in quis justo maecenas rhoncus aliquam lacus morbi quis tortor id nulla ultrices aliquet maecenas leo odio condimentum',340,81);
INSERT INTO AlumChatContent(Content,StudentID,AlumniID) VALUES ('nulla facilisi cras non velit nec nisi vulputate nonummy maecenas tincidunt lacus at velit vivamus vel nulla eget eros elementum pellentesque quisque porta volutpat erat quisque erat eros viverra eget congue eget semper rutrum nulla nunc purus phasellus in',200,56);
INSERT INTO AlumChatContent(Content,StudentID,AlumniID) VALUES ('a ipsum integer a nibh in quis justo maecenas rhoncus aliquam lacus morbi quis tortor id nulla ultrices aliquet maecenas leo odio condimentum id luctus nec',293,121);
INSERT INTO AlumChatContent(Content,StudentID,AlumniID) VALUES ('morbi odio odio elementum eu interdum eu tincidunt in leo maecenas pulvinar lobortis est phasellus sit amet erat nulla tempus vivamus in felis eu sapien cursus vestibulum',154,47);
INSERT INTO AlumChatContent(Content,StudentID,AlumniID) VALUES ('ipsum primis in faucibus orci luctus et ultrices posuere cubilia curae mauris viverra diam vitae quam suspendisse potenti nullam porttitor lacus at turpis donec posuere metus vitae ipsum aliquam non mauris morbi non lectus aliquam sit amet diam in magna bibendum imperdiet nullam orci pede venenatis non',479,71);
INSERT INTO AlumChatContent(Content,StudentID,AlumniID) VALUES ('in blandit ultrices enim lorem ipsum dolor sit amet consectetuer',413,65);
INSERT INTO AlumChatContent(Content,StudentID,AlumniID) VALUES ('ante ipsum primis in faucibus orci luctus et ultrices posuere cubilia curae donec pharetra magna vestibulum aliquet ultrices erat tortor sollicitudin mi sit amet lobortis sapien sapien non mi integer ac neque duis bibendum morbi non quam nec dui luctus rutrum nulla tellus in sagittis dui vel',457,52);
INSERT INTO AlumChatContent(Content,StudentID,AlumniID) VALUES ('maecenas ut massa quis augue luctus tincidunt nulla mollis molestie lorem',469,19);
INSERT INTO AlumChatContent(Content,StudentID,AlumniID) VALUES ('quam pharetra magna ac consequat metus sapien ut nunc vestibulum ante ipsum primis in faucibus orci luctus et ultrices posuere cubilia curae mauris viverra diam vitae quam suspendisse potenti nullam porttitor lacus at turpis donec posuere metus vitae ipsum aliquam non mauris',242,14);
INSERT INTO AlumChatContent(Content,StudentID,AlumniID) VALUES ('congue etiam justo etiam pretium iaculis justo in hac habitasse platea dictumst etiam faucibus cursus urna ut tellus nulla ut erat id mauris vulputate',231,13);
INSERT INTO AlumChatContent(Content,StudentID,AlumniID) VALUES ('dui vel sem sed sagittis nam congue risus semper porta',393,39);
INSERT INTO AlumChatContent(Content,StudentID,AlumniID) VALUES ('lacus purus aliquet at feugiat non pretium quis lectus suspendisse potenti in eleifend quam a odio in hac habitasse platea dictumst maecenas ut massa quis augue luctus tincidunt nulla mollis molestie lorem',143,113);
INSERT INTO AlumChatContent(Content,StudentID,AlumniID) VALUES ('metus aenean fermentum donec ut mauris eget massa tempor convallis nulla neque libero convallis eget eleifend luctus ultricies eu nibh quisque id justo sit amet sapien dignissim vestibulum vestibulum ante ipsum primis in faucibus orci luctus et ultrices posuere',372,1);
INSERT INTO AlumChatContent(Content,StudentID,AlumniID) VALUES ('justo etiam pretium iaculis justo in hac habitasse platea dictumst etiam faucibus cursus urna ut tellus nulla ut erat id mauris vulputate elementum nullam varius nulla facilisi cras non',333,23);
INSERT INTO AlumChatContent(Content,StudentID,AlumniID) VALUES ('odio curabitur convallis duis consequat dui nec nisi volutpat eleifend donec ut dolor morbi vel lectus in quam fringilla rhoncus mauris enim leo rhoncus',326,21);
INSERT INTO AlumChatContent(Content,StudentID,AlumniID) VALUES ('leo odio condimentum id luctus nec molestie sed justo pellentesque viverra pede ac diam cras pellentesque volutpat dui maecenas tristique est et tempus semper est quam pharetra magna ac consequat metus sapien ut nunc vestibulum ante ipsum primis in faucibus orci',69,55);
INSERT INTO AlumChatContent(Content,StudentID,AlumniID) VALUES ('integer tincidunt ante vel ipsum praesent blandit lacinia erat vestibulum sed magna at nunc commodo placerat praesent blandit nam nulla integer pede justo',213,145);
INSERT INTO AlumChatContent(Content,StudentID,AlumniID) VALUES ('est risus auctor sed tristique in tempus sit amet sem fusce consequat nulla nisl nunc nisl duis bibendum felis sed interdum venenatis turpis enim blandit mi in porttitor pede justo eu massa donec dapibus duis',54,93);
INSERT INTO AlumChatContent(Content,StudentID,AlumniID) VALUES ('id ornare imperdiet sapien urna pretium nisl ut volutpat sapien arcu sed augue aliquam erat volutpat in congue etiam justo etiam pretium iaculis justo in hac habitasse platea dictumst etiam faucibus cursus urna ut tellus nulla ut erat id mauris vulputate elementum nullam varius nulla facilisi cras non velit nec',136,22);
INSERT INTO AlumChatContent(Content,StudentID,AlumniID) VALUES ('justo aliquam quis turpis eget',122,83);
INSERT INTO AlumChatContent(Content,StudentID,AlumniID) VALUES ('diam vitae quam suspendisse potenti nullam porttitor lacus at turpis donec',104,35);
INSERT INTO AlumChatContent(Content,StudentID,AlumniID) VALUES ('luctus et ultrices posuere cubilia curae duis faucibus accumsan odio curabitur convallis duis consequat dui nec nisi volutpat eleifend donec ut dolor morbi',148,136);
INSERT INTO AlumChatContent(Content,StudentID,AlumniID) VALUES ('urna ut tellus nulla ut erat id mauris vulputate elementum nullam varius nulla facilisi cras non velit nec nisi vulputate nonummy maecenas tincidunt lacus at velit vivamus vel nulla eget eros elementum pellentesque quisque porta volutpat erat quisque',27,14);
INSERT INTO AlumChatContent(Content,StudentID,AlumniID) VALUES ('aliquet at feugiat non pretium quis',415,6);
INSERT INTO AlumChatContent(Content,StudentID,AlumniID) VALUES ('vitae ipsum aliquam non mauris morbi non lectus aliquam sit amet diam in magna bibendum imperdiet nullam orci pede venenatis non sodales sed tincidunt eu felis fusce posuere felis sed lacus morbi sem mauris laoreet ut rhoncus aliquet pulvinar',422,150);
INSERT INTO AlumChatContent(Content,StudentID,AlumniID) VALUES ('nulla tellus in sagittis dui vel nisl duis ac nibh fusce lacus purus aliquet at feugiat non pretium quis lectus suspendisse',183,109);
INSERT INTO AlumChatContent(Content,StudentID,AlumniID) VALUES ('at vulputate vitae nisl aenean lectus pellentesque eget nunc donec quis orci eget orci vehicula condimentum curabitur in libero ut massa volutpat convallis morbi odio odio',419,58);
INSERT INTO AlumChatContent(Content,StudentID,AlumniID) VALUES ('posuere cubilia curae nulla dapibus dolor vel est donec odio justo sollicitudin ut suscipit a feugiat et eros vestibulum ac est lacinia nisi venenatis tristique fusce congue diam id ornare imperdiet sapien urna pretium nisl',114,61);
INSERT INTO AlumChatContent(Content,StudentID,AlumniID) VALUES ('molestie lorem',121,64);
INSERT INTO AlumChatContent(Content,StudentID,AlumniID) VALUES ('augue vestibulum ante ipsum primis in faucibus orci luctus et ultrices posuere cubilia curae donec pharetra magna vestibulum aliquet',396,11);
INSERT INTO AlumChatContent(Content,StudentID,AlumniID) VALUES ('id nisl venenatis lacinia aenean sit amet justo morbi ut odio cras mi pede',142,142);
INSERT INTO AlumChatContent(Content,StudentID,AlumniID) VALUES ('primis in faucibus orci luctus et',257,113);
INSERT INTO AlumChatContent(Content,StudentID,AlumniID) VALUES ('lacus curabitur at ipsum ac tellus semper interdum mauris ullamcorper',338,70);
INSERT INTO AlumChatContent(Content,StudentID,AlumniID) VALUES ('orci nullam molestie nibh in lectus pellentesque at nulla suspendisse potenti cras in purus eu magna vulputate luctus cum sociis natoque',50,7);
INSERT INTO AlumChatContent(Content,StudentID,AlumniID) VALUES ('elit proin interdum mauris non ligula pellentesque ultrices phasellus id sapien in sapien iaculis congue vivamus metus arcu adipiscing molestie hendrerit at vulputate vitae',3,26);
INSERT INTO AlumChatContent(Content,StudentID,AlumniID) VALUES ('non interdum in',8,83);
INSERT INTO AlumChatContent(Content,StudentID,AlumniID) VALUES ('habitasse platea dictumst etiam faucibus cursus urna ut tellus nulla ut erat id mauris vulputate elementum',171,40);
INSERT INTO AlumChatContent(Content,StudentID,AlumniID) VALUES ('dui vel sem sed sagittis nam congue risus semper porta volutpat quam pede lobortis ligula sit amet eleifend pede libero quis orci nullam molestie nibh in lectus pellentesque at nulla suspendisse potenti cras in purus eu magna vulputate luctus cum sociis',136,36);
INSERT INTO AlumChatContent(Content,StudentID,AlumniID) VALUES ('sit amet justo morbi ut odio cras mi pede malesuada in imperdiet',372,63);
INSERT INTO AlumChatContent(Content,StudentID,AlumniID) VALUES ('et tempus semper est quam pharetra magna ac consequat metus sapien ut nunc vestibulum ante ipsum primis in faucibus orci luctus et ultrices posuere cubilia curae mauris viverra diam vitae quam suspendisse potenti nullam porttitor lacus at turpis donec',19,130);
INSERT INTO AlumChatContent(Content,StudentID,AlumniID) VALUES ('fermentum justo nec condimentum neque sapien placerat ante nulla justo aliquam quis turpis eget elit sodales scelerisque mauris sit amet eros suspendisse accumsan tortor quis turpis sed ante vivamus tortor duis mattis egestas metus aenean fermentum donec ut mauris eget massa tempor convallis nulla neque libero convallis',127,95);
INSERT INTO AlumChatContent(Content,StudentID,AlumniID) VALUES ('nisl nunc nisl duis bibendum felis sed interdum venenatis turpis enim blandit mi in porttitor pede justo eu massa donec dapibus',202,138);
INSERT INTO AlumChatContent(Content,StudentID,AlumniID) VALUES ('vel augue vestibulum rutrum',87,64);
INSERT INTO AlumChatContent(Content,StudentID,AlumniID) VALUES ('lectus in quam fringilla rhoncus mauris enim leo rhoncus sed vestibulum',133,106);
INSERT INTO AlumChatContent(Content,StudentID,AlumniID) VALUES ('rhoncus mauris enim leo rhoncus sed vestibulum sit',478,66);
INSERT INTO AlumChatContent(Content,StudentID,AlumniID) VALUES ('cras mi pede malesuada in imperdiet et commodo vulputate justo in blandit ultrices enim lorem ipsum dolor sit amet consectetuer adipiscing elit proin interdum mauris non ligula pellentesque ultrices phasellus id sapien in sapien iaculis congue vivamus metus arcu adipiscing',312,21);
INSERT INTO AlumChatContent(Content,StudentID,AlumniID) VALUES ('aliquam convallis nunc proin at turpis a pede posuere nonummy integer non velit donec diam neque vestibulum eget vulputate ut',334,96);
INSERT INTO AlumChatContent(Content,StudentID,AlumniID) VALUES ('tristique in tempus sit amet sem fusce consequat nulla nisl nunc nisl duis bibendum felis sed interdum venenatis turpis enim blandit mi in porttitor pede justo eu massa donec dapibus duis at velit eu est congue elementum in hac habitasse platea',45,128);
INSERT INTO AlumChatContent(Content,StudentID,AlumniID) VALUES ('quam sollicitudin vitae consectetuer eget rutrum at lorem integer tincidunt ante vel ipsum praesent blandit lacinia erat vestibulum sed magna at nunc commodo placerat praesent blandit nam nulla integer pede justo lacinia eget tincidunt eget tempus vel pede morbi porttitor lorem id ligula suspendisse ornare',52,45);
INSERT INTO AlumChatContent(Content,StudentID,AlumniID) VALUES ('vestibulum eget vulputate ut ultrices vel augue vestibulum ante ipsum primis in faucibus orci luctus et ultrices posuere cubilia curae',144,34);
INSERT INTO AlumChatContent(Content,StudentID,AlumniID) VALUES ('ultrices posuere cubilia curae nulla dapibus dolor vel est donec odio justo sollicitudin ut suscipit a feugiat et eros vestibulum ac est lacinia nisi venenatis tristique fusce congue diam id ornare imperdiet sapien urna pretium nisl ut volutpat sapien arcu sed augue aliquam erat',205,28);
INSERT INTO AlumChatContent(Content,StudentID,AlumniID) VALUES ('amet lobortis sapien sapien non mi integer ac neque duis bibendum morbi non quam nec dui luctus rutrum nulla tellus in sagittis dui vel nisl duis ac nibh fusce lacus purus aliquet at feugiat non pretium quis lectus suspendisse potenti in eleifend quam a odio in hac habitasse platea dictumst',186,5);
INSERT INTO AlumChatContent(Content,StudentID,AlumniID) VALUES ('amet nunc viverra dapibus nulla suscipit ligula in lacus curabitur at ipsum ac tellus semper interdum mauris ullamcorper',429,35);
INSERT INTO AlumChatContent(Content,StudentID,AlumniID) VALUES ('vel pede morbi porttitor lorem id ligula suspendisse ornare consequat lectus in est risus auctor sed tristique in tempus sit amet sem fusce consequat nulla nisl nunc nisl duis bibendum felis',451,131);
INSERT INTO AlumChatContent(Content,StudentID,AlumniID) VALUES ('enim blandit mi in',184,106);
INSERT INTO AlumChatContent(Content,StudentID,AlumniID) VALUES ('enim lorem ipsum dolor sit amet consectetuer adipiscing elit proin interdum mauris non',194,69);
INSERT INTO AlumChatContent(Content,StudentID,AlumniID) VALUES ('nisl duis ac nibh fusce lacus purus aliquet at feugiat non pretium quis lectus suspendisse',403,56);
INSERT INTO AlumChatContent(Content,StudentID,AlumniID) VALUES ('praesent blandit nam nulla integer pede justo lacinia eget tincidunt eget tempus vel pede morbi porttitor lorem id ligula suspendisse ornare',252,76);
INSERT INTO AlumChatContent(Content,StudentID,AlumniID) VALUES ('nullam molestie nibh in lectus pellentesque at nulla suspendisse potenti cras in purus eu magna vulputate luctus cum sociis natoque penatibus et magnis dis parturient',19,87);
INSERT INTO AlumChatContent(Content,StudentID,AlumniID) VALUES ('lacus purus aliquet at feugiat non pretium quis lectus suspendisse potenti in eleifend quam',131,108);
INSERT INTO AlumChatContent(Content,StudentID,AlumniID) VALUES ('integer non velit donec diam neque vestibulum eget vulputate ut ultrices vel augue vestibulum ante ipsum primis in faucibus orci luctus et ultrices posuere cubilia curae donec pharetra magna vestibulum aliquet',405,126);
INSERT INTO AlumChatContent(Content,StudentID,AlumniID) VALUES ('morbi vel lectus in quam fringilla rhoncus mauris enim leo rhoncus sed vestibulum sit amet cursus id turpis integer aliquet massa id lobortis convallis tortor risus dapibus augue vel accumsan tellus nisi eu orci mauris lacinia sapien quis libero nullam sit',161,94);
INSERT INTO AlumChatContent(Content,StudentID,AlumniID) VALUES ('odio donec vitae nisi nam ultrices libero non mattis pulvinar nulla pede ullamcorper augue a suscipit nulla',41,140);
INSERT INTO AlumChatContent(Content,StudentID,AlumniID) VALUES ('blandit non interdum in ante vestibulum ante ipsum primis in faucibus orci luctus et ultrices posuere cubilia curae duis faucibus accumsan',109,86);
INSERT INTO AlumChatContent(Content,StudentID,AlumniID) VALUES ('donec semper sapien a libero nam dui proin leo odio porttitor id consequat in consequat ut nulla sed accumsan felis ut at dolor quis odio consequat varius integer ac leo pellentesque ultrices mattis odio donec',316,75);
INSERT INTO AlumChatContent(Content,StudentID,AlumniID) VALUES ('pede lobortis ligula sit amet eleifend pede libero quis orci nullam molestie nibh',307,120);
INSERT INTO AlumChatContent(Content,StudentID,AlumniID) VALUES ('platea dictumst etiam faucibus cursus urna ut tellus nulla ut erat id mauris vulputate elementum nullam varius nulla facilisi cras non velit nec',68,24);
INSERT INTO AlumChatContent(Content,StudentID,AlumniID) VALUES ('ipsum dolor sit amet consectetuer adipiscing elit proin risus praesent lectus vestibulum quam sapien varius ut blandit non interdum in ante vestibulum ante',493,63);
INSERT INTO AlumChatContent(Content,StudentID,AlumniID) VALUES ('nam dui proin leo odio porttitor id consequat in consequat ut nulla sed accumsan felis ut at dolor quis odio consequat varius integer ac leo pellentesque ultrices mattis odio donec vitae nisi nam ultrices libero non mattis pulvinar nulla pede ullamcorper augue',432,80);
INSERT INTO AlumChatContent(Content,StudentID,AlumniID) VALUES ('condimentum curabitur in libero ut massa volutpat convallis morbi odio odio elementum',170,33);
INSERT INTO AlumChatContent(Content,StudentID,AlumniID) VALUES ('pellentesque viverra pede ac diam cras pellentesque volutpat dui maecenas tristique est et tempus semper est quam pharetra magna ac consequat metus sapien ut nunc vestibulum ante ipsum primis in faucibus orci luctus et ultrices posuere cubilia',354,4);
INSERT INTO AlumChatContent(Content,StudentID,AlumniID) VALUES ('in hac habitasse platea dictumst morbi vestibulum velit id pretium iaculis diam erat fermentum justo nec condimentum neque sapien placerat ante nulla justo aliquam quis turpis eget elit sodales scelerisque mauris sit amet eros suspendisse accumsan tortor quis turpis',220,110);
INSERT INTO AlumChatContent(Content,StudentID,AlumniID) VALUES ('id pretium iaculis diam erat fermentum justo nec condimentum neque sapien placerat ante nulla justo',308,9);
INSERT INTO AlumChatContent(Content,StudentID,AlumniID) VALUES ('ullamcorper augue a suscipit nulla elit ac nulla sed vel enim sit amet nunc viverra dapibus nulla suscipit ligula in lacus curabitur at ipsum ac tellus semper interdum mauris ullamcorper purus sit amet nulla quisque arcu libero rutrum ac lobortis',130,146);
INSERT INTO AlumChatContent(Content,StudentID,AlumniID) VALUES ('sed justo pellentesque viverra pede ac diam cras pellentesque volutpat dui maecenas tristique est et tempus semper est quam pharetra magna ac',420,86);
INSERT INTO AlumChatContent(Content,StudentID,AlumniID) VALUES ('eu orci mauris lacinia sapien quis libero nullam sit amet turpis elementum ligula vehicula consequat morbi a ipsum integer a nibh in quis justo maecenas rhoncus aliquam lacus morbi quis tortor id nulla ultrices aliquet maecenas leo odio condimentum id luctus nec molestie sed justo pellentesque viverra pede ac diam',109,124);
INSERT INTO AlumChatContent(Content,StudentID,AlumniID) VALUES ('nibh fusce lacus purus aliquet at feugiat non pretium quis lectus suspendisse potenti in eleifend quam a odio in',405,117);
INSERT INTO AlumChatContent(Content,StudentID,AlumniID) VALUES ('nam ultrices libero non mattis pulvinar nulla pede ullamcorper augue a suscipit nulla elit ac nulla sed vel enim sit amet nunc viverra dapibus nulla suscipit ligula in lacus curabitur at ipsum ac tellus semper interdum mauris ullamcorper purus sit amet nulla',105,54);
INSERT INTO AlumChatContent(Content,StudentID,AlumniID) VALUES ('proin eu mi nulla ac enim in tempor turpis nec euismod scelerisque quam turpis adipiscing lorem vitae mattis nibh ligula nec sem duis aliquam convallis nunc proin at turpis a pede posuere nonummy integer non velit donec diam neque vestibulum eget',331,139);
INSERT INTO AlumChatContent(Content,StudentID,AlumniID) VALUES ('sapien quis',93,69);
INSERT INTO AlumChatContent(Content,StudentID,AlumniID) VALUES ('vulputate justo in blandit',89,125);
INSERT INTO AlumChatContent(Content,StudentID,AlumniID) VALUES ('eu mi nulla ac enim in tempor turpis nec euismod scelerisque quam turpis adipiscing lorem vitae mattis nibh ligula nec sem duis aliquam convallis nunc proin at turpis a pede posuere nonummy integer non velit donec diam neque vestibulum eget vulputate ut ultrices vel augue vestibulum',36,121);
INSERT INTO AlumChatContent(Content,StudentID,AlumniID) VALUES ('massa id nisl venenatis lacinia aenean sit amet justo morbi ut',366,115);
INSERT INTO AlumChatContent(Content,StudentID,AlumniID) VALUES ('egestas metus aenean fermentum donec ut mauris eget massa tempor convallis nulla neque libero',216,39);
INSERT INTO AlumChatContent(Content,StudentID,AlumniID) VALUES ('ut massa quis augue luctus tincidunt nulla mollis molestie lorem quisque ut erat curabitur gravida nisi at nibh in hac habitasse platea dictumst aliquam augue quam sollicitudin vitae consectetuer eget rutrum at',235,23);
INSERT INTO AlumChatContent(Content,StudentID,AlumniID) VALUES ('adipiscing elit proin risus praesent lectus vestibulum quam sapien varius ut blandit non interdum in ante vestibulum ante ipsum primis in faucibus orci luctus et ultrices posuere cubilia curae duis faucibus accumsan odio',11,68);
INSERT INTO AlumChatContent(Content,StudentID,AlumniID) VALUES ('justo maecenas rhoncus aliquam lacus morbi quis tortor id nulla ultrices aliquet maecenas leo odio condimentum id luctus nec molestie sed justo pellentesque viverra pede ac diam cras pellentesque volutpat dui maecenas tristique est et tempus semper est quam pharetra magna ac consequat metus sapien',259,67);
INSERT INTO AlumChatContent(Content,StudentID,AlumniID) VALUES ('venenatis tristique fusce congue diam id ornare imperdiet sapien urna pretium nisl ut volutpat sapien arcu sed augue aliquam erat volutpat in congue etiam justo etiam pretium iaculis justo in hac habitasse platea dictumst etiam faucibus cursus urna ut',346,5);
INSERT INTO AlumChatContent(Content,StudentID,AlumniID) VALUES ('vestibulum sed magna at nunc commodo placerat praesent blandit nam nulla integer pede justo lacinia eget tincidunt eget tempus vel pede morbi porttitor lorem id ligula suspendisse ornare consequat lectus in est risus auctor sed tristique in tempus sit amet sem fusce consequat nulla nisl',210,24);
INSERT INTO AlumChatContent(Content,StudentID,AlumniID) VALUES ('nec dui luctus rutrum nulla tellus in sagittis dui vel nisl duis ac nibh fusce lacus purus aliquet',389,48);
INSERT INTO AlumChatContent(Content,StudentID,AlumniID) VALUES ('blandit lacinia erat vestibulum sed magna at nunc commodo placerat praesent blandit nam nulla integer pede',297,88);
INSERT INTO AlumChatContent(Content,StudentID,AlumniID) VALUES ('integer a nibh in quis justo maecenas rhoncus aliquam lacus morbi quis tortor id nulla ultrices aliquet',197,98);
INSERT INTO AlumChatContent(Content,StudentID,AlumniID) VALUES ('consequat varius integer ac leo pellentesque ultrices mattis odio donec',118,106);
INSERT INTO AlumChatContent(Content,StudentID,AlumniID) VALUES ('quisque ut erat curabitur gravida nisi at nibh in hac habitasse platea dictumst aliquam augue quam sollicitudin vitae consectetuer eget rutrum at lorem integer tincidunt ante vel ipsum praesent blandit lacinia erat vestibulum sed magna at nunc commodo placerat praesent blandit nam nulla integer pede justo lacinia eget tincidunt eget',399,33);
INSERT INTO AlumChatContent(Content,StudentID,AlumniID) VALUES ('faucibus orci luctus et ultrices posuere cubilia curae donec pharetra magna vestibulum aliquet ultrices erat tortor',346,55);
INSERT INTO AlumChatContent(Content,StudentID,AlumniID) VALUES ('ligula nec sem duis aliquam convallis nunc proin at turpis a pede posuere nonummy integer non velit donec diam',295,104);
INSERT INTO AlumChatContent(Content,StudentID,AlumniID) VALUES ('id mauris vulputate elementum nullam varius nulla facilisi cras non velit nec nisi vulputate nonummy maecenas tincidunt lacus at velit vivamus vel nulla eget eros elementum pellentesque quisque porta volutpat erat',177,145);
INSERT INTO AlumChatContent(Content,StudentID,AlumniID) VALUES ('turpis donec posuere metus vitae ipsum aliquam non mauris morbi non lectus aliquam sit amet diam in magna bibendum imperdiet nullam orci pede venenatis non sodales',224,30);
INSERT INTO AlumChatContent(Content,StudentID,AlumniID) VALUES ('a nibh in quis justo maecenas rhoncus aliquam lacus morbi quis tortor id nulla ultrices aliquet maecenas leo odio condimentum id luctus nec molestie sed justo pellentesque viverra pede ac diam cras pellentesque volutpat dui',283,23);
INSERT INTO AlumChatContent(Content,StudentID,AlumniID) VALUES ('at nunc commodo placerat praesent blandit nam nulla integer pede justo lacinia eget tincidunt eget tempus vel pede morbi porttitor lorem id ligula suspendisse ornare consequat lectus in est risus auctor sed',302,54);
INSERT INTO AlumChatContent(Content,StudentID,AlumniID) VALUES ('purus phasellus in felis donec semper sapien a libero nam dui proin leo odio porttitor id consequat in consequat ut nulla sed accumsan felis ut at dolor quis odio consequat varius integer',80,103);
INSERT INTO AlumChatContent(Content,StudentID,AlumniID) VALUES ('justo sit amet sapien dignissim vestibulum vestibulum ante ipsum primis in faucibus orci luctus et ultrices posuere cubilia curae nulla dapibus dolor vel est donec odio justo sollicitudin ut suscipit a feugiat et',225,118);
INSERT INTO AlumChatContent(Content,StudentID,AlumniID) VALUES ('non velit donec diam neque vestibulum eget vulputate',341,50);
INSERT INTO AlumChatContent(Content,StudentID,AlumniID) VALUES ('id sapien in sapien iaculis congue vivamus metus arcu adipiscing molestie hendrerit at vulputate vitae nisl aenean lectus pellentesque eget nunc donec quis orci eget orci vehicula condimentum curabitur in libero ut massa volutpat convallis morbi odio odio elementum',390,120);
INSERT INTO AlumChatContent(Content,StudentID,AlumniID) VALUES ('nulla tellus in sagittis dui vel nisl duis ac nibh fusce lacus purus aliquet at feugiat non pretium quis lectus suspendisse potenti in eleifend quam',413,137);
INSERT INTO AlumChatContent(Content,StudentID,AlumniID) VALUES ('justo sollicitudin ut suscipit a feugiat et eros vestibulum ac est lacinia nisi venenatis tristique fusce congue diam id ornare imperdiet sapien urna pretium nisl ut volutpat sapien arcu sed augue aliquam erat volutpat in congue etiam justo etiam pretium iaculis justo',73,35);
INSERT INTO AlumChatContent(Content,StudentID,AlumniID) VALUES ('odio odio elementum eu interdum eu tincidunt in leo maecenas pulvinar lobortis est phasellus sit amet erat nulla tempus vivamus in',324,98);
INSERT INTO AlumChatContent(Content,StudentID,AlumniID) VALUES ('imperdiet nullam orci pede venenatis non sodales sed tincidunt eu felis fusce posuere felis sed lacus morbi sem mauris laoreet ut rhoncus aliquet pulvinar sed nisl nunc rhoncus dui vel sem sed sagittis nam congue risus semper porta volutpat quam pede lobortis ligula sit amet eleifend pede libero quis',414,142);
INSERT INTO AlumChatContent(Content,StudentID,AlumniID) VALUES ('morbi non lectus aliquam sit amet diam in magna bibendum imperdiet nullam orci pede venenatis non sodales sed tincidunt eu felis fusce posuere',458,4);
INSERT INTO AlumChatContent(Content,StudentID,AlumniID) VALUES ('id lobortis convallis tortor risus dapibus augue vel accumsan tellus nisi eu orci mauris lacinia sapien quis libero nullam sit amet turpis elementum',418,49);
INSERT INTO AlumChatContent(Content,StudentID,AlumniID) VALUES ('ut erat curabitur gravida nisi at nibh in hac habitasse platea dictumst aliquam augue quam sollicitudin vitae consectetuer eget rutrum at lorem integer tincidunt ante vel ipsum praesent blandit lacinia erat vestibulum sed magna at',319,45);
INSERT INTO AlumChatContent(Content,StudentID,AlumniID) VALUES ('nulla sed accumsan felis ut at dolor quis odio consequat varius integer ac leo pellentesque ultrices mattis odio donec vitae nisi nam ultrices libero non mattis pulvinar nulla pede ullamcorper augue a suscipit nulla elit ac nulla sed vel enim sit amet nunc viverra dapibus',90,100);
INSERT INTO AlumChatContent(Content,StudentID,AlumniID) VALUES ('id turpis integer aliquet massa id lobortis convallis tortor risus dapibus augue vel accumsan tellus nisi eu orci mauris lacinia',343,85);
INSERT INTO AlumChatContent(Content,StudentID,AlumniID) VALUES ('elementum in hac habitasse platea dictumst morbi vestibulum velit id pretium iaculis diam erat fermentum justo nec condimentum neque sapien placerat ante nulla justo aliquam quis turpis eget elit sodales scelerisque mauris sit amet eros suspendisse accumsan tortor quis turpis sed ante vivamus tortor duis mattis',206,104);
INSERT INTO AlumChatContent(Content,StudentID,AlumniID) VALUES ('amet sapien dignissim vestibulum vestibulum ante ipsum',110,74);
INSERT INTO AlumChatContent(Content,StudentID,AlumniID) VALUES ('at ipsum ac tellus semper interdum mauris ullamcorper purus sit amet nulla quisque arcu libero rutrum ac lobortis vel dapibus at diam nam',431,146);
INSERT INTO AlumChatContent(Content,StudentID,AlumniID) VALUES ('ornare imperdiet sapien urna pretium nisl',2,8);
INSERT INTO AlumChatContent(Content,StudentID,AlumniID) VALUES ('id nulla ultrices aliquet maecenas leo odio condimentum id luctus nec molestie sed justo pellentesque viverra pede ac diam cras pellentesque volutpat dui maecenas tristique est et tempus semper est quam pharetra magna ac consequat',107,112);
INSERT INTO AlumChatContent(Content,StudentID,AlumniID) VALUES ('nulla tempus vivamus in felis eu sapien cursus vestibulum proin eu mi nulla ac enim in tempor turpis nec euismod scelerisque quam turpis adipiscing lorem vitae mattis nibh ligula nec',407,45);
INSERT INTO AlumChatContent(Content,StudentID,AlumniID) VALUES ('eleifend quam a odio in hac habitasse',14,66);
INSERT INTO AlumChatContent(Content,StudentID,AlumniID) VALUES ('a pede posuere nonummy',69,119);
INSERT INTO AlumChatContent(Content,StudentID,AlumniID) VALUES ('aliquam convallis nunc proin at turpis a pede posuere nonummy integer non velit donec diam neque vestibulum eget vulputate ut ultrices vel augue vestibulum ante ipsum primis in faucibus orci luctus et',260,145);
INSERT INTO AlumChatContent(Content,StudentID,AlumniID) VALUES ('varius integer ac leo pellentesque ultrices mattis odio donec vitae nisi nam ultrices libero non mattis pulvinar nulla pede ullamcorper augue a suscipit nulla elit ac nulla sed',200,21);
INSERT INTO AlumChatContent(Content,StudentID,AlumniID) VALUES ('tortor quis turpis sed ante vivamus tortor duis mattis egestas metus aenean fermentum donec ut',459,87);
INSERT INTO AlumChatContent(Content,StudentID,AlumniID) VALUES ('luctus et ultrices posuere cubilia curae nulla dapibus dolor vel',150,95);
INSERT INTO AlumChatContent(Content,StudentID,AlumniID) VALUES ('tempor turpis nec euismod scelerisque quam turpis adipiscing lorem vitae mattis nibh ligula nec sem duis aliquam convallis nunc proin at turpis a pede',346,12);
INSERT INTO AlumChatContent(Content,StudentID,AlumniID) VALUES ('elementum eu interdum eu tincidunt in leo maecenas pulvinar lobortis est phasellus sit amet erat nulla tempus vivamus in felis eu sapien cursus vestibulum proin eu mi nulla ac enim in tempor turpis nec euismod scelerisque quam turpis adipiscing lorem vitae',326,60);
INSERT INTO AlumChatContent(Content,StudentID,AlumniID) VALUES ('in porttitor pede justo eu massa donec dapibus duis at velit eu est congue elementum in hac habitasse platea dictumst morbi vestibulum velit id pretium iaculis diam erat fermentum justo nec condimentum neque sapien placerat ante nulla justo aliquam quis turpis eget elit',62,107);
INSERT INTO AlumChatContent(Content,StudentID,AlumniID) VALUES ('non mi integer ac neque duis bibendum morbi non quam nec dui luctus rutrum nulla tellus in',31,138);
INSERT INTO AlumChatContent(Content,StudentID,AlumniID) VALUES ('morbi sem mauris laoreet ut rhoncus aliquet pulvinar sed nisl nunc rhoncus dui vel sem sed sagittis nam congue risus semper porta volutpat quam pede lobortis ligula sit amet eleifend pede libero quis orci nullam molestie nibh in lectus pellentesque at nulla suspendisse',294,86);
INSERT INTO AlumChatContent(Content,StudentID,AlumniID) VALUES ('vel sem sed sagittis nam congue risus semper porta volutpat quam pede lobortis ligula sit amet eleifend',44,79);
INSERT INTO AlumChatContent(Content,StudentID,AlumniID) VALUES ('nisl duis ac nibh fusce lacus purus aliquet at feugiat non pretium quis lectus suspendisse potenti in eleifend quam a odio in hac habitasse platea',455,56);
INSERT INTO AlumChatContent(Content,StudentID,AlumniID) VALUES ('nisi nam ultrices libero non mattis pulvinar nulla pede ullamcorper augue a suscipit nulla elit ac nulla sed vel enim sit amet nunc viverra dapibus nulla suscipit ligula in lacus curabitur at ipsum ac tellus semper interdum mauris ullamcorper purus sit amet nulla quisque',392,144);
INSERT INTO AlumChatContent(Content,StudentID,AlumniID) VALUES ('eget massa tempor convallis nulla neque libero convallis',247,39);
INSERT INTO AlumChatContent(Content,StudentID,AlumniID) VALUES ('praesent blandit nam nulla integer pede justo lacinia eget tincidunt eget tempus vel pede morbi porttitor lorem id ligula suspendisse ornare consequat lectus in est risus auctor sed',63,110);
INSERT INTO AlumChatContent(Content,StudentID,AlumniID) VALUES ('a libero nam dui proin leo odio porttitor id',156,124);
INSERT INTO AlumChatContent(Content,StudentID,AlumniID) VALUES ('et commodo vulputate justo in blandit ultrices enim lorem ipsum dolor sit amet consectetuer adipiscing elit proin interdum mauris non ligula pellentesque ultrices phasellus id sapien',488,128);
INSERT INTO AlumChatContent(Content,StudentID,AlumniID) VALUES ('vivamus vel nulla eget eros elementum pellentesque quisque porta volutpat erat quisque erat eros viverra eget congue eget',279,8);
INSERT INTO AlumChatContent(Content,StudentID,AlumniID) VALUES ('mauris enim leo rhoncus sed vestibulum sit amet cursus id turpis integer aliquet massa id lobortis convallis tortor risus dapibus augue vel accumsan tellus nisi eu orci mauris lacinia sapien quis libero nullam sit amet turpis elementum ligula vehicula consequat morbi a ipsum integer a nibh',14,148);
INSERT INTO AlumChatContent(Content,StudentID,AlumniID) VALUES ('pede venenatis non sodales sed tincidunt eu felis',257,100);
INSERT INTO AlumChatContent(Content,StudentID,AlumniID) VALUES ('curabitur gravida nisi at nibh in hac habitasse platea dictumst aliquam augue quam sollicitudin vitae consectetuer eget rutrum at lorem integer tincidunt ante vel ipsum praesent blandit lacinia erat vestibulum sed magna at nunc commodo placerat praesent blandit nam nulla integer pede justo lacinia eget tincidunt',390,11);
INSERT INTO AlumChatContent(Content,StudentID,AlumniID) VALUES ('in quis justo maecenas rhoncus aliquam lacus morbi quis tortor id nulla ultrices aliquet maecenas leo odio condimentum id luctus nec molestie sed justo pellentesque viverra pede ac diam cras pellentesque volutpat dui maecenas tristique est et tempus',354,40);
INSERT INTO AlumChatContent(Content,StudentID,AlumniID) VALUES ('tristique tortor',95,97);
INSERT INTO AlumChatContent(Content,StudentID,AlumniID) VALUES ('maecenas leo odio condimentum id luctus nec molestie sed justo pellentesque viverra pede ac diam cras pellentesque volutpat dui maecenas tristique est et tempus semper est quam pharetra magna ac consequat metus sapien ut nunc vestibulum ante ipsum primis in',459,92);
INSERT INTO AlumChatContent(Content,StudentID,AlumniID) VALUES ('ut mauris eget massa tempor convallis nulla neque libero convallis eget eleifend luctus ultricies eu nibh quisque id justo sit amet sapien dignissim vestibulum vestibulum ante ipsum primis in faucibus orci luctus et ultrices posuere',151,80);
INSERT INTO AlumChatContent(Content,StudentID,AlumniID) VALUES ('duis at velit eu est congue elementum in hac habitasse platea dictumst morbi vestibulum velit id pretium iaculis diam erat fermentum justo nec condimentum neque sapien placerat ante nulla justo',20,110);
INSERT INTO AlumChatContent(Content,StudentID,AlumniID) VALUES ('quis libero nullam sit',50,29);
INSERT INTO AlumChatContent(Content,StudentID,AlumniID) VALUES ('vivamus metus arcu adipiscing molestie hendrerit at vulputate vitae nisl aenean lectus pellentesque eget nunc donec quis orci eget orci vehicula condimentum curabitur in libero ut massa volutpat convallis morbi odio odio elementum eu interdum eu tincidunt in leo maecenas pulvinar lobortis est phasellus sit amet',262,123);
INSERT INTO AlumChatContent(Content,StudentID,AlumniID) VALUES ('pretium iaculis justo in hac habitasse platea dictumst etiam faucibus cursus urna ut tellus nulla ut erat id mauris vulputate elementum nullam varius nulla facilisi cras non velit nec nisi vulputate nonummy maecenas',441,28);
INSERT INTO AlumChatContent(Content,StudentID,AlumniID) VALUES ('eu felis fusce posuere felis sed lacus',479,39);
INSERT INTO AlumChatContent(Content,StudentID,AlumniID) VALUES ('in hac habitasse platea dictumst aliquam augue quam sollicitudin vitae consectetuer eget rutrum at lorem integer tincidunt ante vel ipsum praesent blandit lacinia erat vestibulum sed magna at nunc commodo placerat praesent blandit nam nulla integer pede justo lacinia eget tincidunt',163,17);
INSERT INTO AlumChatContent(Content,StudentID,AlumniID) VALUES ('luctus et ultrices posuere cubilia curae donec pharetra magna vestibulum aliquet ultrices erat tortor sollicitudin mi sit amet lobortis',111,139);
INSERT INTO AlumChatContent(Content,StudentID,AlumniID) VALUES ('arcu sed augue aliquam erat volutpat in congue etiam justo etiam pretium iaculis justo in hac habitasse platea dictumst etiam faucibus cursus urna ut tellus nulla ut erat id mauris vulputate elementum nullam varius nulla facilisi cras non velit nec nisi vulputate nonummy maecenas tincidunt lacus',300,123);
INSERT INTO AlumChatContent(Content,StudentID,AlumniID) VALUES ('velit donec diam neque vestibulum eget vulputate ut ultrices vel augue vestibulum ante ipsum primis in faucibus orci luctus et ultrices posuere cubilia curae donec pharetra magna vestibulum aliquet ultrices erat tortor sollicitudin mi sit amet lobortis sapien sapien non mi integer ac neque duis bibendum',185,119);
INSERT INTO AlumChatContent(Content,StudentID,AlumniID) VALUES ('non lectus aliquam sit amet diam in magna bibendum imperdiet nullam orci pede venenatis non sodales sed tincidunt eu felis fusce posuere felis sed lacus morbi sem mauris laoreet ut rhoncus aliquet pulvinar sed nisl nunc rhoncus dui vel sem sed sagittis nam congue risus semper porta',350,104);
INSERT INTO AlumChatContent(Content,StudentID,AlumniID) VALUES ('curae mauris viverra diam vitae quam suspendisse potenti nullam porttitor lacus at turpis donec posuere metus vitae ipsum aliquam non mauris morbi non lectus aliquam sit amet diam',251,41);
INSERT INTO AlumChatContent(Content,StudentID,AlumniID) VALUES ('donec semper sapien a libero nam dui proin',13,133);
INSERT INTO AlumChatContent(Content,StudentID,AlumniID) VALUES ('odio consequat varius integer ac leo pellentesque ultrices mattis odio donec vitae nisi nam ultrices libero non mattis pulvinar nulla pede ullamcorper augue a',392,57);
INSERT INTO AlumChatContent(Content,StudentID,AlumniID) VALUES ('congue elementum in hac habitasse platea dictumst morbi vestibulum velit',16,58);
INSERT INTO AlumChatContent(Content,StudentID,AlumniID) VALUES ('integer aliquet massa id lobortis convallis tortor risus dapibus augue vel accumsan tellus nisi eu orci mauris lacinia sapien quis libero nullam sit amet turpis elementum ligula',165,100);
INSERT INTO AlumChatContent(Content,StudentID,AlumniID) VALUES ('rutrum at lorem integer tincidunt ante vel ipsum',447,132);
INSERT INTO AlumChatContent(Content,StudentID,AlumniID) VALUES ('mi in porttitor pede',23,22);
INSERT INTO AlumChatContent(Content,StudentID,AlumniID) VALUES ('id justo sit amet sapien dignissim vestibulum vestibulum ante ipsum primis in faucibus orci luctus et ultrices posuere cubilia curae nulla dapibus dolor vel est donec odio justo',68,35);
INSERT INTO AlumChatContent(Content,StudentID,AlumniID) VALUES ('pellentesque viverra pede ac diam cras pellentesque volutpat dui maecenas tristique',91,120);
INSERT INTO AlumChatContent(Content,StudentID,AlumniID) VALUES ('duis bibendum morbi non quam nec dui luctus rutrum nulla tellus in sagittis dui vel nisl duis ac nibh fusce',154,37);
INSERT INTO AlumChatContent(Content,StudentID,AlumniID) VALUES ('ac consequat metus sapien ut',50,122);
INSERT INTO AlumChatContent(Content,StudentID,AlumniID) VALUES ('natoque penatibus et magnis dis parturient montes nascetur ridiculus mus etiam vel augue vestibulum rutrum rutrum neque aenean auctor gravida sem praesent id massa id nisl',402,36);
INSERT INTO AlumChatContent(Content,StudentID,AlumniID) VALUES ('fermentum justo nec condimentum neque sapien placerat ante nulla justo aliquam quis turpis eget elit sodales scelerisque mauris sit amet eros suspendisse accumsan tortor quis turpis sed ante vivamus tortor duis mattis egestas metus',115,141);
INSERT INTO AlumChatContent(Content,StudentID,AlumniID) VALUES ('volutpat eleifend donec ut dolor morbi vel lectus in quam fringilla rhoncus mauris enim leo rhoncus sed vestibulum sit amet cursus id turpis integer aliquet massa id lobortis convallis tortor risus dapibus augue vel accumsan',331,32);
INSERT INTO AlumChatContent(Content,StudentID,AlumniID) VALUES ('quis libero nullam sit amet turpis elementum ligula vehicula consequat morbi a ipsum integer a nibh in quis justo maecenas rhoncus aliquam lacus morbi quis tortor id nulla ultrices aliquet maecenas leo odio condimentum id',149,111);
INSERT INTO AlumChatContent(Content,StudentID,AlumniID) VALUES ('lectus in quam fringilla rhoncus mauris enim',499,20);
INSERT INTO AlumChatContent(Content,StudentID,AlumniID) VALUES ('at velit vivamus vel nulla eget eros elementum pellentesque quisque porta volutpat erat quisque erat eros viverra eget congue eget semper rutrum nulla nunc purus phasellus in felis donec semper sapien a libero nam',219,113);
INSERT INTO AlumChatContent(Content,StudentID,AlumniID) VALUES ('nisl aenean lectus pellentesque eget nunc donec quis orci eget orci vehicula condimentum curabitur in libero ut massa volutpat convallis morbi odio odio elementum eu interdum eu tincidunt in leo maecenas pulvinar',85,104);
INSERT INTO AlumChatContent(Content,StudentID,AlumniID) VALUES ('tincidunt in leo maecenas pulvinar lobortis est phasellus sit amet erat nulla tempus vivamus in felis eu sapien cursus vestibulum proin eu mi nulla ac enim in tempor turpis nec euismod scelerisque quam turpis adipiscing lorem vitae mattis nibh ligula nec sem duis',387,109);
INSERT INTO AlumChatContent(Content,StudentID,AlumniID) VALUES ('hac habitasse platea dictumst morbi vestibulum velit id pretium iaculis diam erat fermentum justo nec condimentum neque sapien placerat ante nulla justo aliquam quis turpis eget elit sodales scelerisque mauris sit amet eros suspendisse accumsan tortor quis turpis sed ante vivamus tortor duis mattis egestas',376,7);
INSERT INTO AlumChatContent(Content,StudentID,AlumniID) VALUES ('eu interdum eu tincidunt in leo maecenas pulvinar lobortis est phasellus sit amet erat nulla tempus vivamus in felis eu sapien cursus vestibulum proin eu mi nulla ac enim in tempor turpis nec',47,88);
INSERT INTO AlumChatContent(Content,StudentID,AlumniID) VALUES ('vehicula condimentum curabitur in libero ut massa volutpat convallis morbi odio odio elementum eu interdum eu tincidunt in leo maecenas pulvinar lobortis',168,56);
INSERT INTO AlumChatContent(Content,StudentID,AlumniID) VALUES ('metus aenean fermentum donec ut mauris eget massa tempor convallis nulla neque',58,149);
INSERT INTO AlumChatContent(Content,StudentID,AlumniID) VALUES ('penatibus et magnis dis parturient montes nascetur ridiculus mus',295,34);
INSERT INTO AlumChatContent(Content,StudentID,AlumniID) VALUES ('amet sapien dignissim vestibulum vestibulum ante ipsum primis in faucibus orci luctus et ultrices posuere cubilia curae nulla dapibus dolor',375,25);
INSERT INTO AlumChatContent(Content,StudentID,AlumniID) VALUES ('vestibulum aliquet ultrices erat tortor sollicitudin mi sit amet lobortis sapien sapien non mi integer ac neque duis bibendum morbi non quam nec dui luctus rutrum nulla tellus in sagittis dui vel nisl duis ac nibh fusce lacus purus aliquet at feugiat non pretium quis lectus suspendisse potenti in',274,137);
INSERT INTO AlumChatContent(Content,StudentID,AlumniID) VALUES ('nulla sed accumsan felis',186,28);
INSERT INTO AlumChatContent(Content,StudentID,AlumniID) VALUES ('quam suspendisse potenti nullam porttitor lacus at turpis donec posuere metus vitae ipsum aliquam non mauris morbi non',147,119);
INSERT INTO AlumChatContent(Content,StudentID,AlumniID) VALUES ('in hac habitasse platea dictumst aliquam augue quam sollicitudin vitae consectetuer eget rutrum at lorem integer tincidunt ante',315,13);


DROP TABLE IF EXISTS CollegePreferences;
CREATE TABLE CollegePreferences(
   CPID        INTEGER  NOT NULL
  ,StudentID   INTEGER  NOT NULL
  ,GreekLife   VARCHAR(5) NOT NULL
  ,Size        VARCHAR(6) NOT NULL
  ,Temperature VARCHAR(4) NOT NULL
  ,PRIMARY KEY(CPID,StudentID)
);
INSERT INTO CollegePreferences(CPID,StudentID,GreekLife,Size,Temperature) VALUES (1,1,'false','Medium','Cold');
INSERT INTO CollegePreferences(CPID,StudentID,GreekLife,Size,Temperature) VALUES (2,2,'false','Medium','Mild');
INSERT INTO CollegePreferences(CPID,StudentID,GreekLife,Size,Temperature) VALUES (3,3,'true','Large','Hot');
INSERT INTO CollegePreferences(CPID,StudentID,GreekLife,Size,Temperature) VALUES (4,4,'false','Small','Cold');
INSERT INTO CollegePreferences(CPID,StudentID,GreekLife,Size,Temperature) VALUES (5,5,'true','Small','Hot');
INSERT INTO CollegePreferences(CPID,StudentID,GreekLife,Size,Temperature) VALUES (6,6,'true','Small','Mild');
INSERT INTO CollegePreferences(CPID,StudentID,GreekLife,Size,Temperature) VALUES (7,7,'false','Large','Cold');
INSERT INTO CollegePreferences(CPID,StudentID,GreekLife,Size,Temperature) VALUES (8,8,'false','Small','Hot');
INSERT INTO CollegePreferences(CPID,StudentID,GreekLife,Size,Temperature) VALUES (9,9,'false','Small','Cold');
INSERT INTO CollegePreferences(CPID,StudentID,GreekLife,Size,Temperature) VALUES (10,10,'true','Small','Mild');
INSERT INTO CollegePreferences(CPID,StudentID,GreekLife,Size,Temperature) VALUES (11,11,'true','Medium','Warm');
INSERT INTO CollegePreferences(CPID,StudentID,GreekLife,Size,Temperature) VALUES (12,12,'false','Medium','Cold');
INSERT INTO CollegePreferences(CPID,StudentID,GreekLife,Size,Temperature) VALUES (13,13,'false','Small','Warm');
INSERT INTO CollegePreferences(CPID,StudentID,GreekLife,Size,Temperature) VALUES (14,14,'false','Large','Cold');
INSERT INTO CollegePreferences(CPID,StudentID,GreekLife,Size,Temperature) VALUES (15,15,'false','Large','Hot');
INSERT INTO CollegePreferences(CPID,StudentID,GreekLife,Size,Temperature) VALUES (16,16,'true','Large','Cold');
INSERT INTO CollegePreferences(CPID,StudentID,GreekLife,Size,Temperature) VALUES (17,17,'true','Medium','Mild');
INSERT INTO CollegePreferences(CPID,StudentID,GreekLife,Size,Temperature) VALUES (18,18,'true','Medium','Mild');
INSERT INTO CollegePreferences(CPID,StudentID,GreekLife,Size,Temperature) VALUES (19,19,'false','Medium','Warm');
INSERT INTO CollegePreferences(CPID,StudentID,GreekLife,Size,Temperature) VALUES (20,20,'true','Medium','Mild');
INSERT INTO CollegePreferences(CPID,StudentID,GreekLife,Size,Temperature) VALUES (21,21,'true','Large','Mild');
INSERT INTO CollegePreferences(CPID,StudentID,GreekLife,Size,Temperature) VALUES (22,22,'true','Small','Hot');
INSERT INTO CollegePreferences(CPID,StudentID,GreekLife,Size,Temperature) VALUES (23,23,'true','Small','Mild');
INSERT INTO CollegePreferences(CPID,StudentID,GreekLife,Size,Temperature) VALUES (24,24,'false','Medium','Warm');
INSERT INTO CollegePreferences(CPID,StudentID,GreekLife,Size,Temperature) VALUES (25,25,'true','Medium','Hot');
INSERT INTO CollegePreferences(CPID,StudentID,GreekLife,Size,Temperature) VALUES (26,26,'false','Large','Cold');
INSERT INTO CollegePreferences(CPID,StudentID,GreekLife,Size,Temperature) VALUES (27,27,'false','Large','Hot');
INSERT INTO CollegePreferences(CPID,StudentID,GreekLife,Size,Temperature) VALUES (28,28,'false','Medium','Warm');
INSERT INTO CollegePreferences(CPID,StudentID,GreekLife,Size,Temperature) VALUES (29,29,'false','Small','Cold');
INSERT INTO CollegePreferences(CPID,StudentID,GreekLife,Size,Temperature) VALUES (30,30,'true','Medium','Mild');
INSERT INTO CollegePreferences(CPID,StudentID,GreekLife,Size,Temperature) VALUES (31,31,'true','Medium','Cold');
INSERT INTO CollegePreferences(CPID,StudentID,GreekLife,Size,Temperature) VALUES (32,32,'true','Medium','Mild');
INSERT INTO CollegePreferences(CPID,StudentID,GreekLife,Size,Temperature) VALUES (33,33,'false','Large','Mild');
INSERT INTO CollegePreferences(CPID,StudentID,GreekLife,Size,Temperature) VALUES (34,34,'true','Medium','Mild');
INSERT INTO CollegePreferences(CPID,StudentID,GreekLife,Size,Temperature) VALUES (35,35,'true','Small','Warm');
INSERT INTO CollegePreferences(CPID,StudentID,GreekLife,Size,Temperature) VALUES (36,36,'false','Medium','Mild');
INSERT INTO CollegePreferences(CPID,StudentID,GreekLife,Size,Temperature) VALUES (37,37,'true','Small','Warm');
INSERT INTO CollegePreferences(CPID,StudentID,GreekLife,Size,Temperature) VALUES (38,38,'false','Medium','Cold');
INSERT INTO CollegePreferences(CPID,StudentID,GreekLife,Size,Temperature) VALUES (39,39,'false','Medium','Hot');
INSERT INTO CollegePreferences(CPID,StudentID,GreekLife,Size,Temperature) VALUES (40,40,'true','Large','Hot');
INSERT INTO CollegePreferences(CPID,StudentID,GreekLife,Size,Temperature) VALUES (41,41,'true','Medium','Warm');
INSERT INTO CollegePreferences(CPID,StudentID,GreekLife,Size,Temperature) VALUES (42,42,'false','Medium','Hot');
INSERT INTO CollegePreferences(CPID,StudentID,GreekLife,Size,Temperature) VALUES (43,43,'true','Small','Warm');
INSERT INTO CollegePreferences(CPID,StudentID,GreekLife,Size,Temperature) VALUES (44,44,'false','Small','Warm');
INSERT INTO CollegePreferences(CPID,StudentID,GreekLife,Size,Temperature) VALUES (45,45,'true','Small','Warm');
INSERT INTO CollegePreferences(CPID,StudentID,GreekLife,Size,Temperature) VALUES (46,46,'false','Large','Hot');
INSERT INTO CollegePreferences(CPID,StudentID,GreekLife,Size,Temperature) VALUES (47,47,'true','Small','Hot');
INSERT INTO CollegePreferences(CPID,StudentID,GreekLife,Size,Temperature) VALUES (48,48,'true','Large','Warm');
INSERT INTO CollegePreferences(CPID,StudentID,GreekLife,Size,Temperature) VALUES (49,49,'false','Medium','Cold');
INSERT INTO CollegePreferences(CPID,StudentID,GreekLife,Size,Temperature) VALUES (50,50,'true','Medium','Hot');
INSERT INTO CollegePreferences(CPID,StudentID,GreekLife,Size,Temperature) VALUES (51,51,'true','Medium','Cold');
INSERT INTO CollegePreferences(CPID,StudentID,GreekLife,Size,Temperature) VALUES (52,52,'true','Small','Cold');
INSERT INTO CollegePreferences(CPID,StudentID,GreekLife,Size,Temperature) VALUES (53,53,'true','Small','Hot');
INSERT INTO CollegePreferences(CPID,StudentID,GreekLife,Size,Temperature) VALUES (54,54,'true','Medium','Hot');
INSERT INTO CollegePreferences(CPID,StudentID,GreekLife,Size,Temperature) VALUES (55,55,'false','Medium','Warm');
INSERT INTO CollegePreferences(CPID,StudentID,GreekLife,Size,Temperature) VALUES (56,56,'false','Small','Mild');
INSERT INTO CollegePreferences(CPID,StudentID,GreekLife,Size,Temperature) VALUES (57,57,'false','Medium','Cold');
INSERT INTO CollegePreferences(CPID,StudentID,GreekLife,Size,Temperature) VALUES (58,58,'true','Large','Cold');
INSERT INTO CollegePreferences(CPID,StudentID,GreekLife,Size,Temperature) VALUES (59,59,'false','Large','Warm');
INSERT INTO CollegePreferences(CPID,StudentID,GreekLife,Size,Temperature) VALUES (60,60,'true','Medium','Warm');
INSERT INTO CollegePreferences(CPID,StudentID,GreekLife,Size,Temperature) VALUES (61,61,'false','Small','Mild');
INSERT INTO CollegePreferences(CPID,StudentID,GreekLife,Size,Temperature) VALUES (62,62,'true','Large','Warm');
INSERT INTO CollegePreferences(CPID,StudentID,GreekLife,Size,Temperature) VALUES (63,63,'false','Large','Cold');
INSERT INTO CollegePreferences(CPID,StudentID,GreekLife,Size,Temperature) VALUES (64,64,'true','Large','Mild');
INSERT INTO CollegePreferences(CPID,StudentID,GreekLife,Size,Temperature) VALUES (65,65,'false','Large','Hot');
INSERT INTO CollegePreferences(CPID,StudentID,GreekLife,Size,Temperature) VALUES (66,66,'true','Medium','Hot');
INSERT INTO CollegePreferences(CPID,StudentID,GreekLife,Size,Temperature) VALUES (67,67,'true','Large','Warm');
INSERT INTO CollegePreferences(CPID,StudentID,GreekLife,Size,Temperature) VALUES (68,68,'false','Large','Mild');
INSERT INTO CollegePreferences(CPID,StudentID,GreekLife,Size,Temperature) VALUES (69,69,'false','Large','Mild');
INSERT INTO CollegePreferences(CPID,StudentID,GreekLife,Size,Temperature) VALUES (70,70,'false','Large','Warm');
INSERT INTO CollegePreferences(CPID,StudentID,GreekLife,Size,Temperature) VALUES (71,71,'true','Small','Hot');
INSERT INTO CollegePreferences(CPID,StudentID,GreekLife,Size,Temperature) VALUES (72,72,'true','Small','Hot');
INSERT INTO CollegePreferences(CPID,StudentID,GreekLife,Size,Temperature) VALUES (73,73,'true','Medium','Hot');
INSERT INTO CollegePreferences(CPID,StudentID,GreekLife,Size,Temperature) VALUES (74,74,'true','Large','Hot');
INSERT INTO CollegePreferences(CPID,StudentID,GreekLife,Size,Temperature) VALUES (75,75,'true','Medium','Mild');
INSERT INTO CollegePreferences(CPID,StudentID,GreekLife,Size,Temperature) VALUES (76,76,'false','Large','Hot');
INSERT INTO CollegePreferences(CPID,StudentID,GreekLife,Size,Temperature) VALUES (77,77,'true','Medium','Hot');
INSERT INTO CollegePreferences(CPID,StudentID,GreekLife,Size,Temperature) VALUES (78,78,'true','Small','Warm');
INSERT INTO CollegePreferences(CPID,StudentID,GreekLife,Size,Temperature) VALUES (79,79,'true','Large','Hot');
INSERT INTO CollegePreferences(CPID,StudentID,GreekLife,Size,Temperature) VALUES (80,80,'true','Medium','Cold');
INSERT INTO CollegePreferences(CPID,StudentID,GreekLife,Size,Temperature) VALUES (81,81,'true','Small','Cold');
INSERT INTO CollegePreferences(CPID,StudentID,GreekLife,Size,Temperature) VALUES (82,82,'false','Medium','Warm');
INSERT INTO CollegePreferences(CPID,StudentID,GreekLife,Size,Temperature) VALUES (83,83,'true','Large','Hot');
INSERT INTO CollegePreferences(CPID,StudentID,GreekLife,Size,Temperature) VALUES (84,84,'true','Large','Warm');
INSERT INTO CollegePreferences(CPID,StudentID,GreekLife,Size,Temperature) VALUES (85,85,'true','Large','Warm');
INSERT INTO CollegePreferences(CPID,StudentID,GreekLife,Size,Temperature) VALUES (86,86,'false','Small','Hot');
INSERT INTO CollegePreferences(CPID,StudentID,GreekLife,Size,Temperature) VALUES (87,87,'true','Large','Warm');
INSERT INTO CollegePreferences(CPID,StudentID,GreekLife,Size,Temperature) VALUES (88,88,'true','Small','Cold');
INSERT INTO CollegePreferences(CPID,StudentID,GreekLife,Size,Temperature) VALUES (89,89,'false','Large','Mild');
INSERT INTO CollegePreferences(CPID,StudentID,GreekLife,Size,Temperature) VALUES (90,90,'true','Medium','Cold');
INSERT INTO CollegePreferences(CPID,StudentID,GreekLife,Size,Temperature) VALUES (91,91,'false','Medium','Warm');
INSERT INTO CollegePreferences(CPID,StudentID,GreekLife,Size,Temperature) VALUES (92,92,'false','Small','Hot');
INSERT INTO CollegePreferences(CPID,StudentID,GreekLife,Size,Temperature) VALUES (93,93,'true','Small','Warm');
INSERT INTO CollegePreferences(CPID,StudentID,GreekLife,Size,Temperature) VALUES (94,94,'true','Large','Cold');
INSERT INTO CollegePreferences(CPID,StudentID,GreekLife,Size,Temperature) VALUES (95,95,'false','Large','Cold');
INSERT INTO CollegePreferences(CPID,StudentID,GreekLife,Size,Temperature) VALUES (96,96,'true','Small','Mild');
INSERT INTO CollegePreferences(CPID,StudentID,GreekLife,Size,Temperature) VALUES (97,97,'false','Medium','Hot');
INSERT INTO CollegePreferences(CPID,StudentID,GreekLife,Size,Temperature) VALUES (98,98,'true','Small','Cold');
INSERT INTO CollegePreferences(CPID,StudentID,GreekLife,Size,Temperature) VALUES (99,99,'true','Small','Hot');
INSERT INTO CollegePreferences(CPID,StudentID,GreekLife,Size,Temperature) VALUES (100,100,'true','Large','Cold');
INSERT INTO CollegePreferences(CPID,StudentID,GreekLife,Size,Temperature) VALUES (101,101,'true','Small','Cold');
INSERT INTO CollegePreferences(CPID,StudentID,GreekLife,Size,Temperature) VALUES (102,102,'false','Large','Mild');
INSERT INTO CollegePreferences(CPID,StudentID,GreekLife,Size,Temperature) VALUES (103,103,'true','Medium','Warm');
INSERT INTO CollegePreferences(CPID,StudentID,GreekLife,Size,Temperature) VALUES (104,104,'true','Small','Hot');
INSERT INTO CollegePreferences(CPID,StudentID,GreekLife,Size,Temperature) VALUES (105,105,'false','Small','Mild');
INSERT INTO CollegePreferences(CPID,StudentID,GreekLife,Size,Temperature) VALUES (106,106,'false','Large','Mild');
INSERT INTO CollegePreferences(CPID,StudentID,GreekLife,Size,Temperature) VALUES (107,107,'false','Large','Cold');
INSERT INTO CollegePreferences(CPID,StudentID,GreekLife,Size,Temperature) VALUES (108,108,'false','Medium','Cold');
INSERT INTO CollegePreferences(CPID,StudentID,GreekLife,Size,Temperature) VALUES (109,109,'true','Large','Hot');
INSERT INTO CollegePreferences(CPID,StudentID,GreekLife,Size,Temperature) VALUES (110,110,'true','Small','Hot');
INSERT INTO CollegePreferences(CPID,StudentID,GreekLife,Size,Temperature) VALUES (111,111,'true','Medium','Hot');
INSERT INTO CollegePreferences(CPID,StudentID,GreekLife,Size,Temperature) VALUES (112,112,'true','Small','Hot');
INSERT INTO CollegePreferences(CPID,StudentID,GreekLife,Size,Temperature) VALUES (113,113,'true','Medium','Hot');
INSERT INTO CollegePreferences(CPID,StudentID,GreekLife,Size,Temperature) VALUES (114,114,'true','Large','Warm');
INSERT INTO CollegePreferences(CPID,StudentID,GreekLife,Size,Temperature) VALUES (115,115,'true','Large','Mild');
INSERT INTO CollegePreferences(CPID,StudentID,GreekLife,Size,Temperature) VALUES (116,116,'true','Small','Mild');
INSERT INTO CollegePreferences(CPID,StudentID,GreekLife,Size,Temperature) VALUES (117,117,'false','Small','Warm');
INSERT INTO CollegePreferences(CPID,StudentID,GreekLife,Size,Temperature) VALUES (118,118,'false','Large','Warm');
INSERT INTO CollegePreferences(CPID,StudentID,GreekLife,Size,Temperature) VALUES (119,119,'false','Small','Warm');
INSERT INTO CollegePreferences(CPID,StudentID,GreekLife,Size,Temperature) VALUES (120,120,'true','Large','Hot');
INSERT INTO CollegePreferences(CPID,StudentID,GreekLife,Size,Temperature) VALUES (121,121,'true','Small','Cold');
INSERT INTO CollegePreferences(CPID,StudentID,GreekLife,Size,Temperature) VALUES (122,122,'true','Medium','Mild');
INSERT INTO CollegePreferences(CPID,StudentID,GreekLife,Size,Temperature) VALUES (123,123,'true','Large','Hot');
INSERT INTO CollegePreferences(CPID,StudentID,GreekLife,Size,Temperature) VALUES (124,124,'true','Medium','Hot');
INSERT INTO CollegePreferences(CPID,StudentID,GreekLife,Size,Temperature) VALUES (125,125,'false','Medium','Mild');
INSERT INTO CollegePreferences(CPID,StudentID,GreekLife,Size,Temperature) VALUES (126,126,'false','Large','Cold');
INSERT INTO CollegePreferences(CPID,StudentID,GreekLife,Size,Temperature) VALUES (127,127,'false','Large','Hot');
INSERT INTO CollegePreferences(CPID,StudentID,GreekLife,Size,Temperature) VALUES (128,128,'false','Small','Warm');
INSERT INTO CollegePreferences(CPID,StudentID,GreekLife,Size,Temperature) VALUES (129,129,'true','Medium','Mild');
INSERT INTO CollegePreferences(CPID,StudentID,GreekLife,Size,Temperature) VALUES (130,130,'false','Large','Cold');
INSERT INTO CollegePreferences(CPID,StudentID,GreekLife,Size,Temperature) VALUES (131,131,'false','Medium','Cold');
INSERT INTO CollegePreferences(CPID,StudentID,GreekLife,Size,Temperature) VALUES (132,132,'false','Medium','Cold');
INSERT INTO CollegePreferences(CPID,StudentID,GreekLife,Size,Temperature) VALUES (133,133,'true','Small','Mild');
INSERT INTO CollegePreferences(CPID,StudentID,GreekLife,Size,Temperature) VALUES (134,134,'true','Small','Cold');
INSERT INTO CollegePreferences(CPID,StudentID,GreekLife,Size,Temperature) VALUES (135,135,'false','Medium','Mild');
INSERT INTO CollegePreferences(CPID,StudentID,GreekLife,Size,Temperature) VALUES (136,136,'false','Medium','Cold');
INSERT INTO CollegePreferences(CPID,StudentID,GreekLife,Size,Temperature) VALUES (137,137,'false','Small','Cold');
INSERT INTO CollegePreferences(CPID,StudentID,GreekLife,Size,Temperature) VALUES (138,138,'false','Medium','Warm');
INSERT INTO CollegePreferences(CPID,StudentID,GreekLife,Size,Temperature) VALUES (139,139,'true','Large','Hot');
INSERT INTO CollegePreferences(CPID,StudentID,GreekLife,Size,Temperature) VALUES (140,140,'true','Small','Hot');
INSERT INTO CollegePreferences(CPID,StudentID,GreekLife,Size,Temperature) VALUES (141,141,'false','Medium','Cold');
INSERT INTO CollegePreferences(CPID,StudentID,GreekLife,Size,Temperature) VALUES (142,142,'false','Medium','Cold');
INSERT INTO CollegePreferences(CPID,StudentID,GreekLife,Size,Temperature) VALUES (143,143,'true','Small','Mild');
INSERT INTO CollegePreferences(CPID,StudentID,GreekLife,Size,Temperature) VALUES (144,144,'false','Small','Warm');
INSERT INTO CollegePreferences(CPID,StudentID,GreekLife,Size,Temperature) VALUES (145,145,'true','Large','Cold');
INSERT INTO CollegePreferences(CPID,StudentID,GreekLife,Size,Temperature) VALUES (146,146,'true','Large','Warm');
INSERT INTO CollegePreferences(CPID,StudentID,GreekLife,Size,Temperature) VALUES (147,147,'true','Large','Mild');
INSERT INTO CollegePreferences(CPID,StudentID,GreekLife,Size,Temperature) VALUES (148,148,'true','Small','Cold');
INSERT INTO CollegePreferences(CPID,StudentID,GreekLife,Size,Temperature) VALUES (149,149,'true','Large','Warm');
INSERT INTO CollegePreferences(CPID,StudentID,GreekLife,Size,Temperature) VALUES (150,150,'true','Medium','Mild');
INSERT INTO CollegePreferences(CPID,StudentID,GreekLife,Size,Temperature) VALUES (151,151,'true','Medium','Mild');
INSERT INTO CollegePreferences(CPID,StudentID,GreekLife,Size,Temperature) VALUES (152,152,'false','Medium','Mild');
INSERT INTO CollegePreferences(CPID,StudentID,GreekLife,Size,Temperature) VALUES (153,153,'true','Medium','Hot');
INSERT INTO CollegePreferences(CPID,StudentID,GreekLife,Size,Temperature) VALUES (154,154,'false','Small','Warm');
INSERT INTO CollegePreferences(CPID,StudentID,GreekLife,Size,Temperature) VALUES (155,155,'false','Large','Mild');
INSERT INTO CollegePreferences(CPID,StudentID,GreekLife,Size,Temperature) VALUES (156,156,'true','Small','Hot');
INSERT INTO CollegePreferences(CPID,StudentID,GreekLife,Size,Temperature) VALUES (157,157,'false','Large','Mild');
INSERT INTO CollegePreferences(CPID,StudentID,GreekLife,Size,Temperature) VALUES (158,158,'false','Large','Mild');
INSERT INTO CollegePreferences(CPID,StudentID,GreekLife,Size,Temperature) VALUES (159,159,'false','Medium','Hot');
INSERT INTO CollegePreferences(CPID,StudentID,GreekLife,Size,Temperature) VALUES (160,160,'true','Large','Mild');
INSERT INTO CollegePreferences(CPID,StudentID,GreekLife,Size,Temperature) VALUES (161,161,'true','Large','Mild');
INSERT INTO CollegePreferences(CPID,StudentID,GreekLife,Size,Temperature) VALUES (162,162,'false','Small','Hot');
INSERT INTO CollegePreferences(CPID,StudentID,GreekLife,Size,Temperature) VALUES (163,163,'false','Medium','Warm');
INSERT INTO CollegePreferences(CPID,StudentID,GreekLife,Size,Temperature) VALUES (164,164,'true','Small','Mild');
INSERT INTO CollegePreferences(CPID,StudentID,GreekLife,Size,Temperature) VALUES (165,165,'false','Large','Hot');
INSERT INTO CollegePreferences(CPID,StudentID,GreekLife,Size,Temperature) VALUES (166,166,'false','Small','Hot');
INSERT INTO CollegePreferences(CPID,StudentID,GreekLife,Size,Temperature) VALUES (167,167,'false','Medium','Hot');
INSERT INTO CollegePreferences(CPID,StudentID,GreekLife,Size,Temperature) VALUES (168,168,'false','Large','Hot');
INSERT INTO CollegePreferences(CPID,StudentID,GreekLife,Size,Temperature) VALUES (169,169,'true','Medium','Cold');
INSERT INTO CollegePreferences(CPID,StudentID,GreekLife,Size,Temperature) VALUES (170,170,'true','Small','Hot');
INSERT INTO CollegePreferences(CPID,StudentID,GreekLife,Size,Temperature) VALUES (171,171,'false','Medium','Cold');
INSERT INTO CollegePreferences(CPID,StudentID,GreekLife,Size,Temperature) VALUES (172,172,'true','Medium','Cold');
INSERT INTO CollegePreferences(CPID,StudentID,GreekLife,Size,Temperature) VALUES (173,173,'false','Small','Warm');
INSERT INTO CollegePreferences(CPID,StudentID,GreekLife,Size,Temperature) VALUES (174,174,'false','Small','Warm');
INSERT INTO CollegePreferences(CPID,StudentID,GreekLife,Size,Temperature) VALUES (175,175,'true','Medium','Cold');
INSERT INTO CollegePreferences(CPID,StudentID,GreekLife,Size,Temperature) VALUES (176,176,'true','Medium','Warm');
INSERT INTO CollegePreferences(CPID,StudentID,GreekLife,Size,Temperature) VALUES (177,177,'false','Large','Mild');
INSERT INTO CollegePreferences(CPID,StudentID,GreekLife,Size,Temperature) VALUES (178,178,'true','Large','Mild');
INSERT INTO CollegePreferences(CPID,StudentID,GreekLife,Size,Temperature) VALUES (179,179,'false','Medium','Mild');
INSERT INTO CollegePreferences(CPID,StudentID,GreekLife,Size,Temperature) VALUES (180,180,'true','Large','Cold');
INSERT INTO CollegePreferences(CPID,StudentID,GreekLife,Size,Temperature) VALUES (181,181,'true','Large','Mild');
INSERT INTO CollegePreferences(CPID,StudentID,GreekLife,Size,Temperature) VALUES (182,182,'true','Medium','Mild');
INSERT INTO CollegePreferences(CPID,StudentID,GreekLife,Size,Temperature) VALUES (183,183,'true','Medium','Mild');
INSERT INTO CollegePreferences(CPID,StudentID,GreekLife,Size,Temperature) VALUES (184,184,'true','Medium','Mild');
INSERT INTO CollegePreferences(CPID,StudentID,GreekLife,Size,Temperature) VALUES (185,185,'true','Medium','Cold');
INSERT INTO CollegePreferences(CPID,StudentID,GreekLife,Size,Temperature) VALUES (186,186,'false','Large','Warm');
INSERT INTO CollegePreferences(CPID,StudentID,GreekLife,Size,Temperature) VALUES (187,187,'false','Medium','Cold');
INSERT INTO CollegePreferences(CPID,StudentID,GreekLife,Size,Temperature) VALUES (188,188,'true','Medium','Cold');
INSERT INTO CollegePreferences(CPID,StudentID,GreekLife,Size,Temperature) VALUES (189,189,'false','Medium','Mild');
INSERT INTO CollegePreferences(CPID,StudentID,GreekLife,Size,Temperature) VALUES (190,190,'true','Medium','Mild');
INSERT INTO CollegePreferences(CPID,StudentID,GreekLife,Size,Temperature) VALUES (191,191,'true','Medium','Cold');
INSERT INTO CollegePreferences(CPID,StudentID,GreekLife,Size,Temperature) VALUES (192,192,'false','Large','Cold');
INSERT INTO CollegePreferences(CPID,StudentID,GreekLife,Size,Temperature) VALUES (193,193,'false','Small','Warm');
INSERT INTO CollegePreferences(CPID,StudentID,GreekLife,Size,Temperature) VALUES (194,194,'true','Small','Warm');
INSERT INTO CollegePreferences(CPID,StudentID,GreekLife,Size,Temperature) VALUES (195,195,'false','Medium','Mild');
INSERT INTO CollegePreferences(CPID,StudentID,GreekLife,Size,Temperature) VALUES (196,196,'true','Small','Cold');
INSERT INTO CollegePreferences(CPID,StudentID,GreekLife,Size,Temperature) VALUES (197,197,'false','Small','Hot');
INSERT INTO CollegePreferences(CPID,StudentID,GreekLife,Size,Temperature) VALUES (198,198,'false','Small','Mild');
INSERT INTO CollegePreferences(CPID,StudentID,GreekLife,Size,Temperature) VALUES (199,199,'true','Large','Mild');
INSERT INTO CollegePreferences(CPID,StudentID,GreekLife,Size,Temperature) VALUES (200,200,'false','Large','Warm');
INSERT INTO CollegePreferences(CPID,StudentID,GreekLife,Size,Temperature) VALUES (201,201,'true','Medium','Warm');
INSERT INTO CollegePreferences(CPID,StudentID,GreekLife,Size,Temperature) VALUES (202,202,'false','Medium','Cold');
INSERT INTO CollegePreferences(CPID,StudentID,GreekLife,Size,Temperature) VALUES (203,203,'true','Large','Hot');
INSERT INTO CollegePreferences(CPID,StudentID,GreekLife,Size,Temperature) VALUES (204,204,'true','Large','Hot');
INSERT INTO CollegePreferences(CPID,StudentID,GreekLife,Size,Temperature) VALUES (205,205,'true','Medium','Hot');
INSERT INTO CollegePreferences(CPID,StudentID,GreekLife,Size,Temperature) VALUES (206,206,'true','Large','Warm');
INSERT INTO CollegePreferences(CPID,StudentID,GreekLife,Size,Temperature) VALUES (207,207,'false','Large','Mild');
INSERT INTO CollegePreferences(CPID,StudentID,GreekLife,Size,Temperature) VALUES (208,208,'false','Large','Hot');
INSERT INTO CollegePreferences(CPID,StudentID,GreekLife,Size,Temperature) VALUES (209,209,'false','Medium','Hot');
INSERT INTO CollegePreferences(CPID,StudentID,GreekLife,Size,Temperature) VALUES (210,210,'true','Small','Hot');
INSERT INTO CollegePreferences(CPID,StudentID,GreekLife,Size,Temperature) VALUES (211,211,'false','Small','Hot');
INSERT INTO CollegePreferences(CPID,StudentID,GreekLife,Size,Temperature) VALUES (212,212,'true','Medium','Cold');
INSERT INTO CollegePreferences(CPID,StudentID,GreekLife,Size,Temperature) VALUES (213,213,'true','Small','Mild');
INSERT INTO CollegePreferences(CPID,StudentID,GreekLife,Size,Temperature) VALUES (214,214,'true','Medium','Hot');
INSERT INTO CollegePreferences(CPID,StudentID,GreekLife,Size,Temperature) VALUES (215,215,'true','Medium','Hot');
INSERT INTO CollegePreferences(CPID,StudentID,GreekLife,Size,Temperature) VALUES (216,216,'true','Small','Hot');
INSERT INTO CollegePreferences(CPID,StudentID,GreekLife,Size,Temperature) VALUES (217,217,'false','Medium','Cold');
INSERT INTO CollegePreferences(CPID,StudentID,GreekLife,Size,Temperature) VALUES (218,218,'false','Medium','Warm');
INSERT INTO CollegePreferences(CPID,StudentID,GreekLife,Size,Temperature) VALUES (219,219,'true','Medium','Hot');
INSERT INTO CollegePreferences(CPID,StudentID,GreekLife,Size,Temperature) VALUES (220,220,'false','Large','Cold');
INSERT INTO CollegePreferences(CPID,StudentID,GreekLife,Size,Temperature) VALUES (221,221,'true','Large','Cold');
INSERT INTO CollegePreferences(CPID,StudentID,GreekLife,Size,Temperature) VALUES (222,222,'true','Medium','Mild');
INSERT INTO CollegePreferences(CPID,StudentID,GreekLife,Size,Temperature) VALUES (223,223,'true','Small','Warm');
INSERT INTO CollegePreferences(CPID,StudentID,GreekLife,Size,Temperature) VALUES (224,224,'false','Small','Cold');
INSERT INTO CollegePreferences(CPID,StudentID,GreekLife,Size,Temperature) VALUES (225,225,'false','Large','Hot');
INSERT INTO CollegePreferences(CPID,StudentID,GreekLife,Size,Temperature) VALUES (226,226,'true','Medium','Hot');
INSERT INTO CollegePreferences(CPID,StudentID,GreekLife,Size,Temperature) VALUES (227,227,'true','Medium','Mild');
INSERT INTO CollegePreferences(CPID,StudentID,GreekLife,Size,Temperature) VALUES (228,228,'false','Small','Hot');
INSERT INTO CollegePreferences(CPID,StudentID,GreekLife,Size,Temperature) VALUES (229,229,'false','Small','Warm');
INSERT INTO CollegePreferences(CPID,StudentID,GreekLife,Size,Temperature) VALUES (230,230,'true','Medium','Mild');
INSERT INTO CollegePreferences(CPID,StudentID,GreekLife,Size,Temperature) VALUES (231,231,'false','Small','Mild');
INSERT INTO CollegePreferences(CPID,StudentID,GreekLife,Size,Temperature) VALUES (232,232,'false','Large','Mild');
INSERT INTO CollegePreferences(CPID,StudentID,GreekLife,Size,Temperature) VALUES (233,233,'true','Small','Hot');
INSERT INTO CollegePreferences(CPID,StudentID,GreekLife,Size,Temperature) VALUES (234,234,'true','Small','Cold');
INSERT INTO CollegePreferences(CPID,StudentID,GreekLife,Size,Temperature) VALUES (235,235,'false','Medium','Warm');
INSERT INTO CollegePreferences(CPID,StudentID,GreekLife,Size,Temperature) VALUES (236,236,'true','Small','Warm');
INSERT INTO CollegePreferences(CPID,StudentID,GreekLife,Size,Temperature) VALUES (237,237,'false','Medium','Warm');
INSERT INTO CollegePreferences(CPID,StudentID,GreekLife,Size,Temperature) VALUES (238,238,'false','Large','Mild');
INSERT INTO CollegePreferences(CPID,StudentID,GreekLife,Size,Temperature) VALUES (239,239,'true','Medium','Warm');
INSERT INTO CollegePreferences(CPID,StudentID,GreekLife,Size,Temperature) VALUES (240,240,'false','Medium','Cold');
INSERT INTO CollegePreferences(CPID,StudentID,GreekLife,Size,Temperature) VALUES (241,241,'true','Small','Cold');
INSERT INTO CollegePreferences(CPID,StudentID,GreekLife,Size,Temperature) VALUES (242,242,'false','Medium','Mild');
INSERT INTO CollegePreferences(CPID,StudentID,GreekLife,Size,Temperature) VALUES (243,243,'false','Large','Mild');
INSERT INTO CollegePreferences(CPID,StudentID,GreekLife,Size,Temperature) VALUES (244,244,'true','Medium','Hot');
INSERT INTO CollegePreferences(CPID,StudentID,GreekLife,Size,Temperature) VALUES (245,245,'false','Small','Warm');
INSERT INTO CollegePreferences(CPID,StudentID,GreekLife,Size,Temperature) VALUES (246,246,'true','Medium','Mild');
INSERT INTO CollegePreferences(CPID,StudentID,GreekLife,Size,Temperature) VALUES (247,247,'false','Medium','Cold');
INSERT INTO CollegePreferences(CPID,StudentID,GreekLife,Size,Temperature) VALUES (248,248,'true','Small','Hot');
INSERT INTO CollegePreferences(CPID,StudentID,GreekLife,Size,Temperature) VALUES (249,249,'false','Medium','Mild');
INSERT INTO CollegePreferences(CPID,StudentID,GreekLife,Size,Temperature) VALUES (250,250,'false','Large','Cold');
INSERT INTO CollegePreferences(CPID,StudentID,GreekLife,Size,Temperature) VALUES (251,251,'false','Medium','Hot');
INSERT INTO CollegePreferences(CPID,StudentID,GreekLife,Size,Temperature) VALUES (252,252,'false','Medium','Warm');
INSERT INTO CollegePreferences(CPID,StudentID,GreekLife,Size,Temperature) VALUES (253,253,'true','Large','Hot');
INSERT INTO CollegePreferences(CPID,StudentID,GreekLife,Size,Temperature) VALUES (254,254,'false','Large','Mild');
INSERT INTO CollegePreferences(CPID,StudentID,GreekLife,Size,Temperature) VALUES (255,255,'true','Large','Cold');
INSERT INTO CollegePreferences(CPID,StudentID,GreekLife,Size,Temperature) VALUES (256,256,'false','Large','Mild');
INSERT INTO CollegePreferences(CPID,StudentID,GreekLife,Size,Temperature) VALUES (257,257,'true','Large','Warm');
INSERT INTO CollegePreferences(CPID,StudentID,GreekLife,Size,Temperature) VALUES (258,258,'true','Large','Cold');
INSERT INTO CollegePreferences(CPID,StudentID,GreekLife,Size,Temperature) VALUES (259,259,'false','Small','Cold');
INSERT INTO CollegePreferences(CPID,StudentID,GreekLife,Size,Temperature) VALUES (260,260,'false','Small','Warm');
INSERT INTO CollegePreferences(CPID,StudentID,GreekLife,Size,Temperature) VALUES (261,261,'false','Large','Warm');
INSERT INTO CollegePreferences(CPID,StudentID,GreekLife,Size,Temperature) VALUES (262,262,'false','Medium','Mild');
INSERT INTO CollegePreferences(CPID,StudentID,GreekLife,Size,Temperature) VALUES (263,263,'false','Small','Hot');
INSERT INTO CollegePreferences(CPID,StudentID,GreekLife,Size,Temperature) VALUES (264,264,'false','Large','Warm');
INSERT INTO CollegePreferences(CPID,StudentID,GreekLife,Size,Temperature) VALUES (265,265,'false','Small','Warm');
INSERT INTO CollegePreferences(CPID,StudentID,GreekLife,Size,Temperature) VALUES (266,266,'true','Medium','Warm');
INSERT INTO CollegePreferences(CPID,StudentID,GreekLife,Size,Temperature) VALUES (267,267,'true','Medium','Mild');
INSERT INTO CollegePreferences(CPID,StudentID,GreekLife,Size,Temperature) VALUES (268,268,'false','Medium','Hot');
INSERT INTO CollegePreferences(CPID,StudentID,GreekLife,Size,Temperature) VALUES (269,269,'false','Large','Hot');
INSERT INTO CollegePreferences(CPID,StudentID,GreekLife,Size,Temperature) VALUES (270,270,'true','Medium','Warm');
INSERT INTO CollegePreferences(CPID,StudentID,GreekLife,Size,Temperature) VALUES (271,271,'true','Medium','Warm');
INSERT INTO CollegePreferences(CPID,StudentID,GreekLife,Size,Temperature) VALUES (272,272,'true','Small','Cold');
INSERT INTO CollegePreferences(CPID,StudentID,GreekLife,Size,Temperature) VALUES (273,273,'true','Large','Warm');
INSERT INTO CollegePreferences(CPID,StudentID,GreekLife,Size,Temperature) VALUES (274,274,'false','Small','Warm');
INSERT INTO CollegePreferences(CPID,StudentID,GreekLife,Size,Temperature) VALUES (275,275,'true','Medium','Hot');
INSERT INTO CollegePreferences(CPID,StudentID,GreekLife,Size,Temperature) VALUES (276,276,'false','Small','Mild');
INSERT INTO CollegePreferences(CPID,StudentID,GreekLife,Size,Temperature) VALUES (277,277,'true','Small','Cold');
INSERT INTO CollegePreferences(CPID,StudentID,GreekLife,Size,Temperature) VALUES (278,278,'true','Small','Warm');
INSERT INTO CollegePreferences(CPID,StudentID,GreekLife,Size,Temperature) VALUES (279,279,'true','Medium','Mild');
INSERT INTO CollegePreferences(CPID,StudentID,GreekLife,Size,Temperature) VALUES (280,280,'true','Medium','Mild');
INSERT INTO CollegePreferences(CPID,StudentID,GreekLife,Size,Temperature) VALUES (281,281,'true','Large','Hot');
INSERT INTO CollegePreferences(CPID,StudentID,GreekLife,Size,Temperature) VALUES (282,282,'true','Large','Mild');
INSERT INTO CollegePreferences(CPID,StudentID,GreekLife,Size,Temperature) VALUES (283,283,'false','Medium','Mild');
INSERT INTO CollegePreferences(CPID,StudentID,GreekLife,Size,Temperature) VALUES (284,284,'false','Large','Hot');
INSERT INTO CollegePreferences(CPID,StudentID,GreekLife,Size,Temperature) VALUES (285,285,'true','Medium','Cold');
INSERT INTO CollegePreferences(CPID,StudentID,GreekLife,Size,Temperature) VALUES (286,286,'false','Small','Mild');
INSERT INTO CollegePreferences(CPID,StudentID,GreekLife,Size,Temperature) VALUES (287,287,'false','Medium','Mild');
INSERT INTO CollegePreferences(CPID,StudentID,GreekLife,Size,Temperature) VALUES (288,288,'false','Medium','Hot');
INSERT INTO CollegePreferences(CPID,StudentID,GreekLife,Size,Temperature) VALUES (289,289,'true','Small','Cold');
INSERT INTO CollegePreferences(CPID,StudentID,GreekLife,Size,Temperature) VALUES (290,290,'false','Small','Hot');
INSERT INTO CollegePreferences(CPID,StudentID,GreekLife,Size,Temperature) VALUES (291,291,'true','Large','Mild');
INSERT INTO CollegePreferences(CPID,StudentID,GreekLife,Size,Temperature) VALUES (292,292,'true','Small','Cold');
INSERT INTO CollegePreferences(CPID,StudentID,GreekLife,Size,Temperature) VALUES (293,293,'false','Medium','Mild');
INSERT INTO CollegePreferences(CPID,StudentID,GreekLife,Size,Temperature) VALUES (294,294,'false','Small','Cold');
INSERT INTO CollegePreferences(CPID,StudentID,GreekLife,Size,Temperature) VALUES (295,295,'true','Small','Hot');
INSERT INTO CollegePreferences(CPID,StudentID,GreekLife,Size,Temperature) VALUES (296,296,'true','Small','Hot');
INSERT INTO CollegePreferences(CPID,StudentID,GreekLife,Size,Temperature) VALUES (297,297,'false','Medium','Hot');
INSERT INTO CollegePreferences(CPID,StudentID,GreekLife,Size,Temperature) VALUES (298,298,'true','Small','Hot');
INSERT INTO CollegePreferences(CPID,StudentID,GreekLife,Size,Temperature) VALUES (299,299,'false','Medium','Mild');
INSERT INTO CollegePreferences(CPID,StudentID,GreekLife,Size,Temperature) VALUES (300,300,'false','Large','Warm');
INSERT INTO CollegePreferences(CPID,StudentID,GreekLife,Size,Temperature) VALUES (301,301,'false','Large','Hot');
INSERT INTO CollegePreferences(CPID,StudentID,GreekLife,Size,Temperature) VALUES (302,302,'true','Large','Cold');
INSERT INTO CollegePreferences(CPID,StudentID,GreekLife,Size,Temperature) VALUES (303,303,'true','Medium','Warm');
INSERT INTO CollegePreferences(CPID,StudentID,GreekLife,Size,Temperature) VALUES (304,304,'false','Medium','Warm');
INSERT INTO CollegePreferences(CPID,StudentID,GreekLife,Size,Temperature) VALUES (305,305,'true','Large','Mild');
INSERT INTO CollegePreferences(CPID,StudentID,GreekLife,Size,Temperature) VALUES (306,306,'false','Large','Cold');
INSERT INTO CollegePreferences(CPID,StudentID,GreekLife,Size,Temperature) VALUES (307,307,'false','Small','Hot');
INSERT INTO CollegePreferences(CPID,StudentID,GreekLife,Size,Temperature) VALUES (308,308,'true','Small','Hot');
INSERT INTO CollegePreferences(CPID,StudentID,GreekLife,Size,Temperature) VALUES (309,309,'true','Large','Cold');
INSERT INTO CollegePreferences(CPID,StudentID,GreekLife,Size,Temperature) VALUES (310,310,'true','Medium','Cold');
INSERT INTO CollegePreferences(CPID,StudentID,GreekLife,Size,Temperature) VALUES (311,311,'false','Small','Mild');
INSERT INTO CollegePreferences(CPID,StudentID,GreekLife,Size,Temperature) VALUES (312,312,'false','Large','Hot');
INSERT INTO CollegePreferences(CPID,StudentID,GreekLife,Size,Temperature) VALUES (313,313,'false','Small','Warm');
INSERT INTO CollegePreferences(CPID,StudentID,GreekLife,Size,Temperature) VALUES (314,314,'true','Medium','Hot');
INSERT INTO CollegePreferences(CPID,StudentID,GreekLife,Size,Temperature) VALUES (315,315,'true','Large','Hot');
INSERT INTO CollegePreferences(CPID,StudentID,GreekLife,Size,Temperature) VALUES (316,316,'true','Medium','Warm');
INSERT INTO CollegePreferences(CPID,StudentID,GreekLife,Size,Temperature) VALUES (317,317,'true','Medium','Hot');
INSERT INTO CollegePreferences(CPID,StudentID,GreekLife,Size,Temperature) VALUES (318,318,'true','Small','Hot');
INSERT INTO CollegePreferences(CPID,StudentID,GreekLife,Size,Temperature) VALUES (319,319,'true','Small','Warm');
INSERT INTO CollegePreferences(CPID,StudentID,GreekLife,Size,Temperature) VALUES (320,320,'true','Small','Mild');
INSERT INTO CollegePreferences(CPID,StudentID,GreekLife,Size,Temperature) VALUES (321,321,'false','Large','Hot');
INSERT INTO CollegePreferences(CPID,StudentID,GreekLife,Size,Temperature) VALUES (322,322,'true','Medium','Cold');
INSERT INTO CollegePreferences(CPID,StudentID,GreekLife,Size,Temperature) VALUES (323,323,'true','Medium','Hot');
INSERT INTO CollegePreferences(CPID,StudentID,GreekLife,Size,Temperature) VALUES (324,324,'true','Medium','Cold');
INSERT INTO CollegePreferences(CPID,StudentID,GreekLife,Size,Temperature) VALUES (325,325,'true','Large','Cold');
INSERT INTO CollegePreferences(CPID,StudentID,GreekLife,Size,Temperature) VALUES (326,326,'false','Medium','Warm');
INSERT INTO CollegePreferences(CPID,StudentID,GreekLife,Size,Temperature) VALUES (327,327,'true','Medium','Warm');
INSERT INTO CollegePreferences(CPID,StudentID,GreekLife,Size,Temperature) VALUES (328,328,'false','Small','Hot');
INSERT INTO CollegePreferences(CPID,StudentID,GreekLife,Size,Temperature) VALUES (329,329,'false','Large','Cold');
INSERT INTO CollegePreferences(CPID,StudentID,GreekLife,Size,Temperature) VALUES (330,330,'false','Small','Hot');
INSERT INTO CollegePreferences(CPID,StudentID,GreekLife,Size,Temperature) VALUES (331,331,'true','Large','Hot');
INSERT INTO CollegePreferences(CPID,StudentID,GreekLife,Size,Temperature) VALUES (332,332,'true','Medium','Cold');
INSERT INTO CollegePreferences(CPID,StudentID,GreekLife,Size,Temperature) VALUES (333,333,'true','Medium','Hot');
INSERT INTO CollegePreferences(CPID,StudentID,GreekLife,Size,Temperature) VALUES (334,334,'true','Large','Hot');
INSERT INTO CollegePreferences(CPID,StudentID,GreekLife,Size,Temperature) VALUES (335,335,'true','Small','Hot');
INSERT INTO CollegePreferences(CPID,StudentID,GreekLife,Size,Temperature) VALUES (336,336,'true','Large','Hot');
INSERT INTO CollegePreferences(CPID,StudentID,GreekLife,Size,Temperature) VALUES (337,337,'true','Medium','Cold');
INSERT INTO CollegePreferences(CPID,StudentID,GreekLife,Size,Temperature) VALUES (338,338,'false','Small','Mild');
INSERT INTO CollegePreferences(CPID,StudentID,GreekLife,Size,Temperature) VALUES (339,339,'true','Small','Cold');
INSERT INTO CollegePreferences(CPID,StudentID,GreekLife,Size,Temperature) VALUES (340,340,'false','Small','Mild');
INSERT INTO CollegePreferences(CPID,StudentID,GreekLife,Size,Temperature) VALUES (341,341,'false','Large','Hot');
INSERT INTO CollegePreferences(CPID,StudentID,GreekLife,Size,Temperature) VALUES (342,342,'false','Medium','Cold');
INSERT INTO CollegePreferences(CPID,StudentID,GreekLife,Size,Temperature) VALUES (343,343,'false','Medium','Hot');
INSERT INTO CollegePreferences(CPID,StudentID,GreekLife,Size,Temperature) VALUES (344,344,'true','Small','Hot');
INSERT INTO CollegePreferences(CPID,StudentID,GreekLife,Size,Temperature) VALUES (345,345,'true','Medium','Cold');
INSERT INTO CollegePreferences(CPID,StudentID,GreekLife,Size,Temperature) VALUES (346,346,'false','Medium','Warm');
INSERT INTO CollegePreferences(CPID,StudentID,GreekLife,Size,Temperature) VALUES (347,347,'false','Medium','Mild');
INSERT INTO CollegePreferences(CPID,StudentID,GreekLife,Size,Temperature) VALUES (348,348,'true','Large','Cold');
INSERT INTO CollegePreferences(CPID,StudentID,GreekLife,Size,Temperature) VALUES (349,349,'false','Small','Cold');
INSERT INTO CollegePreferences(CPID,StudentID,GreekLife,Size,Temperature) VALUES (350,350,'false','Small','Mild');
INSERT INTO CollegePreferences(CPID,StudentID,GreekLife,Size,Temperature) VALUES (351,351,'false','Large','Mild');
INSERT INTO CollegePreferences(CPID,StudentID,GreekLife,Size,Temperature) VALUES (352,352,'false','Small','Mild');
INSERT INTO CollegePreferences(CPID,StudentID,GreekLife,Size,Temperature) VALUES (353,353,'true','Medium','Warm');
INSERT INTO CollegePreferences(CPID,StudentID,GreekLife,Size,Temperature) VALUES (354,354,'false','Large','Mild');
INSERT INTO CollegePreferences(CPID,StudentID,GreekLife,Size,Temperature) VALUES (355,355,'true','Large','Mild');
INSERT INTO CollegePreferences(CPID,StudentID,GreekLife,Size,Temperature) VALUES (356,356,'true','Large','Mild');
INSERT INTO CollegePreferences(CPID,StudentID,GreekLife,Size,Temperature) VALUES (357,357,'false','Large','Mild');
INSERT INTO CollegePreferences(CPID,StudentID,GreekLife,Size,Temperature) VALUES (358,358,'false','Small','Cold');
INSERT INTO CollegePreferences(CPID,StudentID,GreekLife,Size,Temperature) VALUES (359,359,'false','Large','Cold');
INSERT INTO CollegePreferences(CPID,StudentID,GreekLife,Size,Temperature) VALUES (360,360,'true','Small','Mild');
INSERT INTO CollegePreferences(CPID,StudentID,GreekLife,Size,Temperature) VALUES (361,361,'true','Medium','Mild');
INSERT INTO CollegePreferences(CPID,StudentID,GreekLife,Size,Temperature) VALUES (362,362,'true','Medium','Hot');
INSERT INTO CollegePreferences(CPID,StudentID,GreekLife,Size,Temperature) VALUES (363,363,'false','Large','Mild');
INSERT INTO CollegePreferences(CPID,StudentID,GreekLife,Size,Temperature) VALUES (364,364,'true','Small','Warm');
INSERT INTO CollegePreferences(CPID,StudentID,GreekLife,Size,Temperature) VALUES (365,365,'false','Medium','Warm');
INSERT INTO CollegePreferences(CPID,StudentID,GreekLife,Size,Temperature) VALUES (366,366,'false','Large','Cold');
INSERT INTO CollegePreferences(CPID,StudentID,GreekLife,Size,Temperature) VALUES (367,367,'true','Medium','Warm');
INSERT INTO CollegePreferences(CPID,StudentID,GreekLife,Size,Temperature) VALUES (368,368,'false','Large','Hot');
INSERT INTO CollegePreferences(CPID,StudentID,GreekLife,Size,Temperature) VALUES (369,369,'false','Medium','Hot');
INSERT INTO CollegePreferences(CPID,StudentID,GreekLife,Size,Temperature) VALUES (370,370,'true','Medium','Hot');
INSERT INTO CollegePreferences(CPID,StudentID,GreekLife,Size,Temperature) VALUES (371,371,'true','Small','Mild');
INSERT INTO CollegePreferences(CPID,StudentID,GreekLife,Size,Temperature) VALUES (372,372,'true','Small','Hot');
INSERT INTO CollegePreferences(CPID,StudentID,GreekLife,Size,Temperature) VALUES (373,373,'true','Small','Hot');
INSERT INTO CollegePreferences(CPID,StudentID,GreekLife,Size,Temperature) VALUES (374,374,'true','Medium','Hot');
INSERT INTO CollegePreferences(CPID,StudentID,GreekLife,Size,Temperature) VALUES (375,375,'true','Large','Hot');
INSERT INTO CollegePreferences(CPID,StudentID,GreekLife,Size,Temperature) VALUES (376,376,'false','Medium','Mild');
INSERT INTO CollegePreferences(CPID,StudentID,GreekLife,Size,Temperature) VALUES (377,377,'false','Medium','Mild');
INSERT INTO CollegePreferences(CPID,StudentID,GreekLife,Size,Temperature) VALUES (378,378,'false','Large','Mild');
INSERT INTO CollegePreferences(CPID,StudentID,GreekLife,Size,Temperature) VALUES (379,379,'true','Medium','Mild');
INSERT INTO CollegePreferences(CPID,StudentID,GreekLife,Size,Temperature) VALUES (380,380,'true','Large','Mild');
INSERT INTO CollegePreferences(CPID,StudentID,GreekLife,Size,Temperature) VALUES (381,381,'false','Medium','Warm');
INSERT INTO CollegePreferences(CPID,StudentID,GreekLife,Size,Temperature) VALUES (382,382,'true','Small','Cold');
INSERT INTO CollegePreferences(CPID,StudentID,GreekLife,Size,Temperature) VALUES (383,383,'true','Large','Warm');
INSERT INTO CollegePreferences(CPID,StudentID,GreekLife,Size,Temperature) VALUES (384,384,'true','Medium','Mild');
INSERT INTO CollegePreferences(CPID,StudentID,GreekLife,Size,Temperature) VALUES (385,385,'false','Small','Cold');
INSERT INTO CollegePreferences(CPID,StudentID,GreekLife,Size,Temperature) VALUES (386,386,'false','Small','Hot');
INSERT INTO CollegePreferences(CPID,StudentID,GreekLife,Size,Temperature) VALUES (387,387,'false','Medium','Cold');
INSERT INTO CollegePreferences(CPID,StudentID,GreekLife,Size,Temperature) VALUES (388,388,'true','Medium','Mild');
INSERT INTO CollegePreferences(CPID,StudentID,GreekLife,Size,Temperature) VALUES (389,389,'true','Medium','Hot');
INSERT INTO CollegePreferences(CPID,StudentID,GreekLife,Size,Temperature) VALUES (390,390,'true','Medium','Cold');
INSERT INTO CollegePreferences(CPID,StudentID,GreekLife,Size,Temperature) VALUES (391,391,'false','Small','Mild');
INSERT INTO CollegePreferences(CPID,StudentID,GreekLife,Size,Temperature) VALUES (392,392,'false','Large','Hot');
INSERT INTO CollegePreferences(CPID,StudentID,GreekLife,Size,Temperature) VALUES (393,393,'true','Small','Warm');
INSERT INTO CollegePreferences(CPID,StudentID,GreekLife,Size,Temperature) VALUES (394,394,'true','Medium','Warm');
INSERT INTO CollegePreferences(CPID,StudentID,GreekLife,Size,Temperature) VALUES (395,395,'false','Medium','Hot');
INSERT INTO CollegePreferences(CPID,StudentID,GreekLife,Size,Temperature) VALUES (396,396,'true','Medium','Mild');
INSERT INTO CollegePreferences(CPID,StudentID,GreekLife,Size,Temperature) VALUES (397,397,'true','Small','Cold');
INSERT INTO CollegePreferences(CPID,StudentID,GreekLife,Size,Temperature) VALUES (398,398,'false','Large','Cold');
INSERT INTO CollegePreferences(CPID,StudentID,GreekLife,Size,Temperature) VALUES (399,399,'true','Small','Warm');
INSERT INTO CollegePreferences(CPID,StudentID,GreekLife,Size,Temperature) VALUES (400,400,'true','Medium','Mild');
INSERT INTO CollegePreferences(CPID,StudentID,GreekLife,Size,Temperature) VALUES (401,401,'true','Large','Hot');
INSERT INTO CollegePreferences(CPID,StudentID,GreekLife,Size,Temperature) VALUES (402,402,'false','Small','Cold');
INSERT INTO CollegePreferences(CPID,StudentID,GreekLife,Size,Temperature) VALUES (403,403,'true','Medium','Mild');
INSERT INTO CollegePreferences(CPID,StudentID,GreekLife,Size,Temperature) VALUES (404,404,'false','Medium','Cold');
INSERT INTO CollegePreferences(CPID,StudentID,GreekLife,Size,Temperature) VALUES (405,405,'true','Small','Warm');
INSERT INTO CollegePreferences(CPID,StudentID,GreekLife,Size,Temperature) VALUES (406,406,'false','Medium','Mild');
INSERT INTO CollegePreferences(CPID,StudentID,GreekLife,Size,Temperature) VALUES (407,407,'false','Large','Hot');
INSERT INTO CollegePreferences(CPID,StudentID,GreekLife,Size,Temperature) VALUES (408,408,'true','Small','Mild');
INSERT INTO CollegePreferences(CPID,StudentID,GreekLife,Size,Temperature) VALUES (409,409,'false','Large','Warm');
INSERT INTO CollegePreferences(CPID,StudentID,GreekLife,Size,Temperature) VALUES (410,410,'false','Small','Mild');
INSERT INTO CollegePreferences(CPID,StudentID,GreekLife,Size,Temperature) VALUES (411,411,'false','Large','Mild');
INSERT INTO CollegePreferences(CPID,StudentID,GreekLife,Size,Temperature) VALUES (412,412,'false','Small','Mild');
INSERT INTO CollegePreferences(CPID,StudentID,GreekLife,Size,Temperature) VALUES (413,413,'true','Medium','Warm');
INSERT INTO CollegePreferences(CPID,StudentID,GreekLife,Size,Temperature) VALUES (414,414,'true','Small','Mild');
INSERT INTO CollegePreferences(CPID,StudentID,GreekLife,Size,Temperature) VALUES (415,415,'true','Small','Cold');
INSERT INTO CollegePreferences(CPID,StudentID,GreekLife,Size,Temperature) VALUES (416,416,'true','Medium','Mild');
INSERT INTO CollegePreferences(CPID,StudentID,GreekLife,Size,Temperature) VALUES (417,417,'true','Small','Hot');
INSERT INTO CollegePreferences(CPID,StudentID,GreekLife,Size,Temperature) VALUES (418,418,'false','Small','Cold');
INSERT INTO CollegePreferences(CPID,StudentID,GreekLife,Size,Temperature) VALUES (419,419,'false','Large','Mild');
INSERT INTO CollegePreferences(CPID,StudentID,GreekLife,Size,Temperature) VALUES (420,420,'false','Small','Mild');
INSERT INTO CollegePreferences(CPID,StudentID,GreekLife,Size,Temperature) VALUES (421,421,'false','Large','Warm');
INSERT INTO CollegePreferences(CPID,StudentID,GreekLife,Size,Temperature) VALUES (422,422,'true','Medium','Warm');
INSERT INTO CollegePreferences(CPID,StudentID,GreekLife,Size,Temperature) VALUES (423,423,'true','Medium','Warm');
INSERT INTO CollegePreferences(CPID,StudentID,GreekLife,Size,Temperature) VALUES (424,424,'false','Medium','Cold');
INSERT INTO CollegePreferences(CPID,StudentID,GreekLife,Size,Temperature) VALUES (425,425,'true','Small','Hot');
INSERT INTO CollegePreferences(CPID,StudentID,GreekLife,Size,Temperature) VALUES (426,426,'true','Large','Warm');
INSERT INTO CollegePreferences(CPID,StudentID,GreekLife,Size,Temperature) VALUES (427,427,'false','Medium','Cold');
INSERT INTO CollegePreferences(CPID,StudentID,GreekLife,Size,Temperature) VALUES (428,428,'false','Medium','Cold');
INSERT INTO CollegePreferences(CPID,StudentID,GreekLife,Size,Temperature) VALUES (429,429,'false','Medium','Cold');
INSERT INTO CollegePreferences(CPID,StudentID,GreekLife,Size,Temperature) VALUES (430,430,'true','Large','Warm');
INSERT INTO CollegePreferences(CPID,StudentID,GreekLife,Size,Temperature) VALUES (431,431,'false','Medium','Warm');
INSERT INTO CollegePreferences(CPID,StudentID,GreekLife,Size,Temperature) VALUES (432,432,'true','Small','Hot');
INSERT INTO CollegePreferences(CPID,StudentID,GreekLife,Size,Temperature) VALUES (433,433,'false','Small','Mild');
INSERT INTO CollegePreferences(CPID,StudentID,GreekLife,Size,Temperature) VALUES (434,434,'false','Small','Mild');
INSERT INTO CollegePreferences(CPID,StudentID,GreekLife,Size,Temperature) VALUES (435,435,'false','Large','Mild');
INSERT INTO CollegePreferences(CPID,StudentID,GreekLife,Size,Temperature) VALUES (436,436,'true','Large','Warm');
INSERT INTO CollegePreferences(CPID,StudentID,GreekLife,Size,Temperature) VALUES (437,437,'true','Medium','Warm');
INSERT INTO CollegePreferences(CPID,StudentID,GreekLife,Size,Temperature) VALUES (438,438,'true','Small','Mild');
INSERT INTO CollegePreferences(CPID,StudentID,GreekLife,Size,Temperature) VALUES (439,439,'true','Medium','Cold');
INSERT INTO CollegePreferences(CPID,StudentID,GreekLife,Size,Temperature) VALUES (440,440,'false','Small','Warm');
INSERT INTO CollegePreferences(CPID,StudentID,GreekLife,Size,Temperature) VALUES (441,441,'true','Medium','Cold');
INSERT INTO CollegePreferences(CPID,StudentID,GreekLife,Size,Temperature) VALUES (442,442,'false','Medium','Warm');
INSERT INTO CollegePreferences(CPID,StudentID,GreekLife,Size,Temperature) VALUES (443,443,'false','Small','Cold');
INSERT INTO CollegePreferences(CPID,StudentID,GreekLife,Size,Temperature) VALUES (444,444,'false','Medium','Mild');
INSERT INTO CollegePreferences(CPID,StudentID,GreekLife,Size,Temperature) VALUES (445,445,'true','Medium','Warm');
INSERT INTO CollegePreferences(CPID,StudentID,GreekLife,Size,Temperature) VALUES (446,446,'true','Small','Mild');
INSERT INTO CollegePreferences(CPID,StudentID,GreekLife,Size,Temperature) VALUES (447,447,'true','Medium','Warm');
INSERT INTO CollegePreferences(CPID,StudentID,GreekLife,Size,Temperature) VALUES (448,448,'true','Medium','Hot');
INSERT INTO CollegePreferences(CPID,StudentID,GreekLife,Size,Temperature) VALUES (449,449,'true','Large','Mild');
INSERT INTO CollegePreferences(CPID,StudentID,GreekLife,Size,Temperature) VALUES (450,450,'true','Large','Cold');
INSERT INTO CollegePreferences(CPID,StudentID,GreekLife,Size,Temperature) VALUES (451,451,'false','Medium','Cold');
INSERT INTO CollegePreferences(CPID,StudentID,GreekLife,Size,Temperature) VALUES (452,452,'true','Large','Cold');
INSERT INTO CollegePreferences(CPID,StudentID,GreekLife,Size,Temperature) VALUES (453,453,'false','Small','Cold');
INSERT INTO CollegePreferences(CPID,StudentID,GreekLife,Size,Temperature) VALUES (454,454,'true','Large','Mild');
INSERT INTO CollegePreferences(CPID,StudentID,GreekLife,Size,Temperature) VALUES (455,455,'true','Medium','Mild');
INSERT INTO CollegePreferences(CPID,StudentID,GreekLife,Size,Temperature) VALUES (456,456,'true','Medium','Hot');
INSERT INTO CollegePreferences(CPID,StudentID,GreekLife,Size,Temperature) VALUES (457,457,'false','Large','Warm');
INSERT INTO CollegePreferences(CPID,StudentID,GreekLife,Size,Temperature) VALUES (458,458,'false','Large','Mild');
INSERT INTO CollegePreferences(CPID,StudentID,GreekLife,Size,Temperature) VALUES (459,459,'true','Large','Warm');
INSERT INTO CollegePreferences(CPID,StudentID,GreekLife,Size,Temperature) VALUES (460,460,'false','Small','Cold');
INSERT INTO CollegePreferences(CPID,StudentID,GreekLife,Size,Temperature) VALUES (461,461,'true','Large','Hot');
INSERT INTO CollegePreferences(CPID,StudentID,GreekLife,Size,Temperature) VALUES (462,462,'true','Large','Cold');
INSERT INTO CollegePreferences(CPID,StudentID,GreekLife,Size,Temperature) VALUES (463,463,'true','Large','Hot');
INSERT INTO CollegePreferences(CPID,StudentID,GreekLife,Size,Temperature) VALUES (464,464,'true','Large','Warm');
INSERT INTO CollegePreferences(CPID,StudentID,GreekLife,Size,Temperature) VALUES (465,465,'false','Medium','Cold');
INSERT INTO CollegePreferences(CPID,StudentID,GreekLife,Size,Temperature) VALUES (466,466,'true','Large','Cold');
INSERT INTO CollegePreferences(CPID,StudentID,GreekLife,Size,Temperature) VALUES (467,467,'true','Medium','Warm');
INSERT INTO CollegePreferences(CPID,StudentID,GreekLife,Size,Temperature) VALUES (468,468,'false','Large','Hot');
INSERT INTO CollegePreferences(CPID,StudentID,GreekLife,Size,Temperature) VALUES (469,469,'true','Medium','Warm');
INSERT INTO CollegePreferences(CPID,StudentID,GreekLife,Size,Temperature) VALUES (470,470,'false','Small','Hot');
INSERT INTO CollegePreferences(CPID,StudentID,GreekLife,Size,Temperature) VALUES (471,471,'true','Medium','Cold');
INSERT INTO CollegePreferences(CPID,StudentID,GreekLife,Size,Temperature) VALUES (472,472,'true','Medium','Hot');
INSERT INTO CollegePreferences(CPID,StudentID,GreekLife,Size,Temperature) VALUES (473,473,'false','Large','Warm');
INSERT INTO CollegePreferences(CPID,StudentID,GreekLife,Size,Temperature) VALUES (474,474,'true','Small','Cold');
INSERT INTO CollegePreferences(CPID,StudentID,GreekLife,Size,Temperature) VALUES (475,475,'false','Small','Mild');
INSERT INTO CollegePreferences(CPID,StudentID,GreekLife,Size,Temperature) VALUES (476,476,'false','Small','Mild');
INSERT INTO CollegePreferences(CPID,StudentID,GreekLife,Size,Temperature) VALUES (477,477,'false','Small','Hot');
INSERT INTO CollegePreferences(CPID,StudentID,GreekLife,Size,Temperature) VALUES (478,478,'false','Medium','Cold');
INSERT INTO CollegePreferences(CPID,StudentID,GreekLife,Size,Temperature) VALUES (479,479,'true','Large','Mild');
INSERT INTO CollegePreferences(CPID,StudentID,GreekLife,Size,Temperature) VALUES (480,480,'false','Large','Hot');
INSERT INTO CollegePreferences(CPID,StudentID,GreekLife,Size,Temperature) VALUES (481,481,'true','Large','Mild');
INSERT INTO CollegePreferences(CPID,StudentID,GreekLife,Size,Temperature) VALUES (482,482,'true','Large','Cold');
INSERT INTO CollegePreferences(CPID,StudentID,GreekLife,Size,Temperature) VALUES (483,483,'false','Small','Warm');
INSERT INTO CollegePreferences(CPID,StudentID,GreekLife,Size,Temperature) VALUES (484,484,'true','Medium','Hot');
INSERT INTO CollegePreferences(CPID,StudentID,GreekLife,Size,Temperature) VALUES (485,485,'false','Medium','Mild');
INSERT INTO CollegePreferences(CPID,StudentID,GreekLife,Size,Temperature) VALUES (486,486,'true','Medium','Warm');
INSERT INTO CollegePreferences(CPID,StudentID,GreekLife,Size,Temperature) VALUES (487,487,'true','Large','Warm');
INSERT INTO CollegePreferences(CPID,StudentID,GreekLife,Size,Temperature) VALUES (488,488,'true','Large','Warm');
INSERT INTO CollegePreferences(CPID,StudentID,GreekLife,Size,Temperature) VALUES (489,489,'true','Small','Hot');
INSERT INTO CollegePreferences(CPID,StudentID,GreekLife,Size,Temperature) VALUES (490,490,'true','Large','Warm');
INSERT INTO CollegePreferences(CPID,StudentID,GreekLife,Size,Temperature) VALUES (491,491,'false','Large','Warm');
INSERT INTO CollegePreferences(CPID,StudentID,GreekLife,Size,Temperature) VALUES (492,492,'true','Medium','Hot');
INSERT INTO CollegePreferences(CPID,StudentID,GreekLife,Size,Temperature) VALUES (493,493,'false','Medium','Cold');
INSERT INTO CollegePreferences(CPID,StudentID,GreekLife,Size,Temperature) VALUES (494,494,'true','Large','Mild');
INSERT INTO CollegePreferences(CPID,StudentID,GreekLife,Size,Temperature) VALUES (495,495,'false','Large','Warm');
INSERT INTO CollegePreferences(CPID,StudentID,GreekLife,Size,Temperature) VALUES (496,496,'true','Large','Cold');
INSERT INTO CollegePreferences(CPID,StudentID,GreekLife,Size,Temperature) VALUES (497,497,'true','Large','Hot');
INSERT INTO CollegePreferences(CPID,StudentID,GreekLife,Size,Temperature) VALUES (498,498,'false','Large','Warm');
INSERT INTO CollegePreferences(CPID,StudentID,GreekLife,Size,Temperature) VALUES (499,499,'false','Small','Hot');
INSERT INTO CollegePreferences(CPID,StudentID,GreekLife,Size,Temperature) VALUES (500,500,'false','Large','Hot');

DROP TABLE IF EXISTS CollegePrefLocation;
CREATE TABLE CollegePrefLocation(
   Location VARCHAR(50) NOT NULL
  ,CPID     INTEGER  NOT NULL
  ,PRIMARY KEY(Location,CPID)
);
INSERT INTO CollegePrefLocation(Location,CPID) VALUES ('Parabcan',387);
INSERT INTO CollegePrefLocation(Location,CPID) VALUES ('Catujal',445);
INSERT INTO CollegePrefLocation(Location,CPID) VALUES ('Coromoro',426);
INSERT INTO CollegePrefLocation(Location,CPID) VALUES ('Akoupé',180);
INSERT INTO CollegePrefLocation(Location,CPID) VALUES ('Doghs',493);
INSERT INTO CollegePrefLocation(Location,CPID) VALUES ('Angkahgede',33);
INSERT INTO CollegePrefLocation(Location,CPID) VALUES ('Petroúpolis',47);
INSERT INTO CollegePrefLocation(Location,CPID) VALUES ('Novo Hamburgo',262);
INSERT INTO CollegePrefLocation(Location,CPID) VALUES ('Dologon',224);
INSERT INTO CollegePrefLocation(Location,CPID) VALUES ('Köping',390);
INSERT INTO CollegePrefLocation(Location,CPID) VALUES ('Hanyuan',312);
INSERT INTO CollegePrefLocation(Location,CPID) VALUES ('Sindangsari',378);
INSERT INTO CollegePrefLocation(Location,CPID) VALUES ('Phak Hai',88);
INSERT INTO CollegePrefLocation(Location,CPID) VALUES ('Dawwār Tīnjah',166);
INSERT INTO CollegePrefLocation(Location,CPID) VALUES ('Nggesa',481);
INSERT INTO CollegePrefLocation(Location,CPID) VALUES ('Curahklapa',129);
INSERT INTO CollegePrefLocation(Location,CPID) VALUES ('Kanália',106);
INSERT INTO CollegePrefLocation(Location,CPID) VALUES ('Xinji',196);
INSERT INTO CollegePrefLocation(Location,CPID) VALUES ('Gulou',82);
INSERT INTO CollegePrefLocation(Location,CPID) VALUES ('Al Jubayhah',71);
INSERT INTO CollegePrefLocation(Location,CPID) VALUES ('Alicante/Alacant',435);
INSERT INTO CollegePrefLocation(Location,CPID) VALUES ('Xinji',233);
INSERT INTO CollegePrefLocation(Location,CPID) VALUES ('Mococa',253);
INSERT INTO CollegePrefLocation(Location,CPID) VALUES ('Zheleznovodsk',86);
INSERT INTO CollegePrefLocation(Location,CPID) VALUES ('Kalodu',121);
INSERT INTO CollegePrefLocation(Location,CPID) VALUES ('Neftegorsk',63);
INSERT INTO CollegePrefLocation(Location,CPID) VALUES ('New York City',30);
INSERT INTO CollegePrefLocation(Location,CPID) VALUES ('Trambalan',68);
INSERT INTO CollegePrefLocation(Location,CPID) VALUES ('Junaynat Raslān',438);
INSERT INTO CollegePrefLocation(Location,CPID) VALUES ('Las Palmas',39);
INSERT INTO CollegePrefLocation(Location,CPID) VALUES ('Pilpichaca',486);
INSERT INTO CollegePrefLocation(Location,CPID) VALUES ('Clermont-Ferrand',8);
INSERT INTO CollegePrefLocation(Location,CPID) VALUES ('Tanlad',405);
INSERT INTO CollegePrefLocation(Location,CPID) VALUES ('Malinao',260);
INSERT INTO CollegePrefLocation(Location,CPID) VALUES ('Haihui',296);
INSERT INTO CollegePrefLocation(Location,CPID) VALUES ('Al Wuday‘',90);
INSERT INTO CollegePrefLocation(Location,CPID) VALUES ('Lindavista',128);
INSERT INTO CollegePrefLocation(Location,CPID) VALUES ('Fengjiang',281);
INSERT INTO CollegePrefLocation(Location,CPID) VALUES ('Cijapar',72);
INSERT INTO CollegePrefLocation(Location,CPID) VALUES ('Babakan',210);
INSERT INTO CollegePrefLocation(Location,CPID) VALUES ('Alhambra',232);
INSERT INTO CollegePrefLocation(Location,CPID) VALUES ('Brooklyn',479);
INSERT INTO CollegePrefLocation(Location,CPID) VALUES ('Waihai',462);
INSERT INTO CollegePrefLocation(Location,CPID) VALUES ('El Kef',238);
INSERT INTO CollegePrefLocation(Location,CPID) VALUES ('Ngrejo',151);
INSERT INTO CollegePrefLocation(Location,CPID) VALUES ('Luebo',82);
INSERT INTO CollegePrefLocation(Location,CPID) VALUES ('Numata',81);
INSERT INTO CollegePrefLocation(Location,CPID) VALUES ('Mingcheng',182);
INSERT INTO CollegePrefLocation(Location,CPID) VALUES ('Chapecó',47);
INSERT INTO CollegePrefLocation(Location,CPID) VALUES ('Örebro',454);
INSERT INTO CollegePrefLocation(Location,CPID) VALUES ('Golina',437);
INSERT INTO CollegePrefLocation(Location,CPID) VALUES ('Aoji-ri',89);
INSERT INTO CollegePrefLocation(Location,CPID) VALUES ('Puyang',320);
INSERT INTO CollegePrefLocation(Location,CPID) VALUES ('Bang Phae',296);
INSERT INTO CollegePrefLocation(Location,CPID) VALUES ('Ourense',461);
INSERT INTO CollegePrefLocation(Location,CPID) VALUES ('Wangi',129);
INSERT INTO CollegePrefLocation(Location,CPID) VALUES ('Panjing',354);
INSERT INTO CollegePrefLocation(Location,CPID) VALUES ('Coasa',243);
INSERT INTO CollegePrefLocation(Location,CPID) VALUES ('Buriti Alegre',404);
INSERT INTO CollegePrefLocation(Location,CPID) VALUES ('Morelos',374);
INSERT INTO CollegePrefLocation(Location,CPID) VALUES ('Karaundi',328);
INSERT INTO CollegePrefLocation(Location,CPID) VALUES ('Overyata',13);
INSERT INTO CollegePrefLocation(Location,CPID) VALUES ('Debar',308);
INSERT INTO CollegePrefLocation(Location,CPID) VALUES ('Beishan',50);
INSERT INTO CollegePrefLocation(Location,CPID) VALUES ('Andir',215);
INSERT INTO CollegePrefLocation(Location,CPID) VALUES ('Türkmenbaşy',137);
INSERT INTO CollegePrefLocation(Location,CPID) VALUES ('Namīn',88);
INSERT INTO CollegePrefLocation(Location,CPID) VALUES ('Botigues',432);
INSERT INTO CollegePrefLocation(Location,CPID) VALUES ('Talisay',162);
INSERT INTO CollegePrefLocation(Location,CPID) VALUES ('Cigintung',276);
INSERT INTO CollegePrefLocation(Location,CPID) VALUES ('Tilburg',225);
INSERT INTO CollegePrefLocation(Location,CPID) VALUES ('Bohorodchany',194);
INSERT INTO CollegePrefLocation(Location,CPID) VALUES ('Saint Croix',274);
INSERT INTO CollegePrefLocation(Location,CPID) VALUES ('Montbéliard',357);
INSERT INTO CollegePrefLocation(Location,CPID) VALUES ('Ivoti',322);
INSERT INTO CollegePrefLocation(Location,CPID) VALUES ('Shreveport',55);
INSERT INTO CollegePrefLocation(Location,CPID) VALUES ('Czerniewice',118);
INSERT INTO CollegePrefLocation(Location,CPID) VALUES ('Al Qābil',333);
INSERT INTO CollegePrefLocation(Location,CPID) VALUES ('Necoclí',409);
INSERT INTO CollegePrefLocation(Location,CPID) VALUES ('Yacuíba',438);
INSERT INTO CollegePrefLocation(Location,CPID) VALUES ('Jelsa',162);
INSERT INTO CollegePrefLocation(Location,CPID) VALUES ('São Brás de Alportel',288);
INSERT INTO CollegePrefLocation(Location,CPID) VALUES ('Curahnongko',29);
INSERT INTO CollegePrefLocation(Location,CPID) VALUES ('Brumado',369);
INSERT INTO CollegePrefLocation(Location,CPID) VALUES ('Priekule',253);
INSERT INTO CollegePrefLocation(Location,CPID) VALUES ('Badarganj',132);
INSERT INTO CollegePrefLocation(Location,CPID) VALUES ('Płońsk',400);
INSERT INTO CollegePrefLocation(Location,CPID) VALUES ('Saint Petersburg',345);
INSERT INTO CollegePrefLocation(Location,CPID) VALUES ('Ulan Us',129);
INSERT INTO CollegePrefLocation(Location,CPID) VALUES ('Kokkári',186);
INSERT INTO CollegePrefLocation(Location,CPID) VALUES ('Aoqiao',52);
INSERT INTO CollegePrefLocation(Location,CPID) VALUES ('Garagoa',197);
INSERT INTO CollegePrefLocation(Location,CPID) VALUES ('Ulsan',263);
INSERT INTO CollegePrefLocation(Location,CPID) VALUES ('Krasnyy Profintern',8);
INSERT INTO CollegePrefLocation(Location,CPID) VALUES ('Sarimukti Kaler',267);
INSERT INTO CollegePrefLocation(Location,CPID) VALUES ('Kafr Kannā',153);
INSERT INTO CollegePrefLocation(Location,CPID) VALUES ('Sailaitang',334);
INSERT INTO CollegePrefLocation(Location,CPID) VALUES ('Trondheim',83);
INSERT INTO CollegePrefLocation(Location,CPID) VALUES ('Kabaty',403);
INSERT INTO CollegePrefLocation(Location,CPID) VALUES ('Kasese',384);
INSERT INTO CollegePrefLocation(Location,CPID) VALUES ('Taloy',307);
INSERT INTO CollegePrefLocation(Location,CPID) VALUES ('Xintun',310);
INSERT INTO CollegePrefLocation(Location,CPID) VALUES ('Yanyang',382);
INSERT INTO CollegePrefLocation(Location,CPID) VALUES ('Kangmei',407);
INSERT INTO CollegePrefLocation(Location,CPID) VALUES ('Casal do Relvas',466);
INSERT INTO CollegePrefLocation(Location,CPID) VALUES ('Beylagan',483);
INSERT INTO CollegePrefLocation(Location,CPID) VALUES ('Sunduan',51);
INSERT INTO CollegePrefLocation(Location,CPID) VALUES ('Taraz',6);
INSERT INTO CollegePrefLocation(Location,CPID) VALUES ('Ranisoba',64);
INSERT INTO CollegePrefLocation(Location,CPID) VALUES ('Santa Ana',2);
INSERT INTO CollegePrefLocation(Location,CPID) VALUES ('Tianchang',107);
INSERT INTO CollegePrefLocation(Location,CPID) VALUES ('Iparia',112);
INSERT INTO CollegePrefLocation(Location,CPID) VALUES ('Quintã',497);
INSERT INTO CollegePrefLocation(Location,CPID) VALUES ('Youxikou',429);
INSERT INTO CollegePrefLocation(Location,CPID) VALUES ('Gaoqiao',307);
INSERT INTO CollegePrefLocation(Location,CPID) VALUES ('Gardanne',374);
INSERT INTO CollegePrefLocation(Location,CPID) VALUES ('Kawangkoan',318);
INSERT INTO CollegePrefLocation(Location,CPID) VALUES ('Siqu',498);
INSERT INTO CollegePrefLocation(Location,CPID) VALUES ('Ancona',15);
INSERT INTO CollegePrefLocation(Location,CPID) VALUES ('Cipancur',275);
INSERT INTO CollegePrefLocation(Location,CPID) VALUES ('Pendawanbaru',104);
INSERT INTO CollegePrefLocation(Location,CPID) VALUES ('Pont-à-Mousson',204);
INSERT INTO CollegePrefLocation(Location,CPID) VALUES ('Tianya',274);
INSERT INTO CollegePrefLocation(Location,CPID) VALUES ('Zepita',44);
INSERT INTO CollegePrefLocation(Location,CPID) VALUES ('Lianozovo',406);
INSERT INTO CollegePrefLocation(Location,CPID) VALUES ('Lagasit',87);
INSERT INTO CollegePrefLocation(Location,CPID) VALUES ('Prizren',67);
INSERT INTO CollegePrefLocation(Location,CPID) VALUES ('Kuanchuan',347);
INSERT INTO CollegePrefLocation(Location,CPID) VALUES ('Futtsu',495);
INSERT INTO CollegePrefLocation(Location,CPID) VALUES ('Nanbin',279);
INSERT INTO CollegePrefLocation(Location,CPID) VALUES ('Sukhinichi',464);
INSERT INTO CollegePrefLocation(Location,CPID) VALUES ('San Vicente',68);
INSERT INTO CollegePrefLocation(Location,CPID) VALUES ('Komsomol’sk',239);
INSERT INTO CollegePrefLocation(Location,CPID) VALUES ('Cortinhas',223);
INSERT INTO CollegePrefLocation(Location,CPID) VALUES ('Baguio',8);
INSERT INTO CollegePrefLocation(Location,CPID) VALUES ('Hedao',187);
INSERT INTO CollegePrefLocation(Location,CPID) VALUES ('Pinega',227);
INSERT INTO CollegePrefLocation(Location,CPID) VALUES ('Oshawa',348);
INSERT INTO CollegePrefLocation(Location,CPID) VALUES ('Middelburg',489);
INSERT INTO CollegePrefLocation(Location,CPID) VALUES ('Lilla Edet',435);
INSERT INTO CollegePrefLocation(Location,CPID) VALUES ('Tsapêraī',101);
INSERT INTO CollegePrefLocation(Location,CPID) VALUES ('Zagreb - Centar',297);
INSERT INTO CollegePrefLocation(Location,CPID) VALUES ('Lyon',144);
INSERT INTO CollegePrefLocation(Location,CPID) VALUES ('Ban Phai',106);
INSERT INTO CollegePrefLocation(Location,CPID) VALUES ('Mushie',310);
INSERT INTO CollegePrefLocation(Location,CPID) VALUES ('Tisco',43);
INSERT INTO CollegePrefLocation(Location,CPID) VALUES ('Heshi',260);
INSERT INTO CollegePrefLocation(Location,CPID) VALUES ('Falāvarjān',180);
INSERT INTO CollegePrefLocation(Location,CPID) VALUES ('San Diego',335);
INSERT INTO CollegePrefLocation(Location,CPID) VALUES ('Medina Estates',198);
INSERT INTO CollegePrefLocation(Location,CPID) VALUES ('Paquera',65);
INSERT INTO CollegePrefLocation(Location,CPID) VALUES ('Chaloem Phra Kiat',268);
INSERT INTO CollegePrefLocation(Location,CPID) VALUES ('Paris 08',326);
INSERT INTO CollegePrefLocation(Location,CPID) VALUES ('5 de Mayo',253);
INSERT INTO CollegePrefLocation(Location,CPID) VALUES ('Breia',413);
INSERT INTO CollegePrefLocation(Location,CPID) VALUES ('Librazhd-Qendër',218);
INSERT INTO CollegePrefLocation(Location,CPID) VALUES ('Riverton',378);
INSERT INTO CollegePrefLocation(Location,CPID) VALUES ('Biyan',256);
INSERT INTO CollegePrefLocation(Location,CPID) VALUES ('Opatov',292);
INSERT INTO CollegePrefLocation(Location,CPID) VALUES ('Vũ Thư',78);
INSERT INTO CollegePrefLocation(Location,CPID) VALUES ('Takayama',10);
INSERT INTO CollegePrefLocation(Location,CPID) VALUES ('Engenho',447);
INSERT INTO CollegePrefLocation(Location,CPID) VALUES ('Millau',214);
INSERT INTO CollegePrefLocation(Location,CPID) VALUES ('Gombe',264);
INSERT INTO CollegePrefLocation(Location,CPID) VALUES ('Guadalupe',152);
INSERT INTO CollegePrefLocation(Location,CPID) VALUES ('Falun',342);
INSERT INTO CollegePrefLocation(Location,CPID) VALUES ('Sudoměřice',124);
INSERT INTO CollegePrefLocation(Location,CPID) VALUES ('White City',238);
INSERT INTO CollegePrefLocation(Location,CPID) VALUES ('Cabusao',280);
INSERT INTO CollegePrefLocation(Location,CPID) VALUES ('Azul',424);
INSERT INTO CollegePrefLocation(Location,CPID) VALUES ('Quwaysinā',478);
INSERT INTO CollegePrefLocation(Location,CPID) VALUES ('Roriz',203);
INSERT INTO CollegePrefLocation(Location,CPID) VALUES ('Sieniawa Żarska',57);
INSERT INTO CollegePrefLocation(Location,CPID) VALUES ('Ngulung Wetan',290);
INSERT INTO CollegePrefLocation(Location,CPID) VALUES ('Durrës',499);
INSERT INTO CollegePrefLocation(Location,CPID) VALUES ('Huaqiu',140);
INSERT INTO CollegePrefLocation(Location,CPID) VALUES ('Solna',187);
INSERT INTO CollegePrefLocation(Location,CPID) VALUES ('Itajaí',161);
INSERT INTO CollegePrefLocation(Location,CPID) VALUES ('Geser',248);
INSERT INTO CollegePrefLocation(Location,CPID) VALUES ('Tidaholm',308);
INSERT INTO CollegePrefLocation(Location,CPID) VALUES ('Serhetabat',321);
INSERT INTO CollegePrefLocation(Location,CPID) VALUES ('Sayang Lauq',306);
INSERT INTO CollegePrefLocation(Location,CPID) VALUES ('Baziqiao',178);
INSERT INTO CollegePrefLocation(Location,CPID) VALUES ('Huilong',327);
INSERT INTO CollegePrefLocation(Location,CPID) VALUES ('Sumenep',488);
INSERT INTO CollegePrefLocation(Location,CPID) VALUES ('Sydney',332);
INSERT INTO CollegePrefLocation(Location,CPID) VALUES ('Michałowice',88);
INSERT INTO CollegePrefLocation(Location,CPID) VALUES ('Waikambila',180);
INSERT INTO CollegePrefLocation(Location,CPID) VALUES ('Guansheng',481);
INSERT INTO CollegePrefLocation(Location,CPID) VALUES ('Yafan',334);
INSERT INTO CollegePrefLocation(Location,CPID) VALUES ('Lang',321);
INSERT INTO CollegePrefLocation(Location,CPID) VALUES ('Payapa',79);
INSERT INTO CollegePrefLocation(Location,CPID) VALUES ('Hailang',430);
INSERT INTO CollegePrefLocation(Location,CPID) VALUES ('Velyka Pysarivka',443);
INSERT INTO CollegePrefLocation(Location,CPID) VALUES ('Linhares',255);
INSERT INTO CollegePrefLocation(Location,CPID) VALUES ('Irricana',212);
INSERT INTO CollegePrefLocation(Location,CPID) VALUES ('Szeged',400);
INSERT INTO CollegePrefLocation(Location,CPID) VALUES ('Jiangtou',197);
INSERT INTO CollegePrefLocation(Location,CPID) VALUES ('Yamoussoukro',308);
INSERT INTO CollegePrefLocation(Location,CPID) VALUES ('General Emilio Aguinaldo',478);
INSERT INTO CollegePrefLocation(Location,CPID) VALUES ('Liuhuang',151);
INSERT INTO CollegePrefLocation(Location,CPID) VALUES ('Mwaya',58);
INSERT INTO CollegePrefLocation(Location,CPID) VALUES ('Vrdy',237);
INSERT INTO CollegePrefLocation(Location,CPID) VALUES ('Kandhkot',439);
INSERT INTO CollegePrefLocation(Location,CPID) VALUES ('Strasbourg',27);
INSERT INTO CollegePrefLocation(Location,CPID) VALUES ('Cikabuyutan Barat',216);
INSERT INTO CollegePrefLocation(Location,CPID) VALUES ('Antony',247);
INSERT INTO CollegePrefLocation(Location,CPID) VALUES ('Brumadinho',66);
INSERT INTO CollegePrefLocation(Location,CPID) VALUES ('Tomepampa',242);
INSERT INTO CollegePrefLocation(Location,CPID) VALUES ('Taquarituba',251);
INSERT INTO CollegePrefLocation(Location,CPID) VALUES ('La Palma',152);
INSERT INTO CollegePrefLocation(Location,CPID) VALUES ('Oebatu',57);
INSERT INTO CollegePrefLocation(Location,CPID) VALUES ('Sumberkenanga',139);
INSERT INTO CollegePrefLocation(Location,CPID) VALUES ('Ruda-Huta',356);
INSERT INTO CollegePrefLocation(Location,CPID) VALUES ('Tomar',86);
INSERT INTO CollegePrefLocation(Location,CPID) VALUES ('General Roca',350);
INSERT INTO CollegePrefLocation(Location,CPID) VALUES ('Göteborg',423);
INSERT INTO CollegePrefLocation(Location,CPID) VALUES ('Kouvola',137);
INSERT INTO CollegePrefLocation(Location,CPID) VALUES ('Mankoeng',5);
INSERT INTO CollegePrefLocation(Location,CPID) VALUES ('Lago',107);
INSERT INTO CollegePrefLocation(Location,CPID) VALUES ('Ratenggoji',44);
INSERT INTO CollegePrefLocation(Location,CPID) VALUES ('Vohipaho',190);
INSERT INTO CollegePrefLocation(Location,CPID) VALUES ('Dve Mogili',41);
INSERT INTO CollegePrefLocation(Location,CPID) VALUES ('Guará',115);
INSERT INTO CollegePrefLocation(Location,CPID) VALUES ('Karlskoga',200);
INSERT INTO CollegePrefLocation(Location,CPID) VALUES ('Lijiazui',6);
INSERT INTO CollegePrefLocation(Location,CPID) VALUES ('Al Maşlūb',178);
INSERT INTO CollegePrefLocation(Location,CPID) VALUES ('Ngamba',326);
INSERT INTO CollegePrefLocation(Location,CPID) VALUES ('Capão da Canoa',127);
INSERT INTO CollegePrefLocation(Location,CPID) VALUES ('Tiaodeng',240);
INSERT INTO CollegePrefLocation(Location,CPID) VALUES ('Dzoraghbyur',284);
INSERT INTO CollegePrefLocation(Location,CPID) VALUES ('Tumbi',278);
INSERT INTO CollegePrefLocation(Location,CPID) VALUES ('Binlod',379);
INSERT INTO CollegePrefLocation(Location,CPID) VALUES ('Daraitan',452);
INSERT INTO CollegePrefLocation(Location,CPID) VALUES ('Laslovo',297);
INSERT INTO CollegePrefLocation(Location,CPID) VALUES ('Dayushu',356);
INSERT INTO CollegePrefLocation(Location,CPID) VALUES ('Tierra Blanca',455);
INSERT INTO CollegePrefLocation(Location,CPID) VALUES ('Horní Čermná',219);
INSERT INTO CollegePrefLocation(Location,CPID) VALUES ('Huxiaoqiao',234);
INSERT INTO CollegePrefLocation(Location,CPID) VALUES ('Wulijie',285);
INSERT INTO CollegePrefLocation(Location,CPID) VALUES ('Uppsala',189);
INSERT INTO CollegePrefLocation(Location,CPID) VALUES ('Linxi',20);
INSERT INTO CollegePrefLocation(Location,CPID) VALUES ('Istres',78);
INSERT INTO CollegePrefLocation(Location,CPID) VALUES ('Skaramangás',291);
INSERT INTO CollegePrefLocation(Location,CPID) VALUES ('Al Başrah',241);
INSERT INTO CollegePrefLocation(Location,CPID) VALUES ('Torino',325);
INSERT INTO CollegePrefLocation(Location,CPID) VALUES ('Pieniężno',283);
INSERT INTO CollegePrefLocation(Location,CPID) VALUES ('Kudanding',272);
INSERT INTO CollegePrefLocation(Location,CPID) VALUES ('Longsheng',447);
INSERT INTO CollegePrefLocation(Location,CPID) VALUES ('Banzhong',264);
INSERT INTO CollegePrefLocation(Location,CPID) VALUES ('Herzliya Pituah',159);
INSERT INTO CollegePrefLocation(Location,CPID) VALUES ('Fort Worth',430);
INSERT INTO CollegePrefLocation(Location,CPID) VALUES ('Masinloc',331);
INSERT INTO CollegePrefLocation(Location,CPID) VALUES ('Tangkeng',298);
INSERT INTO CollegePrefLocation(Location,CPID) VALUES ('Karangboyo',52);
INSERT INTO CollegePrefLocation(Location,CPID) VALUES ('El Carril',206);
INSERT INTO CollegePrefLocation(Location,CPID) VALUES ('Monguno',442);
INSERT INTO CollegePrefLocation(Location,CPID) VALUES ('Lüfeng',245);
INSERT INTO CollegePrefLocation(Location,CPID) VALUES ('Tentúgal',43);
INSERT INTO CollegePrefLocation(Location,CPID) VALUES ('Wojnicz',346);
INSERT INTO CollegePrefLocation(Location,CPID) VALUES ('Uruobo-Okija',102);
INSERT INTO CollegePrefLocation(Location,CPID) VALUES ('Juvisy-sur-Orge',390);
INSERT INTO CollegePrefLocation(Location,CPID) VALUES ('Mae Lao',368);
INSERT INTO CollegePrefLocation(Location,CPID) VALUES ('Rakiv Lis',444);
INSERT INTO CollegePrefLocation(Location,CPID) VALUES ('Halmstad',156);
INSERT INTO CollegePrefLocation(Location,CPID) VALUES ('Motong',224);
INSERT INTO CollegePrefLocation(Location,CPID) VALUES ('Kudara-Somon',166);
INSERT INTO CollegePrefLocation(Location,CPID) VALUES ('Wuluhan',285);
INSERT INTO CollegePrefLocation(Location,CPID) VALUES ('Mendeleyevo',169);
INSERT INTO CollegePrefLocation(Location,CPID) VALUES ('Rehnān',215);
INSERT INTO CollegePrefLocation(Location,CPID) VALUES ('Castañas',47);
INSERT INTO CollegePrefLocation(Location,CPID) VALUES ('Timrat',442);
INSERT INTO CollegePrefLocation(Location,CPID) VALUES ('Washington',334);
INSERT INTO CollegePrefLocation(Location,CPID) VALUES ('Tiberias',140);
INSERT INTO CollegePrefLocation(Location,CPID) VALUES ('Kibiti',498);
INSERT INTO CollegePrefLocation(Location,CPID) VALUES ('Le Mans',148);
INSERT INTO CollegePrefLocation(Location,CPID) VALUES ('Zvečan',139);
INSERT INTO CollegePrefLocation(Location,CPID) VALUES ('Lenīnskīy',221);
INSERT INTO CollegePrefLocation(Location,CPID) VALUES ('Neuquén',190);
INSERT INTO CollegePrefLocation(Location,CPID) VALUES ('Daqiao',479);
INSERT INTO CollegePrefLocation(Location,CPID) VALUES ('Lindome',307);
INSERT INTO CollegePrefLocation(Location,CPID) VALUES ('Houston',103);
INSERT INTO CollegePrefLocation(Location,CPID) VALUES ('Shaxi',450);
INSERT INTO CollegePrefLocation(Location,CPID) VALUES ('Baumata',381);
INSERT INTO CollegePrefLocation(Location,CPID) VALUES ('Malie',158);
INSERT INTO CollegePrefLocation(Location,CPID) VALUES ('Dal’neye Konstantinovo',369);
INSERT INTO CollegePrefLocation(Location,CPID) VALUES ('Mlalo',425);
INSERT INTO CollegePrefLocation(Location,CPID) VALUES ('Kaliwates',460);
INSERT INTO CollegePrefLocation(Location,CPID) VALUES ('Kolkhozobod',342);
INSERT INTO CollegePrefLocation(Location,CPID) VALUES ('Yanmen',343);
INSERT INTO CollegePrefLocation(Location,CPID) VALUES ('Sangallaya',21);
INSERT INTO CollegePrefLocation(Location,CPID) VALUES ('Gyumri',214);
INSERT INTO CollegePrefLocation(Location,CPID) VALUES ('Koni-Djodjo',187);
INSERT INTO CollegePrefLocation(Location,CPID) VALUES ('Imeni Tsyurupy',119);
INSERT INTO CollegePrefLocation(Location,CPID) VALUES ('Mitrópoli',305);
INSERT INTO CollegePrefLocation(Location,CPID) VALUES ('Žandov',181);
INSERT INTO CollegePrefLocation(Location,CPID) VALUES ('Río Blanco',229);
INSERT INTO CollegePrefLocation(Location,CPID) VALUES ('Kuanheum',252);
INSERT INTO CollegePrefLocation(Location,CPID) VALUES ('Zhangjiagang',482);
INSERT INTO CollegePrefLocation(Location,CPID) VALUES ('Ondores',69);
INSERT INTO CollegePrefLocation(Location,CPID) VALUES ('Don Mueang',391);
INSERT INTO CollegePrefLocation(Location,CPID) VALUES ('Menghai',452);
INSERT INTO CollegePrefLocation(Location,CPID) VALUES ('San Miguel Dueñas',220);
INSERT INTO CollegePrefLocation(Location,CPID) VALUES ('Khulm',265);
INSERT INTO CollegePrefLocation(Location,CPID) VALUES ('Kostrovo',83);
INSERT INTO CollegePrefLocation(Location,CPID) VALUES ('Fuxi',59);
INSERT INTO CollegePrefLocation(Location,CPID) VALUES ('El Tambo',306);
INSERT INTO CollegePrefLocation(Location,CPID) VALUES ('Buka',77);
INSERT INTO CollegePrefLocation(Location,CPID) VALUES ('San Vicente',456);
INSERT INTO CollegePrefLocation(Location,CPID) VALUES ('La Tola',469);
INSERT INTO CollegePrefLocation(Location,CPID) VALUES ('Palma De Mallorca',374);
INSERT INTO CollegePrefLocation(Location,CPID) VALUES ('Tuanzhou',31);
INSERT INTO CollegePrefLocation(Location,CPID) VALUES ('El Carmen',473);
INSERT INTO CollegePrefLocation(Location,CPID) VALUES ('Vuka',34);
INSERT INTO CollegePrefLocation(Location,CPID) VALUES ('Aoqiao',429);
INSERT INTO CollegePrefLocation(Location,CPID) VALUES ('Sydney',412);
INSERT INTO CollegePrefLocation(Location,CPID) VALUES ('Bistrica pri Tržiču',380);
INSERT INTO CollegePrefLocation(Location,CPID) VALUES ('Ust’-Katav',463);
INSERT INTO CollegePrefLocation(Location,CPID) VALUES ('Eṭ Ṭaiyiba',445);
INSERT INTO CollegePrefLocation(Location,CPID) VALUES ('Prroshyan',66);
INSERT INTO CollegePrefLocation(Location,CPID) VALUES ('La Loma',134);
INSERT INTO CollegePrefLocation(Location,CPID) VALUES ('San Agustín de Valle Fértil',249);
INSERT INTO CollegePrefLocation(Location,CPID) VALUES ('Prado Siongco',272);
INSERT INTO CollegePrefLocation(Location,CPID) VALUES ('Chuchkovo',341);
INSERT INTO CollegePrefLocation(Location,CPID) VALUES ('Kanazawa-shi',127);
INSERT INTO CollegePrefLocation(Location,CPID) VALUES ('Nusajaya',494);
INSERT INTO CollegePrefLocation(Location,CPID) VALUES ('Oguma',126);
INSERT INTO CollegePrefLocation(Location,CPID) VALUES ('Viga',9);
INSERT INTO CollegePrefLocation(Location,CPID) VALUES ('Bogotá',457);
INSERT INTO CollegePrefLocation(Location,CPID) VALUES ('Sukacai',451);
INSERT INTO CollegePrefLocation(Location,CPID) VALUES ('Xinyu',188);
INSERT INTO CollegePrefLocation(Location,CPID) VALUES ('Mörrum',36);
INSERT INTO CollegePrefLocation(Location,CPID) VALUES ('Mount Pearl',279);
INSERT INTO CollegePrefLocation(Location,CPID) VALUES ('Linköping',179);
INSERT INTO CollegePrefLocation(Location,CPID) VALUES ('Iwo',470);
INSERT INTO CollegePrefLocation(Location,CPID) VALUES ('Konotop',73);
INSERT INTO CollegePrefLocation(Location,CPID) VALUES ('Peña',310);
INSERT INTO CollegePrefLocation(Location,CPID) VALUES ('Olenegorsk',161);
INSERT INTO CollegePrefLocation(Location,CPID) VALUES ('Miyata',393);
INSERT INTO CollegePrefLocation(Location,CPID) VALUES ('Sulechów',147);
INSERT INTO CollegePrefLocation(Location,CPID) VALUES ('Sicamous',243);
INSERT INTO CollegePrefLocation(Location,CPID) VALUES ('Waitakere',209);
INSERT INTO CollegePrefLocation(Location,CPID) VALUES ('Luleå',340);
INSERT INTO CollegePrefLocation(Location,CPID) VALUES ('Tunduma',452);
INSERT INTO CollegePrefLocation(Location,CPID) VALUES ('Tycheró',115);
INSERT INTO CollegePrefLocation(Location,CPID) VALUES ('Cañada de Gómez',391);
INSERT INTO CollegePrefLocation(Location,CPID) VALUES ('Kuala Lumpur',229);
INSERT INTO CollegePrefLocation(Location,CPID) VALUES ('Cotonou',420);
INSERT INTO CollegePrefLocation(Location,CPID) VALUES ('Polzela',96);
INSERT INTO CollegePrefLocation(Location,CPID) VALUES ('San Sebastián',118);
INSERT INTO CollegePrefLocation(Location,CPID) VALUES ('Johor Bahru',173);
INSERT INTO CollegePrefLocation(Location,CPID) VALUES ('Chipoka',9);
INSERT INTO CollegePrefLocation(Location,CPID) VALUES ('Hässelby',69);
INSERT INTO CollegePrefLocation(Location,CPID) VALUES ('Svecha',330);
INSERT INTO CollegePrefLocation(Location,CPID) VALUES ('Narawayong',210);
INSERT INTO CollegePrefLocation(Location,CPID) VALUES ('Gunungbatu',176);
INSERT INTO CollegePrefLocation(Location,CPID) VALUES ('Västra Frölunda',402);
INSERT INTO CollegePrefLocation(Location,CPID) VALUES ('Bayan Huxu',427);
INSERT INTO CollegePrefLocation(Location,CPID) VALUES ('Tiehe',56);
INSERT INTO CollegePrefLocation(Location,CPID) VALUES ('Ōno-hara',57);
INSERT INTO CollegePrefLocation(Location,CPID) VALUES ('Quintela',25);
INSERT INTO CollegePrefLocation(Location,CPID) VALUES ('Moravský Krumlov',460);
INSERT INTO CollegePrefLocation(Location,CPID) VALUES ('Nangka',495);
INSERT INTO CollegePrefLocation(Location,CPID) VALUES ('Zelenogorsk',383);
INSERT INTO CollegePrefLocation(Location,CPID) VALUES ('Kłomnice',199);
INSERT INTO CollegePrefLocation(Location,CPID) VALUES ('Manzurka',493);
INSERT INTO CollegePrefLocation(Location,CPID) VALUES ('Muslyumovo',440);
INSERT INTO CollegePrefLocation(Location,CPID) VALUES ('Lyaskelya',375);
INSERT INTO CollegePrefLocation(Location,CPID) VALUES ('Bonik',166);
INSERT INTO CollegePrefLocation(Location,CPID) VALUES ('Ōarai',462);
INSERT INTO CollegePrefLocation(Location,CPID) VALUES ('Ochla',440);
INSERT INTO CollegePrefLocation(Location,CPID) VALUES ('Alpatovo',356);
INSERT INTO CollegePrefLocation(Location,CPID) VALUES ('Mashtūl as Sūq',270);
INSERT INTO CollegePrefLocation(Location,CPID) VALUES ('Pariti',233);
INSERT INTO CollegePrefLocation(Location,CPID) VALUES ('Leiwang',55);
INSERT INTO CollegePrefLocation(Location,CPID) VALUES ('Iza',16);
INSERT INTO CollegePrefLocation(Location,CPID) VALUES ('Pingling',268);
INSERT INTO CollegePrefLocation(Location,CPID) VALUES ('La Libertad',206);
INSERT INTO CollegePrefLocation(Location,CPID) VALUES ('Sumuragung',226);
INSERT INTO CollegePrefLocation(Location,CPID) VALUES ('Stockholm',348);
INSERT INTO CollegePrefLocation(Location,CPID) VALUES ('Malešići',243);
INSERT INTO CollegePrefLocation(Location,CPID) VALUES ('Cinyawar',22);
INSERT INTO CollegePrefLocation(Location,CPID) VALUES ('Zator',177);
INSERT INTO CollegePrefLocation(Location,CPID) VALUES ('Komaki',342);
INSERT INTO CollegePrefLocation(Location,CPID) VALUES ('Strumica',82);
INSERT INTO CollegePrefLocation(Location,CPID) VALUES ('El Puente',223);
INSERT INTO CollegePrefLocation(Location,CPID) VALUES ('Anjozorobe',498);
INSERT INTO CollegePrefLocation(Location,CPID) VALUES ('Mapou',7);
INSERT INTO CollegePrefLocation(Location,CPID) VALUES ('Odiongan',113);
INSERT INTO CollegePrefLocation(Location,CPID) VALUES ('Umm as Summāq',145);
INSERT INTO CollegePrefLocation(Location,CPID) VALUES ('San Andrés',218);
INSERT INTO CollegePrefLocation(Location,CPID) VALUES ('La Virginia',253);
INSERT INTO CollegePrefLocation(Location,CPID) VALUES ('Espérance Trébuchet',217);
INSERT INTO CollegePrefLocation(Location,CPID) VALUES ('Aranas Sur',318);
INSERT INTO CollegePrefLocation(Location,CPID) VALUES ('Huangduobu',317);
INSERT INTO CollegePrefLocation(Location,CPID) VALUES ('Mojkovac',130);
INSERT INTO CollegePrefLocation(Location,CPID) VALUES ('Auriflama',142);
INSERT INTO CollegePrefLocation(Location,CPID) VALUES ('Xinkai',452);
INSERT INTO CollegePrefLocation(Location,CPID) VALUES ('Guri i Zi',58);
INSERT INTO CollegePrefLocation(Location,CPID) VALUES ('Chaoyang',151);
INSERT INTO CollegePrefLocation(Location,CPID) VALUES ('Gavea',365);
INSERT INTO CollegePrefLocation(Location,CPID) VALUES ('Kutno',61);
INSERT INTO CollegePrefLocation(Location,CPID) VALUES ('Zhangatas',377);
INSERT INTO CollegePrefLocation(Location,CPID) VALUES ('Dongshan',276);
INSERT INTO CollegePrefLocation(Location,CPID) VALUES ('Benoni',302);
INSERT INTO CollegePrefLocation(Location,CPID) VALUES ('Shuangjiang',354);
INSERT INTO CollegePrefLocation(Location,CPID) VALUES ('Colombo',403);
INSERT INTO CollegePrefLocation(Location,CPID) VALUES ('Wawrzeńczyce',367);
INSERT INTO CollegePrefLocation(Location,CPID) VALUES ('Calais',274);
INSERT INTO CollegePrefLocation(Location,CPID) VALUES ('Tadrart',268);
INSERT INTO CollegePrefLocation(Location,CPID) VALUES ('Banyupoh',96);
INSERT INTO CollegePrefLocation(Location,CPID) VALUES ('Dachang',70);
INSERT INTO CollegePrefLocation(Location,CPID) VALUES ('Longquan',334);
INSERT INTO CollegePrefLocation(Location,CPID) VALUES ('Weekaka',275);
INSERT INTO CollegePrefLocation(Location,CPID) VALUES ('Encontrados',397);
INSERT INTO CollegePrefLocation(Location,CPID) VALUES ('Xiangfu',409);
INSERT INTO CollegePrefLocation(Location,CPID) VALUES ('Tando Muhammad Khān',470);
INSERT INTO CollegePrefLocation(Location,CPID) VALUES ('Salfīt',342);
INSERT INTO CollegePrefLocation(Location,CPID) VALUES ('Huillapima',379);
INSERT INTO CollegePrefLocation(Location,CPID) VALUES ('Verin Artashat',176);
INSERT INTO CollegePrefLocation(Location,CPID) VALUES ('Jiujiang',395);
INSERT INTO CollegePrefLocation(Location,CPID) VALUES ('Gorgān',2);
INSERT INTO CollegePrefLocation(Location,CPID) VALUES ('Jiangyin',41);
INSERT INTO CollegePrefLocation(Location,CPID) VALUES ('Okaya',480);
INSERT INTO CollegePrefLocation(Location,CPID) VALUES ('Huangbu',146);
INSERT INTO CollegePrefLocation(Location,CPID) VALUES ('Bayuwan',127);
INSERT INTO CollegePrefLocation(Location,CPID) VALUES ('Paldiski',499);
INSERT INTO CollegePrefLocation(Location,CPID) VALUES ('Warlubie',254);
INSERT INTO CollegePrefLocation(Location,CPID) VALUES ('Bohutín',298);
INSERT INTO CollegePrefLocation(Location,CPID) VALUES ('Chambray-lès-Tours',372);
INSERT INTO CollegePrefLocation(Location,CPID) VALUES ('Figueira Castelo Rodrigo',357);
INSERT INTO CollegePrefLocation(Location,CPID) VALUES ('High Point',448);
INSERT INTO CollegePrefLocation(Location,CPID) VALUES ('Gavea',126);
INSERT INTO CollegePrefLocation(Location,CPID) VALUES ('Jevremovac',462);
INSERT INTO CollegePrefLocation(Location,CPID) VALUES ('Gulod',485);
INSERT INTO CollegePrefLocation(Location,CPID) VALUES ('Saint-Priest-en-Jarez',387);
INSERT INTO CollegePrefLocation(Location,CPID) VALUES ('Yaozhuang',65);
INSERT INTO CollegePrefLocation(Location,CPID) VALUES ('Koltushi',129);
INSERT INTO CollegePrefLocation(Location,CPID) VALUES ('Nong Bua Daeng',394);
INSERT INTO CollegePrefLocation(Location,CPID) VALUES ('Palmares',171);
INSERT INTO CollegePrefLocation(Location,CPID) VALUES ('Mielec',496);
INSERT INTO CollegePrefLocation(Location,CPID) VALUES ('Xichehe',353);
INSERT INTO CollegePrefLocation(Location,CPID) VALUES ('Dera Murād Jamāli',3);
INSERT INTO CollegePrefLocation(Location,CPID) VALUES ('Morteros',120);
INSERT INTO CollegePrefLocation(Location,CPID) VALUES ('Corroios',406);
INSERT INTO CollegePrefLocation(Location,CPID) VALUES ('Shangshuai',6);
INSERT INTO CollegePrefLocation(Location,CPID) VALUES ('Kairouan',233);
INSERT INTO CollegePrefLocation(Location,CPID) VALUES ('Zall-Dardhë',18);
INSERT INTO CollegePrefLocation(Location,CPID) VALUES ('Litvínovice',304);
INSERT INTO CollegePrefLocation(Location,CPID) VALUES ('Erong',50);
INSERT INTO CollegePrefLocation(Location,CPID) VALUES ('Maturín',485);
INSERT INTO CollegePrefLocation(Location,CPID) VALUES ('La Paloma',446);
INSERT INTO CollegePrefLocation(Location,CPID) VALUES ('Orhei',112);
INSERT INTO CollegePrefLocation(Location,CPID) VALUES ('Kista',174);
INSERT INTO CollegePrefLocation(Location,CPID) VALUES ('Netishyn',81);
INSERT INTO CollegePrefLocation(Location,CPID) VALUES ('Jumpangdua',497);
INSERT INTO CollegePrefLocation(Location,CPID) VALUES ('Gœsdorf',61);
INSERT INTO CollegePrefLocation(Location,CPID) VALUES ('Manacapuru',328);
INSERT INTO CollegePrefLocation(Location,CPID) VALUES ('Roermond',115);
INSERT INTO CollegePrefLocation(Location,CPID) VALUES ('Jambesari',330);
INSERT INTO CollegePrefLocation(Location,CPID) VALUES ('San Isidro',419);
INSERT INTO CollegePrefLocation(Location,CPID) VALUES ('Skuratovskiy',395);
INSERT INTO CollegePrefLocation(Location,CPID) VALUES ('Polanica-Zdrój',247);
INSERT INTO CollegePrefLocation(Location,CPID) VALUES ('Wola Uhruska',244);
INSERT INTO CollegePrefLocation(Location,CPID) VALUES ('Rymanów',31);
INSERT INTO CollegePrefLocation(Location,CPID) VALUES ('Lagoa da Prata',47);
INSERT INTO CollegePrefLocation(Location,CPID) VALUES ('Nanping',316);
INSERT INTO CollegePrefLocation(Location,CPID) VALUES ('Bishan',225);
INSERT INTO CollegePrefLocation(Location,CPID) VALUES ('Santo Rosario',53);
INSERT INTO CollegePrefLocation(Location,CPID) VALUES ('Anchang',87);
INSERT INTO CollegePrefLocation(Location,CPID) VALUES ('Corinto',79);
INSERT INTO CollegePrefLocation(Location,CPID) VALUES ('Sleman',171);
INSERT INTO CollegePrefLocation(Location,CPID) VALUES ('Boñgalon',94);
INSERT INTO CollegePrefLocation(Location,CPID) VALUES ('Shigou',127);
INSERT INTO CollegePrefLocation(Location,CPID) VALUES ('Köping',239);
INSERT INTO CollegePrefLocation(Location,CPID) VALUES ('Huai’an',291);
INSERT INTO CollegePrefLocation(Location,CPID) VALUES ('Cezi',475);
INSERT INTO CollegePrefLocation(Location,CPID) VALUES ('Baxiangshan',342);
INSERT INTO CollegePrefLocation(Location,CPID) VALUES ('Lianghe',216);
INSERT INTO CollegePrefLocation(Location,CPID) VALUES ('Shāhzādpur',357);
INSERT INTO CollegePrefLocation(Location,CPID) VALUES ('Kallithéa',193);
INSERT INTO CollegePrefLocation(Location,CPID) VALUES ('Yingwusitang',345);
INSERT INTO CollegePrefLocation(Location,CPID) VALUES ('Hamburg',191);
INSERT INTO CollegePrefLocation(Location,CPID) VALUES ('Gebre Guracha',229);
INSERT INTO CollegePrefLocation(Location,CPID) VALUES ('Margacina',482);
INSERT INTO CollegePrefLocation(Location,CPID) VALUES ('Nashville',183);
INSERT INTO CollegePrefLocation(Location,CPID) VALUES ('Manevychi',211);
INSERT INTO CollegePrefLocation(Location,CPID) VALUES ('Phichit',157);
INSERT INTO CollegePrefLocation(Location,CPID) VALUES ('Hitachi',97);
INSERT INTO CollegePrefLocation(Location,CPID) VALUES ('Loja',498);
INSERT INTO CollegePrefLocation(Location,CPID) VALUES ('Landskrona',374);
INSERT INTO CollegePrefLocation(Location,CPID) VALUES ('Pilawa',466);
INSERT INTO CollegePrefLocation(Location,CPID) VALUES ('Ramat Gan',275);
INSERT INTO CollegePrefLocation(Location,CPID) VALUES ('Huangzhai',140);
INSERT INTO CollegePrefLocation(Location,CPID) VALUES ('Bromölla',467);
INSERT INTO CollegePrefLocation(Location,CPID) VALUES ('Chinú',107);
INSERT INTO CollegePrefLocation(Location,CPID) VALUES ('Cirangga Kidul',42);
INSERT INTO CollegePrefLocation(Location,CPID) VALUES ('Izyum',457);
INSERT INTO CollegePrefLocation(Location,CPID) VALUES ('Xinqiao',382);
INSERT INTO CollegePrefLocation(Location,CPID) VALUES ('Loreto',491);
INSERT INTO CollegePrefLocation(Location,CPID) VALUES ('Baishan',6);
INSERT INTO CollegePrefLocation(Location,CPID) VALUES ('Hudong',326);
INSERT INTO CollegePrefLocation(Location,CPID) VALUES ('Pinhal de Frades',175);
INSERT INTO CollegePrefLocation(Location,CPID) VALUES ('Strenči',359);
INSERT INTO CollegePrefLocation(Location,CPID) VALUES ('Sóc Trăng',425);
INSERT INTO CollegePrefLocation(Location,CPID) VALUES ('Wangpu',110);
INSERT INTO CollegePrefLocation(Location,CPID) VALUES ('Tlogosari',363);
INSERT INTO CollegePrefLocation(Location,CPID) VALUES ('Stykkishólmur',389);
INSERT INTO CollegePrefLocation(Location,CPID) VALUES ('Salogon',120);
INSERT INTO CollegePrefLocation(Location,CPID) VALUES ('Otaslavice',403);
INSERT INTO CollegePrefLocation(Location,CPID) VALUES ('Chư Sê',131);
INSERT INTO CollegePrefLocation(Location,CPID) VALUES ('Shawnee Mission',3);
INSERT INTO CollegePrefLocation(Location,CPID) VALUES ('Giraldo',176);
INSERT INTO CollegePrefLocation(Location,CPID) VALUES ('Varginha',472);
INSERT INTO CollegePrefLocation(Location,CPID) VALUES ('Benito Juarez',61);
INSERT INTO CollegePrefLocation(Location,CPID) VALUES ('Liquan Chengguanzhen',192);
INSERT INTO CollegePrefLocation(Location,CPID) VALUES ('Rifeng',486);
INSERT INTO CollegePrefLocation(Location,CPID) VALUES ('Bulakbanjar',56);
INSERT INTO CollegePrefLocation(Location,CPID) VALUES ('Shuinan',342);
INSERT INTO CollegePrefLocation(Location,CPID) VALUES ('Paris 09',476);
INSERT INTO CollegePrefLocation(Location,CPID) VALUES ('Longtan',2);
INSERT INTO CollegePrefLocation(Location,CPID) VALUES ('Wawa',63);
INSERT INTO CollegePrefLocation(Location,CPID) VALUES ('Xintang',470);
INSERT INTO CollegePrefLocation(Location,CPID) VALUES ('Wringinsari',7);
INSERT INTO CollegePrefLocation(Location,CPID) VALUES ('Velyka Pysarivka',360);
INSERT INTO CollegePrefLocation(Location,CPID) VALUES ('Barra do Garças',178);
INSERT INTO CollegePrefLocation(Location,CPID) VALUES ('Guanjiabao',244);
INSERT INTO CollegePrefLocation(Location,CPID) VALUES ('Mākū',379);
INSERT INTO CollegePrefLocation(Location,CPID) VALUES ('Bozhou',257);
INSERT INTO CollegePrefLocation(Location,CPID) VALUES ('Tanxi',51);
INSERT INTO CollegePrefLocation(Location,CPID) VALUES ('Fengyi',221);
INSERT INTO CollegePrefLocation(Location,CPID) VALUES ('Nanqiao',148);
INSERT INTO CollegePrefLocation(Location,CPID) VALUES ('La Banda',131);
INSERT INTO CollegePrefLocation(Location,CPID) VALUES ('Huanshan',83);
INSERT INTO CollegePrefLocation(Location,CPID) VALUES ('Xiasi',108);
INSERT INTO CollegePrefLocation(Location,CPID) VALUES ('Oliveirinha',337);
INSERT INTO CollegePrefLocation(Location,CPID) VALUES ('Piranshahr',319);
INSERT INTO CollegePrefLocation(Location,CPID) VALUES ('Karkkila',490);
INSERT INTO CollegePrefLocation(Location,CPID) VALUES ('Villa María',343);
INSERT INTO CollegePrefLocation(Location,CPID) VALUES ('Naranjal',455);
INSERT INTO CollegePrefLocation(Location,CPID) VALUES ('Marseille',463);
INSERT INTO CollegePrefLocation(Location,CPID) VALUES ('Borzęcin',357);
INSERT INTO CollegePrefLocation(Location,CPID) VALUES ('Budapest',102);
INSERT INTO CollegePrefLocation(Location,CPID) VALUES ('Saint-Pierre',429);
INSERT INTO CollegePrefLocation(Location,CPID) VALUES ('Lorient',12);
INSERT INTO CollegePrefLocation(Location,CPID) VALUES ('Pervomays’k',271);
INSERT INTO CollegePrefLocation(Location,CPID) VALUES ('Zolotonosha',491);
INSERT INTO CollegePrefLocation(Location,CPID) VALUES ('Krzepice',98);
INSERT INTO CollegePrefLocation(Location,CPID) VALUES ('Nishi-Tokyo-shi',53);
INSERT INTO CollegePrefLocation(Location,CPID) VALUES ('Guayabal de Síquima',486);
INSERT INTO CollegePrefLocation(Location,CPID) VALUES ('Marsabit',304);
INSERT INTO CollegePrefLocation(Location,CPID) VALUES ('Cinagrog Girang',427);
INSERT INTO CollegePrefLocation(Location,CPID) VALUES ('Dehui',484);
INSERT INTO CollegePrefLocation(Location,CPID) VALUES ('Francisco I Madero',196);
INSERT INTO CollegePrefLocation(Location,CPID) VALUES ('Xinwu',384);
INSERT INTO CollegePrefLocation(Location,CPID) VALUES ('San Martín de los Andes',236);
INSERT INTO CollegePrefLocation(Location,CPID) VALUES ('Zouparria do Monte',111);
INSERT INTO CollegePrefLocation(Location,CPID) VALUES ('Doushaguan',87);
INSERT INTO CollegePrefLocation(Location,CPID) VALUES ('Ulichnoye',309);
INSERT INTO CollegePrefLocation(Location,CPID) VALUES ('Chenqiao',429);
INSERT INTO CollegePrefLocation(Location,CPID) VALUES ('Smålandsstenar',412);
INSERT INTO CollegePrefLocation(Location,CPID) VALUES ('Batubantar',316);
INSERT INTO CollegePrefLocation(Location,CPID) VALUES ('Bealanana',461);
INSERT INTO CollegePrefLocation(Location,CPID) VALUES ('Ţammūn',47);
INSERT INTO CollegePrefLocation(Location,CPID) VALUES ('Pueblo',235);
INSERT INTO CollegePrefLocation(Location,CPID) VALUES ('Las Flores',411);
INSERT INTO CollegePrefLocation(Location,CPID) VALUES ('Ujazd',83);
INSERT INTO CollegePrefLocation(Location,CPID) VALUES ('Moreira de Geraz do Lima',377);
INSERT INTO CollegePrefLocation(Location,CPID) VALUES ('Las Vegas',277);
INSERT INTO CollegePrefLocation(Location,CPID) VALUES ('New York City',266);
INSERT INTO CollegePrefLocation(Location,CPID) VALUES ('Sitrah',141);
INSERT INTO CollegePrefLocation(Location,CPID) VALUES ('Taobei',439);
INSERT INTO CollegePrefLocation(Location,CPID) VALUES ('Ayrihuanca',33);
INSERT INTO CollegePrefLocation(Location,CPID) VALUES ('Bāsht',25);
INSERT INTO CollegePrefLocation(Location,CPID) VALUES ('Eslöv',320);
INSERT INTO CollegePrefLocation(Location,CPID) VALUES ('Dongchong',202);
INSERT INTO CollegePrefLocation(Location,CPID) VALUES ('Chadong',207);
INSERT INTO CollegePrefLocation(Location,CPID) VALUES ('Kelo',387);
INSERT INTO CollegePrefLocation(Location,CPID) VALUES ('Poissy',398);
INSERT INTO CollegePrefLocation(Location,CPID) VALUES ('Niugan',478);
INSERT INTO CollegePrefLocation(Location,CPID) VALUES ('Przystajń',319);
INSERT INTO CollegePrefLocation(Location,CPID) VALUES ('Bebekan',328);
INSERT INTO CollegePrefLocation(Location,CPID) VALUES ('Oslo',312);
INSERT INTO CollegePrefLocation(Location,CPID) VALUES ('Portelinha',284);
INSERT INTO CollegePrefLocation(Location,CPID) VALUES ('Cigadung',425);
INSERT INTO CollegePrefLocation(Location,CPID) VALUES ('Lauro de Freitas',71);
INSERT INTO CollegePrefLocation(Location,CPID) VALUES ('Shumyachi',204);
INSERT INTO CollegePrefLocation(Location,CPID) VALUES ('Stanišić',390);
INSERT INTO CollegePrefLocation(Location,CPID) VALUES ('Ouricuri',457);
INSERT INTO CollegePrefLocation(Location,CPID) VALUES ('Goodlands',11);
INSERT INTO CollegePrefLocation(Location,CPID) VALUES ('Angasmarca',494);
INSERT INTO CollegePrefLocation(Location,CPID) VALUES ('Gävle',292);
INSERT INTO CollegePrefLocation(Location,CPID) VALUES ('Rancabugel',162);
INSERT INTO CollegePrefLocation(Location,CPID) VALUES ('Agiásos',78);
INSERT INTO CollegePrefLocation(Location,CPID) VALUES ('La Cruz',282);
INSERT INTO CollegePrefLocation(Location,CPID) VALUES ('Luzhang',433);
INSERT INTO CollegePrefLocation(Location,CPID) VALUES ('Älvdalen',42);
INSERT INTO CollegePrefLocation(Location,CPID) VALUES ('Chodów',378);
INSERT INTO CollegePrefLocation(Location,CPID) VALUES ('Nanhu',305);
INSERT INTO CollegePrefLocation(Location,CPID) VALUES ('Onsala',326);
INSERT INTO CollegePrefLocation(Location,CPID) VALUES ('Boston',178);
INSERT INTO CollegePrefLocation(Location,CPID) VALUES ('Paurito',73);
INSERT INTO CollegePrefLocation(Location,CPID) VALUES ('San Juan de Manapiare',390);
INSERT INTO CollegePrefLocation(Location,CPID) VALUES ('Nggalak',41);
INSERT INTO CollegePrefLocation(Location,CPID) VALUES ('Florencia',206);
INSERT INTO CollegePrefLocation(Location,CPID) VALUES ('Toulon',10);
INSERT INTO CollegePrefLocation(Location,CPID) VALUES ('Shixian',257);
INSERT INTO CollegePrefLocation(Location,CPID) VALUES ('Silver Spring',115);
INSERT INTO CollegePrefLocation(Location,CPID) VALUES ('Sabana de Parra',131);
INSERT INTO CollegePrefLocation(Location,CPID) VALUES ('Araguari',196);
INSERT INTO CollegePrefLocation(Location,CPID) VALUES ('Mont-Joli',118);
INSERT INTO CollegePrefLocation(Location,CPID) VALUES ('Petaling Jaya',170);
INSERT INTO CollegePrefLocation(Location,CPID) VALUES ('Arlington',145);
INSERT INTO CollegePrefLocation(Location,CPID) VALUES ('Brest',68);
INSERT INTO CollegePrefLocation(Location,CPID) VALUES ('Yilan',482);
INSERT INTO CollegePrefLocation(Location,CPID) VALUES ('Miyazu',294);
INSERT INTO CollegePrefLocation(Location,CPID) VALUES ('Tīrān',329);
INSERT INTO CollegePrefLocation(Location,CPID) VALUES ('Lembanah',301);
INSERT INTO CollegePrefLocation(Location,CPID) VALUES ('Lubbock',474);
INSERT INTO CollegePrefLocation(Location,CPID) VALUES ('Ḩājjīābād',9);
INSERT INTO CollegePrefLocation(Location,CPID) VALUES ('Nigel',288);
INSERT INTO CollegePrefLocation(Location,CPID) VALUES ('Maracanaú',214);
INSERT INTO CollegePrefLocation(Location,CPID) VALUES ('Bacalan',69);
INSERT INTO CollegePrefLocation(Location,CPID) VALUES ('Pahārpur',245);
INSERT INTO CollegePrefLocation(Location,CPID) VALUES ('Oke Iho',304);
INSERT INTO CollegePrefLocation(Location,CPID) VALUES ('Chernigovka',324);
INSERT INTO CollegePrefLocation(Location,CPID) VALUES ('Xinbei',376);
INSERT INTO CollegePrefLocation(Location,CPID) VALUES ('Patrocínio',260);
INSERT INTO CollegePrefLocation(Location,CPID) VALUES ('Qinnan',74);
INSERT INTO CollegePrefLocation(Location,CPID) VALUES ('São João do Campo',91);
INSERT INTO CollegePrefLocation(Location,CPID) VALUES ('Bakung Utara',309);
INSERT INTO CollegePrefLocation(Location,CPID) VALUES ('Cunén',354);
INSERT INTO CollegePrefLocation(Location,CPID) VALUES ('Huyu',322);
INSERT INTO CollegePrefLocation(Location,CPID) VALUES ('Dąbie',408);
INSERT INTO CollegePrefLocation(Location,CPID) VALUES ('Xianyuan',383);
INSERT INTO CollegePrefLocation(Location,CPID) VALUES ('Qo‘qon',316);
INSERT INTO CollegePrefLocation(Location,CPID) VALUES ('Ciénaga de Oro',415);
INSERT INTO CollegePrefLocation(Location,CPID) VALUES ('Chengzhai',160);
INSERT INTO CollegePrefLocation(Location,CPID) VALUES ('Stenungsund',139);
INSERT INTO CollegePrefLocation(Location,CPID) VALUES ('Guaimaca',366);
INSERT INTO CollegePrefLocation(Location,CPID) VALUES ('Rouen',12);
INSERT INTO CollegePrefLocation(Location,CPID) VALUES ('Bebandem',257);
INSERT INTO CollegePrefLocation(Location,CPID) VALUES ('Karangbadar Kidul',144);
INSERT INTO CollegePrefLocation(Location,CPID) VALUES ('Ţawr al Bāḩah',33);
INSERT INTO CollegePrefLocation(Location,CPID) VALUES ('Bohus',470);
INSERT INTO CollegePrefLocation(Location,CPID) VALUES ('Fada',220);
INSERT INTO CollegePrefLocation(Location,CPID) VALUES ('Zhuanshui',75);
INSERT INTO CollegePrefLocation(Location,CPID) VALUES ('Parang',170);
INSERT INTO CollegePrefLocation(Location,CPID) VALUES ('Olho Marinho',180);
INSERT INTO CollegePrefLocation(Location,CPID) VALUES ('Ramón Castilla',404);
INSERT INTO CollegePrefLocation(Location,CPID) VALUES ('Xiazhai',432);
INSERT INTO CollegePrefLocation(Location,CPID) VALUES ('Non Sila',181);
INSERT INTO CollegePrefLocation(Location,CPID) VALUES ('Onueke',6);
INSERT INTO CollegePrefLocation(Location,CPID) VALUES ('Kotlas',82);
INSERT INTO CollegePrefLocation(Location,CPID) VALUES ('Croissy-sur-Seine',364);
INSERT INTO CollegePrefLocation(Location,CPID) VALUES ('Palmerston North',255);
INSERT INTO CollegePrefLocation(Location,CPID) VALUES ('Ylöjärvi',252);
INSERT INTO CollegePrefLocation(Location,CPID) VALUES ('Shaochang',149);
INSERT INTO CollegePrefLocation(Location,CPID) VALUES ('Boyeros',59);
INSERT INTO CollegePrefLocation(Location,CPID) VALUES ('Yonezawa',60);
INSERT INTO CollegePrefLocation(Location,CPID) VALUES ('Strasbourg',259);
INSERT INTO CollegePrefLocation(Location,CPID) VALUES ('Älvdalen',16);
INSERT INTO CollegePrefLocation(Location,CPID) VALUES ('Balbagay',410);
INSERT INTO CollegePrefLocation(Location,CPID) VALUES ('Tamansari',290);
INSERT INTO CollegePrefLocation(Location,CPID) VALUES ('Dongsheng',37);
INSERT INTO CollegePrefLocation(Location,CPID) VALUES ('Laranjeiras do Sul',353);
INSERT INTO CollegePrefLocation(Location,CPID) VALUES ('Yermolino',297);
INSERT INTO CollegePrefLocation(Location,CPID) VALUES ('Kabardinka',303);
INSERT INTO CollegePrefLocation(Location,CPID) VALUES ('Falefa',210);
INSERT INTO CollegePrefLocation(Location,CPID) VALUES ('Hulyaypole',489);
INSERT INTO CollegePrefLocation(Location,CPID) VALUES ('Canguaretama',242);
INSERT INTO CollegePrefLocation(Location,CPID) VALUES ('Laojunpo',490);
INSERT INTO CollegePrefLocation(Location,CPID) VALUES ('Quillota',264);
INSERT INTO CollegePrefLocation(Location,CPID) VALUES ('Pa Bon',423);
INSERT INTO CollegePrefLocation(Location,CPID) VALUES ('Fangyan',131);
INSERT INTO CollegePrefLocation(Location,CPID) VALUES ('Huandiqiao',462);
INSERT INTO CollegePrefLocation(Location,CPID) VALUES ('Bojszowy Nowe',403);
INSERT INTO CollegePrefLocation(Location,CPID) VALUES ('Zdolbuniv',283);
INSERT INTO CollegePrefLocation(Location,CPID) VALUES ('Río de Jesús',255);
INSERT INTO CollegePrefLocation(Location,CPID) VALUES ('Minas de Matahambre',353);
INSERT INTO CollegePrefLocation(Location,CPID) VALUES ('Bagaces',362);
INSERT INTO CollegePrefLocation(Location,CPID) VALUES ('Kadugede',197);
INSERT INTO CollegePrefLocation(Location,CPID) VALUES ('Bologna',128);
INSERT INTO CollegePrefLocation(Location,CPID) VALUES ('Piskavica',107);
INSERT INTO CollegePrefLocation(Location,CPID) VALUES ('Mesquite',397);
INSERT INTO CollegePrefLocation(Location,CPID) VALUES ('Santa Cruz',232);
INSERT INTO CollegePrefLocation(Location,CPID) VALUES ('Indaial',120);
INSERT INTO CollegePrefLocation(Location,CPID) VALUES ('Palumbungan',304);
INSERT INTO CollegePrefLocation(Location,CPID) VALUES ('Krasnogorsk',83);
INSERT INTO CollegePrefLocation(Location,CPID) VALUES ('Severnyy',446);
INSERT INTO CollegePrefLocation(Location,CPID) VALUES ('Wawa',180);
INSERT INTO CollegePrefLocation(Location,CPID) VALUES ('Licheń Stary',112);
INSERT INTO CollegePrefLocation(Location,CPID) VALUES ('San Jerónimo',268);
INSERT INTO CollegePrefLocation(Location,CPID) VALUES ('Gludug',4);
INSERT INTO CollegePrefLocation(Location,CPID) VALUES ('Qalqaman',429);
INSERT INTO CollegePrefLocation(Location,CPID) VALUES ('Rongcheng',330);
INSERT INTO CollegePrefLocation(Location,CPID) VALUES ('Carvoeira',306);
INSERT INTO CollegePrefLocation(Location,CPID) VALUES ('Port Washington',346);
INSERT INTO CollegePrefLocation(Location,CPID) VALUES ('Mrzeżyno',186);
INSERT INTO CollegePrefLocation(Location,CPID) VALUES ('Dongtuan',327);
INSERT INTO CollegePrefLocation(Location,CPID) VALUES ('Were Īlu',89);
INSERT INTO CollegePrefLocation(Location,CPID) VALUES ('Huanghuai',263);
INSERT INTO CollegePrefLocation(Location,CPID) VALUES ('Laval',27);
INSERT INTO CollegePrefLocation(Location,CPID) VALUES ('Bingawan',234);
INSERT INTO CollegePrefLocation(Location,CPID) VALUES ('Watoona',442);
INSERT INTO CollegePrefLocation(Location,CPID) VALUES ('Buenavista',469);
INSERT INTO CollegePrefLocation(Location,CPID) VALUES ('Boé',80);
INSERT INTO CollegePrefLocation(Location,CPID) VALUES ('Xuguang',410);
INSERT INTO CollegePrefLocation(Location,CPID) VALUES ('Las Vegas',145);
INSERT INTO CollegePrefLocation(Location,CPID) VALUES ('Tanggungrejo',17);
INSERT INTO CollegePrefLocation(Location,CPID) VALUES ('Roanoke',245);
INSERT INTO CollegePrefLocation(Location,CPID) VALUES ('Magaria',114);
INSERT INTO CollegePrefLocation(Location,CPID) VALUES ('Becerril',474);
INSERT INTO CollegePrefLocation(Location,CPID) VALUES ('Yaguachi Nuevo',486);
INSERT INTO CollegePrefLocation(Location,CPID) VALUES ('Saint Louis',364);
INSERT INTO CollegePrefLocation(Location,CPID) VALUES ('Yangshan',107);
INSERT INTO CollegePrefLocation(Location,CPID) VALUES ('Pekalongan',456);
INSERT INTO CollegePrefLocation(Location,CPID) VALUES ('Shuimen',275);
INSERT INTO CollegePrefLocation(Location,CPID) VALUES ('Petrovo-Dal’neye',343);
INSERT INTO CollegePrefLocation(Location,CPID) VALUES ('Qinjiang',236);
INSERT INTO CollegePrefLocation(Location,CPID) VALUES ('Turija',10);
INSERT INTO CollegePrefLocation(Location,CPID) VALUES ('Aldeia do Bispo',480);
INSERT INTO CollegePrefLocation(Location,CPID) VALUES ('Jingping',416);
INSERT INTO CollegePrefLocation(Location,CPID) VALUES ('Kaminoyama',165);
INSERT INTO CollegePrefLocation(Location,CPID) VALUES ('Shatrovo',42);
INSERT INTO CollegePrefLocation(Location,CPID) VALUES ('Słotowa',180);
INSERT INTO CollegePrefLocation(Location,CPID) VALUES ('Louisville',216);
INSERT INTO CollegePrefLocation(Location,CPID) VALUES ('Irupi',269);
INSERT INTO CollegePrefLocation(Location,CPID) VALUES ('Āzādshahr',429);
INSERT INTO CollegePrefLocation(Location,CPID) VALUES ('Stari Kuty',32);
INSERT INTO CollegePrefLocation(Location,CPID) VALUES ('Cikarang',39);
INSERT INTO CollegePrefLocation(Location,CPID) VALUES ('Mabay',408);
INSERT INTO CollegePrefLocation(Location,CPID) VALUES ('Caijiapu',312);
INSERT INTO CollegePrefLocation(Location,CPID) VALUES ('Särö',14);
INSERT INTO CollegePrefLocation(Location,CPID) VALUES ('Gonayiv',369);
INSERT INTO CollegePrefLocation(Location,CPID) VALUES ('Esperanza',327);
INSERT INTO CollegePrefLocation(Location,CPID) VALUES ('Khueang Nai',458);
INSERT INTO CollegePrefLocation(Location,CPID) VALUES ('Ban Fang',383);
INSERT INTO CollegePrefLocation(Location,CPID) VALUES ('Ladoang',167);
INSERT INTO CollegePrefLocation(Location,CPID) VALUES ('Usab',330);
INSERT INTO CollegePrefLocation(Location,CPID) VALUES ('Ngedhusuba',76);
INSERT INTO CollegePrefLocation(Location,CPID) VALUES ('Barra de São Francisco',46);
INSERT INTO CollegePrefLocation(Location,CPID) VALUES ('Guararapes',131);
INSERT INTO CollegePrefLocation(Location,CPID) VALUES ('Cibingbin',346);
INSERT INTO CollegePrefLocation(Location,CPID) VALUES ('Aldeia de Além',118);
INSERT INTO CollegePrefLocation(Location,CPID) VALUES ('Spasskoye-Lutovinovo',217);
INSERT INTO CollegePrefLocation(Location,CPID) VALUES ('Delicias',376);
INSERT INTO CollegePrefLocation(Location,CPID) VALUES ('Jiangkou',31);
INSERT INTO CollegePrefLocation(Location,CPID) VALUES ('Banjar Buahan',380);
INSERT INTO CollegePrefLocation(Location,CPID) VALUES ('Ban Nong Wua So',465);


DROP TABLE IF EXISTS AdmissionsPlan;
CREATE TABLE AdmissionsPlan(
   AdmissionsID INTEGER  NOT NULL
  ,CounselorID  INTEGER  NOT NULL
  ,PRIMARY KEY(AdmissionsID,CounselorID)
);
INSERT INTO AdmissionsPlan(AdmissionsID,CounselorID) VALUES (1,34);
INSERT INTO AdmissionsPlan(AdmissionsID,CounselorID) VALUES (2,4);
INSERT INTO AdmissionsPlan(AdmissionsID,CounselorID) VALUES (3,7);
INSERT INTO AdmissionsPlan(AdmissionsID,CounselorID) VALUES (4,14);
INSERT INTO AdmissionsPlan(AdmissionsID,CounselorID) VALUES (5,33);
INSERT INTO AdmissionsPlan(AdmissionsID,CounselorID) VALUES (6,15);
INSERT INTO AdmissionsPlan(AdmissionsID,CounselorID) VALUES (7,20);
INSERT INTO AdmissionsPlan(AdmissionsID,CounselorID) VALUES (8,39);
INSERT INTO AdmissionsPlan(AdmissionsID,CounselorID) VALUES (9,18);
INSERT INTO AdmissionsPlan(AdmissionsID,CounselorID) VALUES (10,46);
INSERT INTO AdmissionsPlan(AdmissionsID,CounselorID) VALUES (11,32);
INSERT INTO AdmissionsPlan(AdmissionsID,CounselorID) VALUES (12,25);
INSERT INTO AdmissionsPlan(AdmissionsID,CounselorID) VALUES (13,27);
INSERT INTO AdmissionsPlan(AdmissionsID,CounselorID) VALUES (14,3);
INSERT INTO AdmissionsPlan(AdmissionsID,CounselorID) VALUES (15,43);
INSERT INTO AdmissionsPlan(AdmissionsID,CounselorID) VALUES (16,41);
INSERT INTO AdmissionsPlan(AdmissionsID,CounselorID) VALUES (17,35);
INSERT INTO AdmissionsPlan(AdmissionsID,CounselorID) VALUES (18,50);
INSERT INTO AdmissionsPlan(AdmissionsID,CounselorID) VALUES (19,4);
INSERT INTO AdmissionsPlan(AdmissionsID,CounselorID) VALUES (20,2);
INSERT INTO AdmissionsPlan(AdmissionsID,CounselorID) VALUES (21,23);
INSERT INTO AdmissionsPlan(AdmissionsID,CounselorID) VALUES (22,15);
INSERT INTO AdmissionsPlan(AdmissionsID,CounselorID) VALUES (23,19);
INSERT INTO AdmissionsPlan(AdmissionsID,CounselorID) VALUES (24,26);
INSERT INTO AdmissionsPlan(AdmissionsID,CounselorID) VALUES (25,14);
INSERT INTO AdmissionsPlan(AdmissionsID,CounselorID) VALUES (26,45);
INSERT INTO AdmissionsPlan(AdmissionsID,CounselorID) VALUES (27,42);
INSERT INTO AdmissionsPlan(AdmissionsID,CounselorID) VALUES (28,13);
INSERT INTO AdmissionsPlan(AdmissionsID,CounselorID) VALUES (29,48);
INSERT INTO AdmissionsPlan(AdmissionsID,CounselorID) VALUES (30,44);
INSERT INTO AdmissionsPlan(AdmissionsID,CounselorID) VALUES (31,1);
INSERT INTO AdmissionsPlan(AdmissionsID,CounselorID) VALUES (32,37);
INSERT INTO AdmissionsPlan(AdmissionsID,CounselorID) VALUES (33,30);
INSERT INTO AdmissionsPlan(AdmissionsID,CounselorID) VALUES (34,4);
INSERT INTO AdmissionsPlan(AdmissionsID,CounselorID) VALUES (35,38);
INSERT INTO AdmissionsPlan(AdmissionsID,CounselorID) VALUES (36,26);
INSERT INTO AdmissionsPlan(AdmissionsID,CounselorID) VALUES (37,45);
INSERT INTO AdmissionsPlan(AdmissionsID,CounselorID) VALUES (38,27);
INSERT INTO AdmissionsPlan(AdmissionsID,CounselorID) VALUES (39,32);
INSERT INTO AdmissionsPlan(AdmissionsID,CounselorID) VALUES (40,23);
INSERT INTO AdmissionsPlan(AdmissionsID,CounselorID) VALUES (41,49);
INSERT INTO AdmissionsPlan(AdmissionsID,CounselorID) VALUES (42,44);
INSERT INTO AdmissionsPlan(AdmissionsID,CounselorID) VALUES (43,6);
INSERT INTO AdmissionsPlan(AdmissionsID,CounselorID) VALUES (44,40);
INSERT INTO AdmissionsPlan(AdmissionsID,CounselorID) VALUES (45,47);
INSERT INTO AdmissionsPlan(AdmissionsID,CounselorID) VALUES (46,1);
INSERT INTO AdmissionsPlan(AdmissionsID,CounselorID) VALUES (47,8);
INSERT INTO AdmissionsPlan(AdmissionsID,CounselorID) VALUES (48,29);
INSERT INTO AdmissionsPlan(AdmissionsID,CounselorID) VALUES (49,6);
INSERT INTO AdmissionsPlan(AdmissionsID,CounselorID) VALUES (50,38);
INSERT INTO AdmissionsPlan(AdmissionsID,CounselorID) VALUES (51,50);
INSERT INTO AdmissionsPlan(AdmissionsID,CounselorID) VALUES (52,35);
INSERT INTO AdmissionsPlan(AdmissionsID,CounselorID) VALUES (53,17);
INSERT INTO AdmissionsPlan(AdmissionsID,CounselorID) VALUES (54,22);
INSERT INTO AdmissionsPlan(AdmissionsID,CounselorID) VALUES (55,47);
INSERT INTO AdmissionsPlan(AdmissionsID,CounselorID) VALUES (56,16);
INSERT INTO AdmissionsPlan(AdmissionsID,CounselorID) VALUES (57,10);
INSERT INTO AdmissionsPlan(AdmissionsID,CounselorID) VALUES (58,49);
INSERT INTO AdmissionsPlan(AdmissionsID,CounselorID) VALUES (59,27);
INSERT INTO AdmissionsPlan(AdmissionsID,CounselorID) VALUES (60,9);
INSERT INTO AdmissionsPlan(AdmissionsID,CounselorID) VALUES (61,45);
INSERT INTO AdmissionsPlan(AdmissionsID,CounselorID) VALUES (62,40);
INSERT INTO AdmissionsPlan(AdmissionsID,CounselorID) VALUES (63,22);
INSERT INTO AdmissionsPlan(AdmissionsID,CounselorID) VALUES (64,26);
INSERT INTO AdmissionsPlan(AdmissionsID,CounselorID) VALUES (65,16);
INSERT INTO AdmissionsPlan(AdmissionsID,CounselorID) VALUES (66,42);
INSERT INTO AdmissionsPlan(AdmissionsID,CounselorID) VALUES (67,8);
INSERT INTO AdmissionsPlan(AdmissionsID,CounselorID) VALUES (68,4);
INSERT INTO AdmissionsPlan(AdmissionsID,CounselorID) VALUES (69,19);
INSERT INTO AdmissionsPlan(AdmissionsID,CounselorID) VALUES (70,44);
INSERT INTO AdmissionsPlan(AdmissionsID,CounselorID) VALUES (71,27);
INSERT INTO AdmissionsPlan(AdmissionsID,CounselorID) VALUES (72,33);
INSERT INTO AdmissionsPlan(AdmissionsID,CounselorID) VALUES (73,24);
INSERT INTO AdmissionsPlan(AdmissionsID,CounselorID) VALUES (74,37);
INSERT INTO AdmissionsPlan(AdmissionsID,CounselorID) VALUES (75,17);
INSERT INTO AdmissionsPlan(AdmissionsID,CounselorID) VALUES (76,41);
INSERT INTO AdmissionsPlan(AdmissionsID,CounselorID) VALUES (77,1);
INSERT INTO AdmissionsPlan(AdmissionsID,CounselorID) VALUES (78,4);
INSERT INTO AdmissionsPlan(AdmissionsID,CounselorID) VALUES (79,23);
INSERT INTO AdmissionsPlan(AdmissionsID,CounselorID) VALUES (80,47);
INSERT INTO AdmissionsPlan(AdmissionsID,CounselorID) VALUES (81,36);
INSERT INTO AdmissionsPlan(AdmissionsID,CounselorID) VALUES (82,38);
INSERT INTO AdmissionsPlan(AdmissionsID,CounselorID) VALUES (83,30);
INSERT INTO AdmissionsPlan(AdmissionsID,CounselorID) VALUES (84,32);
INSERT INTO AdmissionsPlan(AdmissionsID,CounselorID) VALUES (85,40);
INSERT INTO AdmissionsPlan(AdmissionsID,CounselorID) VALUES (86,6);
INSERT INTO AdmissionsPlan(AdmissionsID,CounselorID) VALUES (87,5);
INSERT INTO AdmissionsPlan(AdmissionsID,CounselorID) VALUES (88,44);
INSERT INTO AdmissionsPlan(AdmissionsID,CounselorID) VALUES (89,49);
INSERT INTO AdmissionsPlan(AdmissionsID,CounselorID) VALUES (90,46);
INSERT INTO AdmissionsPlan(AdmissionsID,CounselorID) VALUES (91,15);
INSERT INTO AdmissionsPlan(AdmissionsID,CounselorID) VALUES (92,33);
INSERT INTO AdmissionsPlan(AdmissionsID,CounselorID) VALUES (93,18);
INSERT INTO AdmissionsPlan(AdmissionsID,CounselorID) VALUES (94,7);
INSERT INTO AdmissionsPlan(AdmissionsID,CounselorID) VALUES (95,13);
INSERT INTO AdmissionsPlan(AdmissionsID,CounselorID) VALUES (96,40);
INSERT INTO AdmissionsPlan(AdmissionsID,CounselorID) VALUES (97,45);
INSERT INTO AdmissionsPlan(AdmissionsID,CounselorID) VALUES (98,35);
INSERT INTO AdmissionsPlan(AdmissionsID,CounselorID) VALUES (99,12);
INSERT INTO AdmissionsPlan(AdmissionsID,CounselorID) VALUES (100,39);
INSERT INTO AdmissionsPlan(AdmissionsID,CounselorID) VALUES (101,29);
INSERT INTO AdmissionsPlan(AdmissionsID,CounselorID) VALUES (102,17);
INSERT INTO AdmissionsPlan(AdmissionsID,CounselorID) VALUES (103,36);
INSERT INTO AdmissionsPlan(AdmissionsID,CounselorID) VALUES (104,8);
INSERT INTO AdmissionsPlan(AdmissionsID,CounselorID) VALUES (105,30);
INSERT INTO AdmissionsPlan(AdmissionsID,CounselorID) VALUES (106,1);
INSERT INTO AdmissionsPlan(AdmissionsID,CounselorID) VALUES (107,25);
INSERT INTO AdmissionsPlan(AdmissionsID,CounselorID) VALUES (108,6);
INSERT INTO AdmissionsPlan(AdmissionsID,CounselorID) VALUES (109,2);
INSERT INTO AdmissionsPlan(AdmissionsID,CounselorID) VALUES (110,21);
INSERT INTO AdmissionsPlan(AdmissionsID,CounselorID) VALUES (111,14);
INSERT INTO AdmissionsPlan(AdmissionsID,CounselorID) VALUES (112,11);
INSERT INTO AdmissionsPlan(AdmissionsID,CounselorID) VALUES (113,15);
INSERT INTO AdmissionsPlan(AdmissionsID,CounselorID) VALUES (114,45);
INSERT INTO AdmissionsPlan(AdmissionsID,CounselorID) VALUES (115,37);
INSERT INTO AdmissionsPlan(AdmissionsID,CounselorID) VALUES (116,40);
INSERT INTO AdmissionsPlan(AdmissionsID,CounselorID) VALUES (117,38);
INSERT INTO AdmissionsPlan(AdmissionsID,CounselorID) VALUES (118,29);
INSERT INTO AdmissionsPlan(AdmissionsID,CounselorID) VALUES (119,50);
INSERT INTO AdmissionsPlan(AdmissionsID,CounselorID) VALUES (120,48);
INSERT INTO AdmissionsPlan(AdmissionsID,CounselorID) VALUES (121,33);
INSERT INTO AdmissionsPlan(AdmissionsID,CounselorID) VALUES (122,19);
INSERT INTO AdmissionsPlan(AdmissionsID,CounselorID) VALUES (123,17);
INSERT INTO AdmissionsPlan(AdmissionsID,CounselorID) VALUES (124,47);
INSERT INTO AdmissionsPlan(AdmissionsID,CounselorID) VALUES (125,40);
INSERT INTO AdmissionsPlan(AdmissionsID,CounselorID) VALUES (126,16);
INSERT INTO AdmissionsPlan(AdmissionsID,CounselorID) VALUES (127,1);
INSERT INTO AdmissionsPlan(AdmissionsID,CounselorID) VALUES (128,8);
INSERT INTO AdmissionsPlan(AdmissionsID,CounselorID) VALUES (129,14);
INSERT INTO AdmissionsPlan(AdmissionsID,CounselorID) VALUES (130,25);
INSERT INTO AdmissionsPlan(AdmissionsID,CounselorID) VALUES (131,6);
INSERT INTO AdmissionsPlan(AdmissionsID,CounselorID) VALUES (132,29);
INSERT INTO AdmissionsPlan(AdmissionsID,CounselorID) VALUES (133,13);
INSERT INTO AdmissionsPlan(AdmissionsID,CounselorID) VALUES (134,32);
INSERT INTO AdmissionsPlan(AdmissionsID,CounselorID) VALUES (135,24);
INSERT INTO AdmissionsPlan(AdmissionsID,CounselorID) VALUES (136,31);
INSERT INTO AdmissionsPlan(AdmissionsID,CounselorID) VALUES (137,48);
INSERT INTO AdmissionsPlan(AdmissionsID,CounselorID) VALUES (138,24);
INSERT INTO AdmissionsPlan(AdmissionsID,CounselorID) VALUES (139,25);
INSERT INTO AdmissionsPlan(AdmissionsID,CounselorID) VALUES (140,27);
INSERT INTO AdmissionsPlan(AdmissionsID,CounselorID) VALUES (141,26);
INSERT INTO AdmissionsPlan(AdmissionsID,CounselorID) VALUES (142,45);
INSERT INTO AdmissionsPlan(AdmissionsID,CounselorID) VALUES (143,50);
INSERT INTO AdmissionsPlan(AdmissionsID,CounselorID) VALUES (144,6);
INSERT INTO AdmissionsPlan(AdmissionsID,CounselorID) VALUES (145,28);
INSERT INTO AdmissionsPlan(AdmissionsID,CounselorID) VALUES (146,12);
INSERT INTO AdmissionsPlan(AdmissionsID,CounselorID) VALUES (147,13);
INSERT INTO AdmissionsPlan(AdmissionsID,CounselorID) VALUES (148,14);
INSERT INTO AdmissionsPlan(AdmissionsID,CounselorID) VALUES (149,47);
INSERT INTO AdmissionsPlan(AdmissionsID,CounselorID) VALUES (150,5);
INSERT INTO AdmissionsPlan(AdmissionsID,CounselorID) VALUES (151,20);
INSERT INTO AdmissionsPlan(AdmissionsID,CounselorID) VALUES (152,8);
INSERT INTO AdmissionsPlan(AdmissionsID,CounselorID) VALUES (153,4);
INSERT INTO AdmissionsPlan(AdmissionsID,CounselorID) VALUES (154,21);
INSERT INTO AdmissionsPlan(AdmissionsID,CounselorID) VALUES (155,1);
INSERT INTO AdmissionsPlan(AdmissionsID,CounselorID) VALUES (156,22);
INSERT INTO AdmissionsPlan(AdmissionsID,CounselorID) VALUES (157,39);
INSERT INTO AdmissionsPlan(AdmissionsID,CounselorID) VALUES (158,29);
INSERT INTO AdmissionsPlan(AdmissionsID,CounselorID) VALUES (159,27);
INSERT INTO AdmissionsPlan(AdmissionsID,CounselorID) VALUES (160,50);
INSERT INTO AdmissionsPlan(AdmissionsID,CounselorID) VALUES (161,3);
INSERT INTO AdmissionsPlan(AdmissionsID,CounselorID) VALUES (162,35);
INSERT INTO AdmissionsPlan(AdmissionsID,CounselorID) VALUES (163,16);
INSERT INTO AdmissionsPlan(AdmissionsID,CounselorID) VALUES (164,43);
INSERT INTO AdmissionsPlan(AdmissionsID,CounselorID) VALUES (165,45);
INSERT INTO AdmissionsPlan(AdmissionsID,CounselorID) VALUES (166,22);
INSERT INTO AdmissionsPlan(AdmissionsID,CounselorID) VALUES (167,3);
INSERT INTO AdmissionsPlan(AdmissionsID,CounselorID) VALUES (168,27);
INSERT INTO AdmissionsPlan(AdmissionsID,CounselorID) VALUES (169,38);
INSERT INTO AdmissionsPlan(AdmissionsID,CounselorID) VALUES (170,35);
INSERT INTO AdmissionsPlan(AdmissionsID,CounselorID) VALUES (171,5);
INSERT INTO AdmissionsPlan(AdmissionsID,CounselorID) VALUES (172,18);
INSERT INTO AdmissionsPlan(AdmissionsID,CounselorID) VALUES (173,17);
INSERT INTO AdmissionsPlan(AdmissionsID,CounselorID) VALUES (174,14);
INSERT INTO AdmissionsPlan(AdmissionsID,CounselorID) VALUES (175,42);
INSERT INTO AdmissionsPlan(AdmissionsID,CounselorID) VALUES (176,44);
INSERT INTO AdmissionsPlan(AdmissionsID,CounselorID) VALUES (177,25);
INSERT INTO AdmissionsPlan(AdmissionsID,CounselorID) VALUES (178,8);
INSERT INTO AdmissionsPlan(AdmissionsID,CounselorID) VALUES (179,10);
INSERT INTO AdmissionsPlan(AdmissionsID,CounselorID) VALUES (180,6);
INSERT INTO AdmissionsPlan(AdmissionsID,CounselorID) VALUES (181,39);
INSERT INTO AdmissionsPlan(AdmissionsID,CounselorID) VALUES (182,48);
INSERT INTO AdmissionsPlan(AdmissionsID,CounselorID) VALUES (183,13);
INSERT INTO AdmissionsPlan(AdmissionsID,CounselorID) VALUES (184,16);
INSERT INTO AdmissionsPlan(AdmissionsID,CounselorID) VALUES (185,50);
INSERT INTO AdmissionsPlan(AdmissionsID,CounselorID) VALUES (186,24);
INSERT INTO AdmissionsPlan(AdmissionsID,CounselorID) VALUES (187,8);
INSERT INTO AdmissionsPlan(AdmissionsID,CounselorID) VALUES (188,11);
INSERT INTO AdmissionsPlan(AdmissionsID,CounselorID) VALUES (189,20);
INSERT INTO AdmissionsPlan(AdmissionsID,CounselorID) VALUES (190,30);
INSERT INTO AdmissionsPlan(AdmissionsID,CounselorID) VALUES (191,3);
INSERT INTO AdmissionsPlan(AdmissionsID,CounselorID) VALUES (192,35);
INSERT INTO AdmissionsPlan(AdmissionsID,CounselorID) VALUES (193,45);
INSERT INTO AdmissionsPlan(AdmissionsID,CounselorID) VALUES (194,17);
INSERT INTO AdmissionsPlan(AdmissionsID,CounselorID) VALUES (195,29);
INSERT INTO AdmissionsPlan(AdmissionsID,CounselorID) VALUES (196,15);
INSERT INTO AdmissionsPlan(AdmissionsID,CounselorID) VALUES (197,36);
INSERT INTO AdmissionsPlan(AdmissionsID,CounselorID) VALUES (198,1);
INSERT INTO AdmissionsPlan(AdmissionsID,CounselorID) VALUES (199,20);
INSERT INTO AdmissionsPlan(AdmissionsID,CounselorID) VALUES (200,35);
INSERT INTO AdmissionsPlan(AdmissionsID,CounselorID) VALUES (201,49);
INSERT INTO AdmissionsPlan(AdmissionsID,CounselorID) VALUES (202,34);
INSERT INTO AdmissionsPlan(AdmissionsID,CounselorID) VALUES (203,3);
INSERT INTO AdmissionsPlan(AdmissionsID,CounselorID) VALUES (204,38);
INSERT INTO AdmissionsPlan(AdmissionsID,CounselorID) VALUES (205,25);
INSERT INTO AdmissionsPlan(AdmissionsID,CounselorID) VALUES (206,42);
INSERT INTO AdmissionsPlan(AdmissionsID,CounselorID) VALUES (207,30);
INSERT INTO AdmissionsPlan(AdmissionsID,CounselorID) VALUES (208,46);
INSERT INTO AdmissionsPlan(AdmissionsID,CounselorID) VALUES (209,2);
INSERT INTO AdmissionsPlan(AdmissionsID,CounselorID) VALUES (210,13);
INSERT INTO AdmissionsPlan(AdmissionsID,CounselorID) VALUES (211,41);
INSERT INTO AdmissionsPlan(AdmissionsID,CounselorID) VALUES (212,39);
INSERT INTO AdmissionsPlan(AdmissionsID,CounselorID) VALUES (213,47);
INSERT INTO AdmissionsPlan(AdmissionsID,CounselorID) VALUES (214,13);
INSERT INTO AdmissionsPlan(AdmissionsID,CounselorID) VALUES (215,11);
INSERT INTO AdmissionsPlan(AdmissionsID,CounselorID) VALUES (216,9);
INSERT INTO AdmissionsPlan(AdmissionsID,CounselorID) VALUES (217,44);
INSERT INTO AdmissionsPlan(AdmissionsID,CounselorID) VALUES (218,18);
INSERT INTO AdmissionsPlan(AdmissionsID,CounselorID) VALUES (219,7);
INSERT INTO AdmissionsPlan(AdmissionsID,CounselorID) VALUES (220,1);
INSERT INTO AdmissionsPlan(AdmissionsID,CounselorID) VALUES (221,8);
INSERT INTO AdmissionsPlan(AdmissionsID,CounselorID) VALUES (222,24);
INSERT INTO AdmissionsPlan(AdmissionsID,CounselorID) VALUES (223,50);
INSERT INTO AdmissionsPlan(AdmissionsID,CounselorID) VALUES (224,6);
INSERT INTO AdmissionsPlan(AdmissionsID,CounselorID) VALUES (225,16);
INSERT INTO AdmissionsPlan(AdmissionsID,CounselorID) VALUES (226,23);
INSERT INTO AdmissionsPlan(AdmissionsID,CounselorID) VALUES (227,47);
INSERT INTO AdmissionsPlan(AdmissionsID,CounselorID) VALUES (228,32);
INSERT INTO AdmissionsPlan(AdmissionsID,CounselorID) VALUES (229,40);
INSERT INTO AdmissionsPlan(AdmissionsID,CounselorID) VALUES (230,7);
INSERT INTO AdmissionsPlan(AdmissionsID,CounselorID) VALUES (231,44);
INSERT INTO AdmissionsPlan(AdmissionsID,CounselorID) VALUES (232,46);
INSERT INTO AdmissionsPlan(AdmissionsID,CounselorID) VALUES (233,24);
INSERT INTO AdmissionsPlan(AdmissionsID,CounselorID) VALUES (234,28);
INSERT INTO AdmissionsPlan(AdmissionsID,CounselorID) VALUES (235,22);
INSERT INTO AdmissionsPlan(AdmissionsID,CounselorID) VALUES (236,45);
INSERT INTO AdmissionsPlan(AdmissionsID,CounselorID) VALUES (237,25);
INSERT INTO AdmissionsPlan(AdmissionsID,CounselorID) VALUES (238,5);
INSERT INTO AdmissionsPlan(AdmissionsID,CounselorID) VALUES (239,34);
INSERT INTO AdmissionsPlan(AdmissionsID,CounselorID) VALUES (240,48);
INSERT INTO AdmissionsPlan(AdmissionsID,CounselorID) VALUES (241,22);
INSERT INTO AdmissionsPlan(AdmissionsID,CounselorID) VALUES (242,47);
INSERT INTO AdmissionsPlan(AdmissionsID,CounselorID) VALUES (243,36);
INSERT INTO AdmissionsPlan(AdmissionsID,CounselorID) VALUES (244,30);
INSERT INTO AdmissionsPlan(AdmissionsID,CounselorID) VALUES (245,42);
INSERT INTO AdmissionsPlan(AdmissionsID,CounselorID) VALUES (246,26);
INSERT INTO AdmissionsPlan(AdmissionsID,CounselorID) VALUES (247,23);
INSERT INTO AdmissionsPlan(AdmissionsID,CounselorID) VALUES (248,45);
INSERT INTO AdmissionsPlan(AdmissionsID,CounselorID) VALUES (249,38);
INSERT INTO AdmissionsPlan(AdmissionsID,CounselorID) VALUES (250,31);
INSERT INTO AdmissionsPlan(AdmissionsID,CounselorID) VALUES (251,41);
INSERT INTO AdmissionsPlan(AdmissionsID,CounselorID) VALUES (252,19);
INSERT INTO AdmissionsPlan(AdmissionsID,CounselorID) VALUES (253,25);
INSERT INTO AdmissionsPlan(AdmissionsID,CounselorID) VALUES (254,50);
INSERT INTO AdmissionsPlan(AdmissionsID,CounselorID) VALUES (255,4);
INSERT INTO AdmissionsPlan(AdmissionsID,CounselorID) VALUES (256,7);
INSERT INTO AdmissionsPlan(AdmissionsID,CounselorID) VALUES (257,23);
INSERT INTO AdmissionsPlan(AdmissionsID,CounselorID) VALUES (258,35);
INSERT INTO AdmissionsPlan(AdmissionsID,CounselorID) VALUES (259,1);
INSERT INTO AdmissionsPlan(AdmissionsID,CounselorID) VALUES (260,13);
INSERT INTO AdmissionsPlan(AdmissionsID,CounselorID) VALUES (261,8);
INSERT INTO AdmissionsPlan(AdmissionsID,CounselorID) VALUES (262,31);
INSERT INTO AdmissionsPlan(AdmissionsID,CounselorID) VALUES (263,33);
INSERT INTO AdmissionsPlan(AdmissionsID,CounselorID) VALUES (264,37);
INSERT INTO AdmissionsPlan(AdmissionsID,CounselorID) VALUES (265,27);
INSERT INTO AdmissionsPlan(AdmissionsID,CounselorID) VALUES (266,10);
INSERT INTO AdmissionsPlan(AdmissionsID,CounselorID) VALUES (267,11);
INSERT INTO AdmissionsPlan(AdmissionsID,CounselorID) VALUES (268,42);
INSERT INTO AdmissionsPlan(AdmissionsID,CounselorID) VALUES (269,36);
INSERT INTO AdmissionsPlan(AdmissionsID,CounselorID) VALUES (270,28);
INSERT INTO AdmissionsPlan(AdmissionsID,CounselorID) VALUES (271,20);
INSERT INTO AdmissionsPlan(AdmissionsID,CounselorID) VALUES (272,40);
INSERT INTO AdmissionsPlan(AdmissionsID,CounselorID) VALUES (273,21);
INSERT INTO AdmissionsPlan(AdmissionsID,CounselorID) VALUES (274,1);
INSERT INTO AdmissionsPlan(AdmissionsID,CounselorID) VALUES (275,17);
INSERT INTO AdmissionsPlan(AdmissionsID,CounselorID) VALUES (276,23);
INSERT INTO AdmissionsPlan(AdmissionsID,CounselorID) VALUES (277,18);
INSERT INTO AdmissionsPlan(AdmissionsID,CounselorID) VALUES (278,33);
INSERT INTO AdmissionsPlan(AdmissionsID,CounselorID) VALUES (279,47);
INSERT INTO AdmissionsPlan(AdmissionsID,CounselorID) VALUES (280,3);
INSERT INTO AdmissionsPlan(AdmissionsID,CounselorID) VALUES (281,22);
INSERT INTO AdmissionsPlan(AdmissionsID,CounselorID) VALUES (282,25);
INSERT INTO AdmissionsPlan(AdmissionsID,CounselorID) VALUES (283,15);
INSERT INTO AdmissionsPlan(AdmissionsID,CounselorID) VALUES (284,2);
INSERT INTO AdmissionsPlan(AdmissionsID,CounselorID) VALUES (285,4);
INSERT INTO AdmissionsPlan(AdmissionsID,CounselorID) VALUES (286,42);
INSERT INTO AdmissionsPlan(AdmissionsID,CounselorID) VALUES (287,48);
INSERT INTO AdmissionsPlan(AdmissionsID,CounselorID) VALUES (288,41);
INSERT INTO AdmissionsPlan(AdmissionsID,CounselorID) VALUES (289,46);
INSERT INTO AdmissionsPlan(AdmissionsID,CounselorID) VALUES (290,37);
INSERT INTO AdmissionsPlan(AdmissionsID,CounselorID) VALUES (291,22);
INSERT INTO AdmissionsPlan(AdmissionsID,CounselorID) VALUES (292,50);
INSERT INTO AdmissionsPlan(AdmissionsID,CounselorID) VALUES (293,29);
INSERT INTO AdmissionsPlan(AdmissionsID,CounselorID) VALUES (294,27);
INSERT INTO AdmissionsPlan(AdmissionsID,CounselorID) VALUES (295,14);
INSERT INTO AdmissionsPlan(AdmissionsID,CounselorID) VALUES (296,2);
INSERT INTO AdmissionsPlan(AdmissionsID,CounselorID) VALUES (297,38);
INSERT INTO AdmissionsPlan(AdmissionsID,CounselorID) VALUES (298,28);
INSERT INTO AdmissionsPlan(AdmissionsID,CounselorID) VALUES (299,16);
INSERT INTO AdmissionsPlan(AdmissionsID,CounselorID) VALUES (300,19);


DROP TABLE IF EXISTS AdmissionsPlanColleges;
CREATE TABLE AdmissionsPlanColleges(
   CollegeID    INTEGER  NOT NULL
  ,Category     VARCHAR(6) NOT NULL
  ,AdmissionsID INTEGER  NOT NULL
  ,PRIMARY KEY(CollegeID,AdmissionsID)
);
INSERT INTO AdmissionsPlanColleges(CollegeID,Category,AdmissionsID) VALUES (129,'Safety',261);
INSERT INTO AdmissionsPlanColleges(CollegeID,Category,AdmissionsID) VALUES (27,'Target',86);
INSERT INTO AdmissionsPlanColleges(CollegeID,Category,AdmissionsID) VALUES (140,'Target',3);
INSERT INTO AdmissionsPlanColleges(CollegeID,Category,AdmissionsID) VALUES (97,'Target',193);
INSERT INTO AdmissionsPlanColleges(CollegeID,Category,AdmissionsID) VALUES (148,'Target',127);
INSERT INTO AdmissionsPlanColleges(CollegeID,Category,AdmissionsID) VALUES (38,'Safety',70);
INSERT INTO AdmissionsPlanColleges(CollegeID,Category,AdmissionsID) VALUES (85,'Target',146);
INSERT INTO AdmissionsPlanColleges(CollegeID,Category,AdmissionsID) VALUES (73,'Target',296);
INSERT INTO AdmissionsPlanColleges(CollegeID,Category,AdmissionsID) VALUES (87,'Safety',175);
INSERT INTO AdmissionsPlanColleges(CollegeID,Category,AdmissionsID) VALUES (50,'Target',102);
INSERT INTO AdmissionsPlanColleges(CollegeID,Category,AdmissionsID) VALUES (66,'Reach',122);
INSERT INTO AdmissionsPlanColleges(CollegeID,Category,AdmissionsID) VALUES (112,'Safety',50);
INSERT INTO AdmissionsPlanColleges(CollegeID,Category,AdmissionsID) VALUES (91,'Reach',246);
INSERT INTO AdmissionsPlanColleges(CollegeID,Category,AdmissionsID) VALUES (134,'Target',263);
INSERT INTO AdmissionsPlanColleges(CollegeID,Category,AdmissionsID) VALUES (143,'Safety',93);
INSERT INTO AdmissionsPlanColleges(CollegeID,Category,AdmissionsID) VALUES (136,'Target',25);
INSERT INTO AdmissionsPlanColleges(CollegeID,Category,AdmissionsID) VALUES (138,'Target',183);
INSERT INTO AdmissionsPlanColleges(CollegeID,Category,AdmissionsID) VALUES (31,'Safety',278);
INSERT INTO AdmissionsPlanColleges(CollegeID,Category,AdmissionsID) VALUES (51,'Safety',67);
INSERT INTO AdmissionsPlanColleges(CollegeID,Category,AdmissionsID) VALUES (62,'Reach',134);
INSERT INTO AdmissionsPlanColleges(CollegeID,Category,AdmissionsID) VALUES (4,'Safety',43);
INSERT INTO AdmissionsPlanColleges(CollegeID,Category,AdmissionsID) VALUES (11,'Reach',223);
INSERT INTO AdmissionsPlanColleges(CollegeID,Category,AdmissionsID) VALUES (106,'Safety',49);
INSERT INTO AdmissionsPlanColleges(CollegeID,Category,AdmissionsID) VALUES (89,'Reach',292);
INSERT INTO AdmissionsPlanColleges(CollegeID,Category,AdmissionsID) VALUES (55,'Safety',239);
INSERT INTO AdmissionsPlanColleges(CollegeID,Category,AdmissionsID) VALUES (73,'Reach',174);
INSERT INTO AdmissionsPlanColleges(CollegeID,Category,AdmissionsID) VALUES (116,'Target',220);
INSERT INTO AdmissionsPlanColleges(CollegeID,Category,AdmissionsID) VALUES (101,'Reach',28);
INSERT INTO AdmissionsPlanColleges(CollegeID,Category,AdmissionsID) VALUES (97,'Reach',154);
INSERT INTO AdmissionsPlanColleges(CollegeID,Category,AdmissionsID) VALUES (38,'Target',2);
INSERT INTO AdmissionsPlanColleges(CollegeID,Category,AdmissionsID) VALUES (66,'Reach',121);
INSERT INTO AdmissionsPlanColleges(CollegeID,Category,AdmissionsID) VALUES (87,'Reach',260);
INSERT INTO AdmissionsPlanColleges(CollegeID,Category,AdmissionsID) VALUES (67,'Safety',65);
INSERT INTO AdmissionsPlanColleges(CollegeID,Category,AdmissionsID) VALUES (92,'Reach',64);
INSERT INTO AdmissionsPlanColleges(CollegeID,Category,AdmissionsID) VALUES (62,'Safety',93);
INSERT INTO AdmissionsPlanColleges(CollegeID,Category,AdmissionsID) VALUES (134,'Safety',209);
INSERT INTO AdmissionsPlanColleges(CollegeID,Category,AdmissionsID) VALUES (4,'Reach',153);
INSERT INTO AdmissionsPlanColleges(CollegeID,Category,AdmissionsID) VALUES (130,'Safety',91);
INSERT INTO AdmissionsPlanColleges(CollegeID,Category,AdmissionsID) VALUES (88,'Safety',248);
INSERT INTO AdmissionsPlanColleges(CollegeID,Category,AdmissionsID) VALUES (135,'Reach',13);
INSERT INTO AdmissionsPlanColleges(CollegeID,Category,AdmissionsID) VALUES (99,'Target',230);
INSERT INTO AdmissionsPlanColleges(CollegeID,Category,AdmissionsID) VALUES (45,'Target',95);
INSERT INTO AdmissionsPlanColleges(CollegeID,Category,AdmissionsID) VALUES (74,'Safety',86);
INSERT INTO AdmissionsPlanColleges(CollegeID,Category,AdmissionsID) VALUES (148,'Target',11);
INSERT INTO AdmissionsPlanColleges(CollegeID,Category,AdmissionsID) VALUES (41,'Target',127);
INSERT INTO AdmissionsPlanColleges(CollegeID,Category,AdmissionsID) VALUES (78,'Reach',146);
INSERT INTO AdmissionsPlanColleges(CollegeID,Category,AdmissionsID) VALUES (27,'Reach',242);
INSERT INTO AdmissionsPlanColleges(CollegeID,Category,AdmissionsID) VALUES (29,'Reach',176);
INSERT INTO AdmissionsPlanColleges(CollegeID,Category,AdmissionsID) VALUES (20,'Reach',262);
INSERT INTO AdmissionsPlanColleges(CollegeID,Category,AdmissionsID) VALUES (125,'Safety',161);
INSERT INTO AdmissionsPlanColleges(CollegeID,Category,AdmissionsID) VALUES (31,'Safety',52);
INSERT INTO AdmissionsPlanColleges(CollegeID,Category,AdmissionsID) VALUES (101,'Target',2);
INSERT INTO AdmissionsPlanColleges(CollegeID,Category,AdmissionsID) VALUES (87,'Target',36);
INSERT INTO AdmissionsPlanColleges(CollegeID,Category,AdmissionsID) VALUES (15,'Target',133);
INSERT INTO AdmissionsPlanColleges(CollegeID,Category,AdmissionsID) VALUES (137,'Target',110);
INSERT INTO AdmissionsPlanColleges(CollegeID,Category,AdmissionsID) VALUES (149,'Safety',249);
INSERT INTO AdmissionsPlanColleges(CollegeID,Category,AdmissionsID) VALUES (53,'Safety',66);
INSERT INTO AdmissionsPlanColleges(CollegeID,Category,AdmissionsID) VALUES (98,'Reach',59);
INSERT INTO AdmissionsPlanColleges(CollegeID,Category,AdmissionsID) VALUES (115,'Reach',258);
INSERT INTO AdmissionsPlanColleges(CollegeID,Category,AdmissionsID) VALUES (104,'Safety',285);
INSERT INTO AdmissionsPlanColleges(CollegeID,Category,AdmissionsID) VALUES (139,'Target',71);
INSERT INTO AdmissionsPlanColleges(CollegeID,Category,AdmissionsID) VALUES (62,'Target',150);
INSERT INTO AdmissionsPlanColleges(CollegeID,Category,AdmissionsID) VALUES (116,'Safety',192);
INSERT INTO AdmissionsPlanColleges(CollegeID,Category,AdmissionsID) VALUES (109,'Reach',80);
INSERT INTO AdmissionsPlanColleges(CollegeID,Category,AdmissionsID) VALUES (35,'Target',12);
INSERT INTO AdmissionsPlanColleges(CollegeID,Category,AdmissionsID) VALUES (125,'Safety',263);
INSERT INTO AdmissionsPlanColleges(CollegeID,Category,AdmissionsID) VALUES (78,'Reach',223);
INSERT INTO AdmissionsPlanColleges(CollegeID,Category,AdmissionsID) VALUES (84,'Safety',269);
INSERT INTO AdmissionsPlanColleges(CollegeID,Category,AdmissionsID) VALUES (59,'Target',84);
INSERT INTO AdmissionsPlanColleges(CollegeID,Category,AdmissionsID) VALUES (13,'Safety',96);
INSERT INTO AdmissionsPlanColleges(CollegeID,Category,AdmissionsID) VALUES (52,'Target',72);
INSERT INTO AdmissionsPlanColleges(CollegeID,Category,AdmissionsID) VALUES (82,'Target',185);
INSERT INTO AdmissionsPlanColleges(CollegeID,Category,AdmissionsID) VALUES (19,'Target',56);
INSERT INTO AdmissionsPlanColleges(CollegeID,Category,AdmissionsID) VALUES (126,'Safety',264);
INSERT INTO AdmissionsPlanColleges(CollegeID,Category,AdmissionsID) VALUES (80,'Safety',287);
INSERT INTO AdmissionsPlanColleges(CollegeID,Category,AdmissionsID) VALUES (70,'Safety',170);
INSERT INTO AdmissionsPlanColleges(CollegeID,Category,AdmissionsID) VALUES (49,'Safety',216);
INSERT INTO AdmissionsPlanColleges(CollegeID,Category,AdmissionsID) VALUES (138,'Reach',228);
INSERT INTO AdmissionsPlanColleges(CollegeID,Category,AdmissionsID) VALUES (134,'Target',194);
INSERT INTO AdmissionsPlanColleges(CollegeID,Category,AdmissionsID) VALUES (28,'Safety',281);
INSERT INTO AdmissionsPlanColleges(CollegeID,Category,AdmissionsID) VALUES (101,'Target',178);
INSERT INTO AdmissionsPlanColleges(CollegeID,Category,AdmissionsID) VALUES (41,'Reach',271);
INSERT INTO AdmissionsPlanColleges(CollegeID,Category,AdmissionsID) VALUES (150,'Target',72);
INSERT INTO AdmissionsPlanColleges(CollegeID,Category,AdmissionsID) VALUES (26,'Reach',14);
INSERT INTO AdmissionsPlanColleges(CollegeID,Category,AdmissionsID) VALUES (78,'Safety',251);
INSERT INTO AdmissionsPlanColleges(CollegeID,Category,AdmissionsID) VALUES (59,'Target',246);
INSERT INTO AdmissionsPlanColleges(CollegeID,Category,AdmissionsID) VALUES (122,'Safety',127);
INSERT INTO AdmissionsPlanColleges(CollegeID,Category,AdmissionsID) VALUES (116,'Target',150);
INSERT INTO AdmissionsPlanColleges(CollegeID,Category,AdmissionsID) VALUES (139,'Target',21);
INSERT INTO AdmissionsPlanColleges(CollegeID,Category,AdmissionsID) VALUES (149,'Reach',217);
INSERT INTO AdmissionsPlanColleges(CollegeID,Category,AdmissionsID) VALUES (80,'Safety',235);
INSERT INTO AdmissionsPlanColleges(CollegeID,Category,AdmissionsID) VALUES (82,'Target',167);
INSERT INTO AdmissionsPlanColleges(CollegeID,Category,AdmissionsID) VALUES (4,'Safety',110);
INSERT INTO AdmissionsPlanColleges(CollegeID,Category,AdmissionsID) VALUES (74,'Target',60);
INSERT INTO AdmissionsPlanColleges(CollegeID,Category,AdmissionsID) VALUES (129,'Safety',260);
INSERT INTO AdmissionsPlanColleges(CollegeID,Category,AdmissionsID) VALUES (42,'Safety',124);
INSERT INTO AdmissionsPlanColleges(CollegeID,Category,AdmissionsID) VALUES (38,'Target',244);
INSERT INTO AdmissionsPlanColleges(CollegeID,Category,AdmissionsID) VALUES (92,'Target',158);
INSERT INTO AdmissionsPlanColleges(CollegeID,Category,AdmissionsID) VALUES (127,'Safety',225);
INSERT INTO AdmissionsPlanColleges(CollegeID,Category,AdmissionsID) VALUES (65,'Target',1);
INSERT INTO AdmissionsPlanColleges(CollegeID,Category,AdmissionsID) VALUES (130,'Reach',28);
INSERT INTO AdmissionsPlanColleges(CollegeID,Category,AdmissionsID) VALUES (92,'Target',200);
INSERT INTO AdmissionsPlanColleges(CollegeID,Category,AdmissionsID) VALUES (78,'Safety',168);
INSERT INTO AdmissionsPlanColleges(CollegeID,Category,AdmissionsID) VALUES (126,'Target',81);
INSERT INTO AdmissionsPlanColleges(CollegeID,Category,AdmissionsID) VALUES (63,'Safety',60);
INSERT INTO AdmissionsPlanColleges(CollegeID,Category,AdmissionsID) VALUES (133,'Safety',162);
INSERT INTO AdmissionsPlanColleges(CollegeID,Category,AdmissionsID) VALUES (86,'Reach',118);
INSERT INTO AdmissionsPlanColleges(CollegeID,Category,AdmissionsID) VALUES (74,'Safety',94);
INSERT INTO AdmissionsPlanColleges(CollegeID,Category,AdmissionsID) VALUES (112,'Safety',3);
INSERT INTO AdmissionsPlanColleges(CollegeID,Category,AdmissionsID) VALUES (7,'Target',225);
INSERT INTO AdmissionsPlanColleges(CollegeID,Category,AdmissionsID) VALUES (95,'Safety',260);
INSERT INTO AdmissionsPlanColleges(CollegeID,Category,AdmissionsID) VALUES (89,'Reach',92);
INSERT INTO AdmissionsPlanColleges(CollegeID,Category,AdmissionsID) VALUES (26,'Target',11);
INSERT INTO AdmissionsPlanColleges(CollegeID,Category,AdmissionsID) VALUES (18,'Target',157);
INSERT INTO AdmissionsPlanColleges(CollegeID,Category,AdmissionsID) VALUES (87,'Target',299);
INSERT INTO AdmissionsPlanColleges(CollegeID,Category,AdmissionsID) VALUES (80,'Reach',149);
INSERT INTO AdmissionsPlanColleges(CollegeID,Category,AdmissionsID) VALUES (103,'Target',75);
INSERT INTO AdmissionsPlanColleges(CollegeID,Category,AdmissionsID) VALUES (22,'Target',27);
INSERT INTO AdmissionsPlanColleges(CollegeID,Category,AdmissionsID) VALUES (58,'Target',285);
INSERT INTO AdmissionsPlanColleges(CollegeID,Category,AdmissionsID) VALUES (62,'Target',184);
INSERT INTO AdmissionsPlanColleges(CollegeID,Category,AdmissionsID) VALUES (107,'Reach',146);
INSERT INTO AdmissionsPlanColleges(CollegeID,Category,AdmissionsID) VALUES (20,'Target',47);
INSERT INTO AdmissionsPlanColleges(CollegeID,Category,AdmissionsID) VALUES (106,'Safety',273);
INSERT INTO AdmissionsPlanColleges(CollegeID,Category,AdmissionsID) VALUES (110,'Reach',93);
INSERT INTO AdmissionsPlanColleges(CollegeID,Category,AdmissionsID) VALUES (68,'Target',21);
INSERT INTO AdmissionsPlanColleges(CollegeID,Category,AdmissionsID) VALUES (21,'Safety',241);
INSERT INTO AdmissionsPlanColleges(CollegeID,Category,AdmissionsID) VALUES (71,'Target',97);
INSERT INTO AdmissionsPlanColleges(CollegeID,Category,AdmissionsID) VALUES (111,'Reach',159);
INSERT INTO AdmissionsPlanColleges(CollegeID,Category,AdmissionsID) VALUES (66,'Target',257);
INSERT INTO AdmissionsPlanColleges(CollegeID,Category,AdmissionsID) VALUES (46,'Target',200);
INSERT INTO AdmissionsPlanColleges(CollegeID,Category,AdmissionsID) VALUES (113,'Target',190);
INSERT INTO AdmissionsPlanColleges(CollegeID,Category,AdmissionsID) VALUES (60,'Safety',106);
INSERT INTO AdmissionsPlanColleges(CollegeID,Category,AdmissionsID) VALUES (44,'Reach',246);
INSERT INTO AdmissionsPlanColleges(CollegeID,Category,AdmissionsID) VALUES (89,'Reach',234);
INSERT INTO AdmissionsPlanColleges(CollegeID,Category,AdmissionsID) VALUES (52,'Safety',6);
INSERT INTO AdmissionsPlanColleges(CollegeID,Category,AdmissionsID) VALUES (83,'Reach',189);
INSERT INTO AdmissionsPlanColleges(CollegeID,Category,AdmissionsID) VALUES (86,'Safety',245);
INSERT INTO AdmissionsPlanColleges(CollegeID,Category,AdmissionsID) VALUES (3,'Safety',218);
INSERT INTO AdmissionsPlanColleges(CollegeID,Category,AdmissionsID) VALUES (40,'Target',209);
INSERT INTO AdmissionsPlanColleges(CollegeID,Category,AdmissionsID) VALUES (88,'Reach',126);
INSERT INTO AdmissionsPlanColleges(CollegeID,Category,AdmissionsID) VALUES (150,'Target',216);
INSERT INTO AdmissionsPlanColleges(CollegeID,Category,AdmissionsID) VALUES (105,'Safety',243);
INSERT INTO AdmissionsPlanColleges(CollegeID,Category,AdmissionsID) VALUES (67,'Safety',40);
INSERT INTO AdmissionsPlanColleges(CollegeID,Category,AdmissionsID) VALUES (90,'Target',198);
INSERT INTO AdmissionsPlanColleges(CollegeID,Category,AdmissionsID) VALUES (96,'Target',244);
INSERT INTO AdmissionsPlanColleges(CollegeID,Category,AdmissionsID) VALUES (139,'Reach',20);
INSERT INTO AdmissionsPlanColleges(CollegeID,Category,AdmissionsID) VALUES (114,'Safety',41);
INSERT INTO AdmissionsPlanColleges(CollegeID,Category,AdmissionsID) VALUES (43,'Target',129);
INSERT INTO AdmissionsPlanColleges(CollegeID,Category,AdmissionsID) VALUES (87,'Safety',179);
INSERT INTO AdmissionsPlanColleges(CollegeID,Category,AdmissionsID) VALUES (110,'Safety',132);
INSERT INTO AdmissionsPlanColleges(CollegeID,Category,AdmissionsID) VALUES (26,'Reach',141);
INSERT INTO AdmissionsPlanColleges(CollegeID,Category,AdmissionsID) VALUES (55,'Reach',66);
INSERT INTO AdmissionsPlanColleges(CollegeID,Category,AdmissionsID) VALUES (28,'Reach',105);
INSERT INTO AdmissionsPlanColleges(CollegeID,Category,AdmissionsID) VALUES (108,'Safety',40);
INSERT INTO AdmissionsPlanColleges(CollegeID,Category,AdmissionsID) VALUES (84,'Target',68);
INSERT INTO AdmissionsPlanColleges(CollegeID,Category,AdmissionsID) VALUES (65,'Safety',195);
INSERT INTO AdmissionsPlanColleges(CollegeID,Category,AdmissionsID) VALUES (86,'Target',143);
INSERT INTO AdmissionsPlanColleges(CollegeID,Category,AdmissionsID) VALUES (23,'Target',242);
INSERT INTO AdmissionsPlanColleges(CollegeID,Category,AdmissionsID) VALUES (127,'Safety',129);
INSERT INTO AdmissionsPlanColleges(CollegeID,Category,AdmissionsID) VALUES (107,'Safety',269);
INSERT INTO AdmissionsPlanColleges(CollegeID,Category,AdmissionsID) VALUES (114,'Reach',131);
INSERT INTO AdmissionsPlanColleges(CollegeID,Category,AdmissionsID) VALUES (14,'Target',232);
INSERT INTO AdmissionsPlanColleges(CollegeID,Category,AdmissionsID) VALUES (58,'Target',135);
INSERT INTO AdmissionsPlanColleges(CollegeID,Category,AdmissionsID) VALUES (133,'Safety',29);
INSERT INTO AdmissionsPlanColleges(CollegeID,Category,AdmissionsID) VALUES (138,'Reach',219);
INSERT INTO AdmissionsPlanColleges(CollegeID,Category,AdmissionsID) VALUES (128,'Safety',282);
INSERT INTO AdmissionsPlanColleges(CollegeID,Category,AdmissionsID) VALUES (20,'Reach',15);
INSERT INTO AdmissionsPlanColleges(CollegeID,Category,AdmissionsID) VALUES (97,'Target',289);
INSERT INTO AdmissionsPlanColleges(CollegeID,Category,AdmissionsID) VALUES (48,'Reach',220);
INSERT INTO AdmissionsPlanColleges(CollegeID,Category,AdmissionsID) VALUES (76,'Reach',23);
INSERT INTO AdmissionsPlanColleges(CollegeID,Category,AdmissionsID) VALUES (33,'Target',294);
INSERT INTO AdmissionsPlanColleges(CollegeID,Category,AdmissionsID) VALUES (100,'Target',31);
INSERT INTO AdmissionsPlanColleges(CollegeID,Category,AdmissionsID) VALUES (27,'Reach',251);
INSERT INTO AdmissionsPlanColleges(CollegeID,Category,AdmissionsID) VALUES (106,'Target',185);
INSERT INTO AdmissionsPlanColleges(CollegeID,Category,AdmissionsID) VALUES (62,'Target',13);
INSERT INTO AdmissionsPlanColleges(CollegeID,Category,AdmissionsID) VALUES (65,'Safety',76);
INSERT INTO AdmissionsPlanColleges(CollegeID,Category,AdmissionsID) VALUES (46,'Target',96);
INSERT INTO AdmissionsPlanColleges(CollegeID,Category,AdmissionsID) VALUES (90,'Safety',282);
INSERT INTO AdmissionsPlanColleges(CollegeID,Category,AdmissionsID) VALUES (118,'Reach',172);
INSERT INTO AdmissionsPlanColleges(CollegeID,Category,AdmissionsID) VALUES (9,'Safety',195);
INSERT INTO AdmissionsPlanColleges(CollegeID,Category,AdmissionsID) VALUES (102,'Target',290);
INSERT INTO AdmissionsPlanColleges(CollegeID,Category,AdmissionsID) VALUES (71,'Reach',144);
INSERT INTO AdmissionsPlanColleges(CollegeID,Category,AdmissionsID) VALUES (63,'Safety',300);
INSERT INTO AdmissionsPlanColleges(CollegeID,Category,AdmissionsID) VALUES (108,'Safety',74);
INSERT INTO AdmissionsPlanColleges(CollegeID,Category,AdmissionsID) VALUES (137,'Safety',224);
INSERT INTO AdmissionsPlanColleges(CollegeID,Category,AdmissionsID) VALUES (6,'Reach',101);
INSERT INTO AdmissionsPlanColleges(CollegeID,Category,AdmissionsID) VALUES (68,'Safety',60);
INSERT INTO AdmissionsPlanColleges(CollegeID,Category,AdmissionsID) VALUES (98,'Safety',28);
INSERT INTO AdmissionsPlanColleges(CollegeID,Category,AdmissionsID) VALUES (149,'Safety',200);
INSERT INTO AdmissionsPlanColleges(CollegeID,Category,AdmissionsID) VALUES (55,'Reach',266);
INSERT INTO AdmissionsPlanColleges(CollegeID,Category,AdmissionsID) VALUES (150,'Safety',194);
INSERT INTO AdmissionsPlanColleges(CollegeID,Category,AdmissionsID) VALUES (75,'Target',182);
INSERT INTO AdmissionsPlanColleges(CollegeID,Category,AdmissionsID) VALUES (3,'Reach',115);
INSERT INTO AdmissionsPlanColleges(CollegeID,Category,AdmissionsID) VALUES (140,'Target',179);
INSERT INTO AdmissionsPlanColleges(CollegeID,Category,AdmissionsID) VALUES (87,'Safety',201);
INSERT INTO AdmissionsPlanColleges(CollegeID,Category,AdmissionsID) VALUES (139,'Safety',98);
INSERT INTO AdmissionsPlanColleges(CollegeID,Category,AdmissionsID) VALUES (135,'Safety',177);
INSERT INTO AdmissionsPlanColleges(CollegeID,Category,AdmissionsID) VALUES (35,'Target',20);
INSERT INTO AdmissionsPlanColleges(CollegeID,Category,AdmissionsID) VALUES (17,'Reach',94);
INSERT INTO AdmissionsPlanColleges(CollegeID,Category,AdmissionsID) VALUES (5,'Target',62);
INSERT INTO AdmissionsPlanColleges(CollegeID,Category,AdmissionsID) VALUES (109,'Safety',240);
INSERT INTO AdmissionsPlanColleges(CollegeID,Category,AdmissionsID) VALUES (58,'Reach',206);
INSERT INTO AdmissionsPlanColleges(CollegeID,Category,AdmissionsID) VALUES (16,'Safety',194);
INSERT INTO AdmissionsPlanColleges(CollegeID,Category,AdmissionsID) VALUES (150,'Reach',276);
INSERT INTO AdmissionsPlanColleges(CollegeID,Category,AdmissionsID) VALUES (131,'Target',107);
INSERT INTO AdmissionsPlanColleges(CollegeID,Category,AdmissionsID) VALUES (89,'Reach',115);
INSERT INTO AdmissionsPlanColleges(CollegeID,Category,AdmissionsID) VALUES (33,'Target',28);
INSERT INTO AdmissionsPlanColleges(CollegeID,Category,AdmissionsID) VALUES (149,'Target',35);
INSERT INTO AdmissionsPlanColleges(CollegeID,Category,AdmissionsID) VALUES (57,'Safety',257);
INSERT INTO AdmissionsPlanColleges(CollegeID,Category,AdmissionsID) VALUES (41,'Safety',66);
INSERT INTO AdmissionsPlanColleges(CollegeID,Category,AdmissionsID) VALUES (54,'Reach',53);
INSERT INTO AdmissionsPlanColleges(CollegeID,Category,AdmissionsID) VALUES (133,'Reach',125);
INSERT INTO AdmissionsPlanColleges(CollegeID,Category,AdmissionsID) VALUES (26,'Reach',299);
INSERT INTO AdmissionsPlanColleges(CollegeID,Category,AdmissionsID) VALUES (78,'Target',192);
INSERT INTO AdmissionsPlanColleges(CollegeID,Category,AdmissionsID) VALUES (24,'Reach',60);
INSERT INTO AdmissionsPlanColleges(CollegeID,Category,AdmissionsID) VALUES (115,'Safety',31);
INSERT INTO AdmissionsPlanColleges(CollegeID,Category,AdmissionsID) VALUES (106,'Target',27);
INSERT INTO AdmissionsPlanColleges(CollegeID,Category,AdmissionsID) VALUES (55,'Reach',68);
INSERT INTO AdmissionsPlanColleges(CollegeID,Category,AdmissionsID) VALUES (77,'Target',92);
INSERT INTO AdmissionsPlanColleges(CollegeID,Category,AdmissionsID) VALUES (61,'Target',110);
INSERT INTO AdmissionsPlanColleges(CollegeID,Category,AdmissionsID) VALUES (28,'Target',101);
INSERT INTO AdmissionsPlanColleges(CollegeID,Category,AdmissionsID) VALUES (67,'Safety',175);
INSERT INTO AdmissionsPlanColleges(CollegeID,Category,AdmissionsID) VALUES (46,'Target',117);
INSERT INTO AdmissionsPlanColleges(CollegeID,Category,AdmissionsID) VALUES (66,'Target',69);
INSERT INTO AdmissionsPlanColleges(CollegeID,Category,AdmissionsID) VALUES (90,'Safety',120);
INSERT INTO AdmissionsPlanColleges(CollegeID,Category,AdmissionsID) VALUES (143,'Safety',80);
INSERT INTO AdmissionsPlanColleges(CollegeID,Category,AdmissionsID) VALUES (135,'Safety',18);
INSERT INTO AdmissionsPlanColleges(CollegeID,Category,AdmissionsID) VALUES (11,'Target',182);
INSERT INTO AdmissionsPlanColleges(CollegeID,Category,AdmissionsID) VALUES (31,'Safety',205);
INSERT INTO AdmissionsPlanColleges(CollegeID,Category,AdmissionsID) VALUES (85,'Safety',251);
INSERT INTO AdmissionsPlanColleges(CollegeID,Category,AdmissionsID) VALUES (109,'Target',155);
INSERT INTO AdmissionsPlanColleges(CollegeID,Category,AdmissionsID) VALUES (98,'Safety',125);
INSERT INTO AdmissionsPlanColleges(CollegeID,Category,AdmissionsID) VALUES (102,'Target',238);
INSERT INTO AdmissionsPlanColleges(CollegeID,Category,AdmissionsID) VALUES (145,'Safety',175);
INSERT INTO AdmissionsPlanColleges(CollegeID,Category,AdmissionsID) VALUES (41,'Safety',131);
INSERT INTO AdmissionsPlanColleges(CollegeID,Category,AdmissionsID) VALUES (78,'Safety',72);
INSERT INTO AdmissionsPlanColleges(CollegeID,Category,AdmissionsID) VALUES (130,'Target',165);
INSERT INTO AdmissionsPlanColleges(CollegeID,Category,AdmissionsID) VALUES (95,'Safety',59);
INSERT INTO AdmissionsPlanColleges(CollegeID,Category,AdmissionsID) VALUES (52,'Target',288);
INSERT INTO AdmissionsPlanColleges(CollegeID,Category,AdmissionsID) VALUES (8,'Target',3);
INSERT INTO AdmissionsPlanColleges(CollegeID,Category,AdmissionsID) VALUES (54,'Reach',298);
INSERT INTO AdmissionsPlanColleges(CollegeID,Category,AdmissionsID) VALUES (110,'Target',133);
INSERT INTO AdmissionsPlanColleges(CollegeID,Category,AdmissionsID) VALUES (1,'Safety',30);
INSERT INTO AdmissionsPlanColleges(CollegeID,Category,AdmissionsID) VALUES (121,'Reach',88);
INSERT INTO AdmissionsPlanColleges(CollegeID,Category,AdmissionsID) VALUES (125,'Reach',31);
INSERT INTO AdmissionsPlanColleges(CollegeID,Category,AdmissionsID) VALUES (33,'Target',11);
INSERT INTO AdmissionsPlanColleges(CollegeID,Category,AdmissionsID) VALUES (117,'Reach',179);
INSERT INTO AdmissionsPlanColleges(CollegeID,Category,AdmissionsID) VALUES (57,'Target',117);
INSERT INTO AdmissionsPlanColleges(CollegeID,Category,AdmissionsID) VALUES (2,'Reach',99);
INSERT INTO AdmissionsPlanColleges(CollegeID,Category,AdmissionsID) VALUES (21,'Reach',234);
INSERT INTO AdmissionsPlanColleges(CollegeID,Category,AdmissionsID) VALUES (22,'Safety',67);
INSERT INTO AdmissionsPlanColleges(CollegeID,Category,AdmissionsID) VALUES (58,'Safety',198);
INSERT INTO AdmissionsPlanColleges(CollegeID,Category,AdmissionsID) VALUES (8,'Target',243);
INSERT INTO AdmissionsPlanColleges(CollegeID,Category,AdmissionsID) VALUES (63,'Safety',257);
INSERT INTO AdmissionsPlanColleges(CollegeID,Category,AdmissionsID) VALUES (142,'Target',182);
INSERT INTO AdmissionsPlanColleges(CollegeID,Category,AdmissionsID) VALUES (146,'Safety',5);
INSERT INTO AdmissionsPlanColleges(CollegeID,Category,AdmissionsID) VALUES (32,'Target',93);
INSERT INTO AdmissionsPlanColleges(CollegeID,Category,AdmissionsID) VALUES (76,'Reach',247);
INSERT INTO AdmissionsPlanColleges(CollegeID,Category,AdmissionsID) VALUES (31,'Target',105);
INSERT INTO AdmissionsPlanColleges(CollegeID,Category,AdmissionsID) VALUES (139,'Safety',95);
INSERT INTO AdmissionsPlanColleges(CollegeID,Category,AdmissionsID) VALUES (150,'Safety',266);
INSERT INTO AdmissionsPlanColleges(CollegeID,Category,AdmissionsID) VALUES (84,'Safety',293);
INSERT INTO AdmissionsPlanColleges(CollegeID,Category,AdmissionsID) VALUES (122,'Safety',239);
INSERT INTO AdmissionsPlanColleges(CollegeID,Category,AdmissionsID) VALUES (11,'Reach',271);
INSERT INTO AdmissionsPlanColleges(CollegeID,Category,AdmissionsID) VALUES (29,'Safety',297);
INSERT INTO AdmissionsPlanColleges(CollegeID,Category,AdmissionsID) VALUES (36,'Reach',136);
INSERT INTO AdmissionsPlanColleges(CollegeID,Category,AdmissionsID) VALUES (131,'Target',11);
INSERT INTO AdmissionsPlanColleges(CollegeID,Category,AdmissionsID) VALUES (144,'Target',21);
INSERT INTO AdmissionsPlanColleges(CollegeID,Category,AdmissionsID) VALUES (78,'Target',153);
INSERT INTO AdmissionsPlanColleges(CollegeID,Category,AdmissionsID) VALUES (143,'Target',150);
INSERT INTO AdmissionsPlanColleges(CollegeID,Category,AdmissionsID) VALUES (19,'Reach',43);
INSERT INTO AdmissionsPlanColleges(CollegeID,Category,AdmissionsID) VALUES (74,'Safety',89);
INSERT INTO AdmissionsPlanColleges(CollegeID,Category,AdmissionsID) VALUES (53,'Reach',202);
INSERT INTO AdmissionsPlanColleges(CollegeID,Category,AdmissionsID) VALUES (141,'Target',162);
INSERT INTO AdmissionsPlanColleges(CollegeID,Category,AdmissionsID) VALUES (73,'Target',22);
INSERT INTO AdmissionsPlanColleges(CollegeID,Category,AdmissionsID) VALUES (141,'Target',129);
INSERT INTO AdmissionsPlanColleges(CollegeID,Category,AdmissionsID) VALUES (109,'Target',27);
INSERT INTO AdmissionsPlanColleges(CollegeID,Category,AdmissionsID) VALUES (124,'Reach',267);
INSERT INTO AdmissionsPlanColleges(CollegeID,Category,AdmissionsID) VALUES (53,'Safety',196);
INSERT INTO AdmissionsPlanColleges(CollegeID,Category,AdmissionsID) VALUES (2,'Safety',277);
INSERT INTO AdmissionsPlanColleges(CollegeID,Category,AdmissionsID) VALUES (140,'Reach',207);
INSERT INTO AdmissionsPlanColleges(CollegeID,Category,AdmissionsID) VALUES (11,'Safety',73);
INSERT INTO AdmissionsPlanColleges(CollegeID,Category,AdmissionsID) VALUES (111,'Target',272);
INSERT INTO AdmissionsPlanColleges(CollegeID,Category,AdmissionsID) VALUES (65,'Reach',240);
INSERT INTO AdmissionsPlanColleges(CollegeID,Category,AdmissionsID) VALUES (137,'Reach',24);
INSERT INTO AdmissionsPlanColleges(CollegeID,Category,AdmissionsID) VALUES (142,'Reach',283);
INSERT INTO AdmissionsPlanColleges(CollegeID,Category,AdmissionsID) VALUES (37,'Reach',29);
INSERT INTO AdmissionsPlanColleges(CollegeID,Category,AdmissionsID) VALUES (36,'Safety',161);
INSERT INTO AdmissionsPlanColleges(CollegeID,Category,AdmissionsID) VALUES (62,'Target',69);
INSERT INTO AdmissionsPlanColleges(CollegeID,Category,AdmissionsID) VALUES (60,'Target',229);
INSERT INTO AdmissionsPlanColleges(CollegeID,Category,AdmissionsID) VALUES (8,'Target',8);
INSERT INTO AdmissionsPlanColleges(CollegeID,Category,AdmissionsID) VALUES (4,'Reach',255);
INSERT INTO AdmissionsPlanColleges(CollegeID,Category,AdmissionsID) VALUES (5,'Reach',23);
INSERT INTO AdmissionsPlanColleges(CollegeID,Category,AdmissionsID) VALUES (143,'Target',174);
INSERT INTO AdmissionsPlanColleges(CollegeID,Category,AdmissionsID) VALUES (123,'Reach',156);
INSERT INTO AdmissionsPlanColleges(CollegeID,Category,AdmissionsID) VALUES (150,'Reach',193);
INSERT INTO AdmissionsPlanColleges(CollegeID,Category,AdmissionsID) VALUES (28,'Safety',130);
INSERT INTO AdmissionsPlanColleges(CollegeID,Category,AdmissionsID) VALUES (79,'Reach',110);
INSERT INTO AdmissionsPlanColleges(CollegeID,Category,AdmissionsID) VALUES (33,'Reach',20);
INSERT INTO AdmissionsPlanColleges(CollegeID,Category,AdmissionsID) VALUES (13,'Reach',93);
INSERT INTO AdmissionsPlanColleges(CollegeID,Category,AdmissionsID) VALUES (144,'Target',235);
INSERT INTO AdmissionsPlanColleges(CollegeID,Category,AdmissionsID) VALUES (60,'Reach',190);
INSERT INTO AdmissionsPlanColleges(CollegeID,Category,AdmissionsID) VALUES (129,'Reach',81);
INSERT INTO AdmissionsPlanColleges(CollegeID,Category,AdmissionsID) VALUES (74,'Safety',97);
INSERT INTO AdmissionsPlanColleges(CollegeID,Category,AdmissionsID) VALUES (3,'Reach',221);
INSERT INTO AdmissionsPlanColleges(CollegeID,Category,AdmissionsID) VALUES (94,'Safety',114);
INSERT INTO AdmissionsPlanColleges(CollegeID,Category,AdmissionsID) VALUES (127,'Reach',253);
INSERT INTO AdmissionsPlanColleges(CollegeID,Category,AdmissionsID) VALUES (11,'Reach',174);
INSERT INTO AdmissionsPlanColleges(CollegeID,Category,AdmissionsID) VALUES (137,'Reach',292);
INSERT INTO AdmissionsPlanColleges(CollegeID,Category,AdmissionsID) VALUES (92,'Safety',129);
INSERT INTO AdmissionsPlanColleges(CollegeID,Category,AdmissionsID) VALUES (134,'Target',238);
INSERT INTO AdmissionsPlanColleges(CollegeID,Category,AdmissionsID) VALUES (104,'Safety',160);
INSERT INTO AdmissionsPlanColleges(CollegeID,Category,AdmissionsID) VALUES (36,'Safety',280);
INSERT INTO AdmissionsPlanColleges(CollegeID,Category,AdmissionsID) VALUES (148,'Target',157);
INSERT INTO AdmissionsPlanColleges(CollegeID,Category,AdmissionsID) VALUES (55,'Target',218);
INSERT INTO AdmissionsPlanColleges(CollegeID,Category,AdmissionsID) VALUES (70,'Safety',147);
INSERT INTO AdmissionsPlanColleges(CollegeID,Category,AdmissionsID) VALUES (62,'Reach',57);
INSERT INTO AdmissionsPlanColleges(CollegeID,Category,AdmissionsID) VALUES (52,'Reach',265);
INSERT INTO AdmissionsPlanColleges(CollegeID,Category,AdmissionsID) VALUES (27,'Safety',204);
INSERT INTO AdmissionsPlanColleges(CollegeID,Category,AdmissionsID) VALUES (22,'Reach',45);
INSERT INTO AdmissionsPlanColleges(CollegeID,Category,AdmissionsID) VALUES (51,'Reach',89);
INSERT INTO AdmissionsPlanColleges(CollegeID,Category,AdmissionsID) VALUES (61,'Reach',287);
INSERT INTO AdmissionsPlanColleges(CollegeID,Category,AdmissionsID) VALUES (117,'Target',122);
INSERT INTO AdmissionsPlanColleges(CollegeID,Category,AdmissionsID) VALUES (109,'Safety',283);
INSERT INTO AdmissionsPlanColleges(CollegeID,Category,AdmissionsID) VALUES (84,'Reach',51);
INSERT INTO AdmissionsPlanColleges(CollegeID,Category,AdmissionsID) VALUES (116,'Safety',274);
INSERT INTO AdmissionsPlanColleges(CollegeID,Category,AdmissionsID) VALUES (27,'Safety',136);
INSERT INTO AdmissionsPlanColleges(CollegeID,Category,AdmissionsID) VALUES (13,'Target',249);
INSERT INTO AdmissionsPlanColleges(CollegeID,Category,AdmissionsID) VALUES (132,'Reach',7);
INSERT INTO AdmissionsPlanColleges(CollegeID,Category,AdmissionsID) VALUES (44,'Reach',193);
INSERT INTO AdmissionsPlanColleges(CollegeID,Category,AdmissionsID) VALUES (113,'Safety',25);
INSERT INTO AdmissionsPlanColleges(CollegeID,Category,AdmissionsID) VALUES (104,'Reach',37);
INSERT INTO AdmissionsPlanColleges(CollegeID,Category,AdmissionsID) VALUES (126,'Safety',80);
INSERT INTO AdmissionsPlanColleges(CollegeID,Category,AdmissionsID) VALUES (105,'Safety',149);
INSERT INTO AdmissionsPlanColleges(CollegeID,Category,AdmissionsID) VALUES (108,'Target',28);
INSERT INTO AdmissionsPlanColleges(CollegeID,Category,AdmissionsID) VALUES (71,'Target',72);
INSERT INTO AdmissionsPlanColleges(CollegeID,Category,AdmissionsID) VALUES (29,'Reach',257);
INSERT INTO AdmissionsPlanColleges(CollegeID,Category,AdmissionsID) VALUES (95,'Target',298);
INSERT INTO AdmissionsPlanColleges(CollegeID,Category,AdmissionsID) VALUES (128,'Safety',253);
INSERT INTO AdmissionsPlanColleges(CollegeID,Category,AdmissionsID) VALUES (42,'Target',145);
INSERT INTO AdmissionsPlanColleges(CollegeID,Category,AdmissionsID) VALUES (32,'Reach',179);
INSERT INTO AdmissionsPlanColleges(CollegeID,Category,AdmissionsID) VALUES (85,'Target',208);
INSERT INTO AdmissionsPlanColleges(CollegeID,Category,AdmissionsID) VALUES (81,'Reach',269);
INSERT INTO AdmissionsPlanColleges(CollegeID,Category,AdmissionsID) VALUES (54,'Safety',286);
INSERT INTO AdmissionsPlanColleges(CollegeID,Category,AdmissionsID) VALUES (52,'Target',254);
INSERT INTO AdmissionsPlanColleges(CollegeID,Category,AdmissionsID) VALUES (15,'Target',250);
INSERT INTO AdmissionsPlanColleges(CollegeID,Category,AdmissionsID) VALUES (60,'Target',167);
INSERT INTO AdmissionsPlanColleges(CollegeID,Category,AdmissionsID) VALUES (94,'Target',2);
INSERT INTO AdmissionsPlanColleges(CollegeID,Category,AdmissionsID) VALUES (86,'Target',258);
INSERT INTO AdmissionsPlanColleges(CollegeID,Category,AdmissionsID) VALUES (115,'Reach',290);
INSERT INTO AdmissionsPlanColleges(CollegeID,Category,AdmissionsID) VALUES (11,'Reach',211);
INSERT INTO AdmissionsPlanColleges(CollegeID,Category,AdmissionsID) VALUES (52,'Target',42);
INSERT INTO AdmissionsPlanColleges(CollegeID,Category,AdmissionsID) VALUES (141,'Target',262);
INSERT INTO AdmissionsPlanColleges(CollegeID,Category,AdmissionsID) VALUES (123,'Safety',7);
INSERT INTO AdmissionsPlanColleges(CollegeID,Category,AdmissionsID) VALUES (41,'Reach',289);
INSERT INTO AdmissionsPlanColleges(CollegeID,Category,AdmissionsID) VALUES (150,'Safety',6);
INSERT INTO AdmissionsPlanColleges(CollegeID,Category,AdmissionsID) VALUES (13,'Target',56);
INSERT INTO AdmissionsPlanColleges(CollegeID,Category,AdmissionsID) VALUES (96,'Reach',122);
INSERT INTO AdmissionsPlanColleges(CollegeID,Category,AdmissionsID) VALUES (134,'Reach',118);
INSERT INTO AdmissionsPlanColleges(CollegeID,Category,AdmissionsID) VALUES (27,'Reach',230);
INSERT INTO AdmissionsPlanColleges(CollegeID,Category,AdmissionsID) VALUES (86,'Target',291);
INSERT INTO AdmissionsPlanColleges(CollegeID,Category,AdmissionsID) VALUES (56,'Target',119);
INSERT INTO AdmissionsPlanColleges(CollegeID,Category,AdmissionsID) VALUES (19,'Target',270);
INSERT INTO AdmissionsPlanColleges(CollegeID,Category,AdmissionsID) VALUES (76,'Reach',91);
INSERT INTO AdmissionsPlanColleges(CollegeID,Category,AdmissionsID) VALUES (91,'Target',43);
INSERT INTO AdmissionsPlanColleges(CollegeID,Category,AdmissionsID) VALUES (70,'Safety',148);
INSERT INTO AdmissionsPlanColleges(CollegeID,Category,AdmissionsID) VALUES (127,'Safety',106);
INSERT INTO AdmissionsPlanColleges(CollegeID,Category,AdmissionsID) VALUES (67,'Safety',174);
INSERT INTO AdmissionsPlanColleges(CollegeID,Category,AdmissionsID) VALUES (1,'Target',136);
INSERT INTO AdmissionsPlanColleges(CollegeID,Category,AdmissionsID) VALUES (126,'Safety',228);
INSERT INTO AdmissionsPlanColleges(CollegeID,Category,AdmissionsID) VALUES (140,'Safety',78);
INSERT INTO AdmissionsPlanColleges(CollegeID,Category,AdmissionsID) VALUES (108,'Reach',14);
INSERT INTO AdmissionsPlanColleges(CollegeID,Category,AdmissionsID) VALUES (104,'Target',77);
INSERT INTO AdmissionsPlanColleges(CollegeID,Category,AdmissionsID) VALUES (34,'Reach',61);
INSERT INTO AdmissionsPlanColleges(CollegeID,Category,AdmissionsID) VALUES (2,'Reach',220);
INSERT INTO AdmissionsPlanColleges(CollegeID,Category,AdmissionsID) VALUES (32,'Target',104);
INSERT INTO AdmissionsPlanColleges(CollegeID,Category,AdmissionsID) VALUES (12,'Target',219);
INSERT INTO AdmissionsPlanColleges(CollegeID,Category,AdmissionsID) VALUES (49,'Safety',19);
INSERT INTO AdmissionsPlanColleges(CollegeID,Category,AdmissionsID) VALUES (130,'Target',15);
INSERT INTO AdmissionsPlanColleges(CollegeID,Category,AdmissionsID) VALUES (21,'Reach',155);
INSERT INTO AdmissionsPlanColleges(CollegeID,Category,AdmissionsID) VALUES (57,'Reach',247);
INSERT INTO AdmissionsPlanColleges(CollegeID,Category,AdmissionsID) VALUES (22,'Target',119);
INSERT INTO AdmissionsPlanColleges(CollegeID,Category,AdmissionsID) VALUES (53,'Target',178);
INSERT INTO AdmissionsPlanColleges(CollegeID,Category,AdmissionsID) VALUES (33,'Reach',263);
INSERT INTO AdmissionsPlanColleges(CollegeID,Category,AdmissionsID) VALUES (109,'Safety',49);
INSERT INTO AdmissionsPlanColleges(CollegeID,Category,AdmissionsID) VALUES (147,'Safety',262);
INSERT INTO AdmissionsPlanColleges(CollegeID,Category,AdmissionsID) VALUES (6,'Reach',229);
INSERT INTO AdmissionsPlanColleges(CollegeID,Category,AdmissionsID) VALUES (115,'Reach',252);
INSERT INTO AdmissionsPlanColleges(CollegeID,Category,AdmissionsID) VALUES (73,'Reach',235);
INSERT INTO AdmissionsPlanColleges(CollegeID,Category,AdmissionsID) VALUES (10,'Target',278);
INSERT INTO AdmissionsPlanColleges(CollegeID,Category,AdmissionsID) VALUES (126,'Safety',32);
INSERT INTO AdmissionsPlanColleges(CollegeID,Category,AdmissionsID) VALUES (108,'Safety',271);
INSERT INTO AdmissionsPlanColleges(CollegeID,Category,AdmissionsID) VALUES (85,'Target',8);
INSERT INTO AdmissionsPlanColleges(CollegeID,Category,AdmissionsID) VALUES (30,'Reach',197);
INSERT INTO AdmissionsPlanColleges(CollegeID,Category,AdmissionsID) VALUES (25,'Target',14);
INSERT INTO AdmissionsPlanColleges(CollegeID,Category,AdmissionsID) VALUES (89,'Safety',173);
INSERT INTO AdmissionsPlanColleges(CollegeID,Category,AdmissionsID) VALUES (98,'Safety',245);
INSERT INTO AdmissionsPlanColleges(CollegeID,Category,AdmissionsID) VALUES (88,'Target',81);
INSERT INTO AdmissionsPlanColleges(CollegeID,Category,AdmissionsID) VALUES (123,'Target',163);
INSERT INTO AdmissionsPlanColleges(CollegeID,Category,AdmissionsID) VALUES (122,'Safety',133);
INSERT INTO AdmissionsPlanColleges(CollegeID,Category,AdmissionsID) VALUES (11,'Safety',99);
INSERT INTO AdmissionsPlanColleges(CollegeID,Category,AdmissionsID) VALUES (30,'Target',192);
INSERT INTO AdmissionsPlanColleges(CollegeID,Category,AdmissionsID) VALUES (28,'Safety',91);
INSERT INTO AdmissionsPlanColleges(CollegeID,Category,AdmissionsID) VALUES (47,'Safety',40);
INSERT INTO AdmissionsPlanColleges(CollegeID,Category,AdmissionsID) VALUES (10,'Target',116);
INSERT INTO AdmissionsPlanColleges(CollegeID,Category,AdmissionsID) VALUES (100,'Safety',124);
INSERT INTO AdmissionsPlanColleges(CollegeID,Category,AdmissionsID) VALUES (46,'Reach',226);
INSERT INTO AdmissionsPlanColleges(CollegeID,Category,AdmissionsID) VALUES (55,'Target',294);
INSERT INTO AdmissionsPlanColleges(CollegeID,Category,AdmissionsID) VALUES (89,'Safety',272);
INSERT INTO AdmissionsPlanColleges(CollegeID,Category,AdmissionsID) VALUES (21,'Target',75);
INSERT INTO AdmissionsPlanColleges(CollegeID,Category,AdmissionsID) VALUES (129,'Safety',214);
INSERT INTO AdmissionsPlanColleges(CollegeID,Category,AdmissionsID) VALUES (60,'Safety',25);
INSERT INTO AdmissionsPlanColleges(CollegeID,Category,AdmissionsID) VALUES (50,'Safety',117);
INSERT INTO AdmissionsPlanColleges(CollegeID,Category,AdmissionsID) VALUES (26,'Safety',121);
INSERT INTO AdmissionsPlanColleges(CollegeID,Category,AdmissionsID) VALUES (145,'Target',35);
INSERT INTO AdmissionsPlanColleges(CollegeID,Category,AdmissionsID) VALUES (22,'Target',286);
INSERT INTO AdmissionsPlanColleges(CollegeID,Category,AdmissionsID) VALUES (36,'Reach',146);
INSERT INTO AdmissionsPlanColleges(CollegeID,Category,AdmissionsID) VALUES (3,'Safety',245);
INSERT INTO AdmissionsPlanColleges(CollegeID,Category,AdmissionsID) VALUES (83,'Reach',181);
INSERT INTO AdmissionsPlanColleges(CollegeID,Category,AdmissionsID) VALUES (4,'Target',71);
INSERT INTO AdmissionsPlanColleges(CollegeID,Category,AdmissionsID) VALUES (139,'Target',165);
INSERT INTO AdmissionsPlanColleges(CollegeID,Category,AdmissionsID) VALUES (70,'Safety',154);
INSERT INTO AdmissionsPlanColleges(CollegeID,Category,AdmissionsID) VALUES (140,'Reach',162);
INSERT INTO AdmissionsPlanColleges(CollegeID,Category,AdmissionsID) VALUES (95,'Reach',194);
INSERT INTO AdmissionsPlanColleges(CollegeID,Category,AdmissionsID) VALUES (143,'Target',1);
INSERT INTO AdmissionsPlanColleges(CollegeID,Category,AdmissionsID) VALUES (71,'Safety',200);
INSERT INTO AdmissionsPlanColleges(CollegeID,Category,AdmissionsID) VALUES (126,'Safety',198);
INSERT INTO AdmissionsPlanColleges(CollegeID,Category,AdmissionsID) VALUES (135,'Reach',151);
INSERT INTO AdmissionsPlanColleges(CollegeID,Category,AdmissionsID) VALUES (57,'Safety',97);
INSERT INTO AdmissionsPlanColleges(CollegeID,Category,AdmissionsID) VALUES (108,'Reach',10);
INSERT INTO AdmissionsPlanColleges(CollegeID,Category,AdmissionsID) VALUES (142,'Reach',275);
INSERT INTO AdmissionsPlanColleges(CollegeID,Category,AdmissionsID) VALUES (133,'Reach',253);
INSERT INTO AdmissionsPlanColleges(CollegeID,Category,AdmissionsID) VALUES (55,'Safety',89);
INSERT INTO AdmissionsPlanColleges(CollegeID,Category,AdmissionsID) VALUES (66,'Safety',12);
INSERT INTO AdmissionsPlanColleges(CollegeID,Category,AdmissionsID) VALUES (51,'Target',202);
INSERT INTO AdmissionsPlanColleges(CollegeID,Category,AdmissionsID) VALUES (140,'Reach',61);
INSERT INTO AdmissionsPlanColleges(CollegeID,Category,AdmissionsID) VALUES (89,'Safety',229);
INSERT INTO AdmissionsPlanColleges(CollegeID,Category,AdmissionsID) VALUES (16,'Target',223);
INSERT INTO AdmissionsPlanColleges(CollegeID,Category,AdmissionsID) VALUES (11,'Target',183);
INSERT INTO AdmissionsPlanColleges(CollegeID,Category,AdmissionsID) VALUES (14,'Reach',130);
INSERT INTO AdmissionsPlanColleges(CollegeID,Category,AdmissionsID) VALUES (130,'Safety',53);
INSERT INTO AdmissionsPlanColleges(CollegeID,Category,AdmissionsID) VALUES (48,'Safety',279);
INSERT INTO AdmissionsPlanColleges(CollegeID,Category,AdmissionsID) VALUES (93,'Safety',238);
INSERT INTO AdmissionsPlanColleges(CollegeID,Category,AdmissionsID) VALUES (125,'Target',115);
INSERT INTO AdmissionsPlanColleges(CollegeID,Category,AdmissionsID) VALUES (117,'Target',73);
INSERT INTO AdmissionsPlanColleges(CollegeID,Category,AdmissionsID) VALUES (111,'Target',194);
INSERT INTO AdmissionsPlanColleges(CollegeID,Category,AdmissionsID) VALUES (22,'Reach',141);
INSERT INTO AdmissionsPlanColleges(CollegeID,Category,AdmissionsID) VALUES (88,'Target',154);
INSERT INTO AdmissionsPlanColleges(CollegeID,Category,AdmissionsID) VALUES (1,'Safety',57);
INSERT INTO AdmissionsPlanColleges(CollegeID,Category,AdmissionsID) VALUES (30,'Target',189);
INSERT INTO AdmissionsPlanColleges(CollegeID,Category,AdmissionsID) VALUES (115,'Reach',120);
INSERT INTO AdmissionsPlanColleges(CollegeID,Category,AdmissionsID) VALUES (87,'Target',167);
INSERT INTO AdmissionsPlanColleges(CollegeID,Category,AdmissionsID) VALUES (77,'Target',98);
INSERT INTO AdmissionsPlanColleges(CollegeID,Category,AdmissionsID) VALUES (135,'Safety',202);
INSERT INTO AdmissionsPlanColleges(CollegeID,Category,AdmissionsID) VALUES (112,'Reach',177);
INSERT INTO AdmissionsPlanColleges(CollegeID,Category,AdmissionsID) VALUES (96,'Reach',250);
INSERT INTO AdmissionsPlanColleges(CollegeID,Category,AdmissionsID) VALUES (133,'Safety',223);
INSERT INTO AdmissionsPlanColleges(CollegeID,Category,AdmissionsID) VALUES (29,'Reach',229);
INSERT INTO AdmissionsPlanColleges(CollegeID,Category,AdmissionsID) VALUES (1,'Safety',13);
INSERT INTO AdmissionsPlanColleges(CollegeID,Category,AdmissionsID) VALUES (46,'Safety',247);
INSERT INTO AdmissionsPlanColleges(CollegeID,Category,AdmissionsID) VALUES (58,'Target',2);
INSERT INTO AdmissionsPlanColleges(CollegeID,Category,AdmissionsID) VALUES (89,'Safety',286);
INSERT INTO AdmissionsPlanColleges(CollegeID,Category,AdmissionsID) VALUES (21,'Safety',54);
INSERT INTO AdmissionsPlanColleges(CollegeID,Category,AdmissionsID) VALUES (141,'Reach',299);
INSERT INTO AdmissionsPlanColleges(CollegeID,Category,AdmissionsID) VALUES (72,'Safety',294);
INSERT INTO AdmissionsPlanColleges(CollegeID,Category,AdmissionsID) VALUES (109,'Reach',113);
INSERT INTO AdmissionsPlanColleges(CollegeID,Category,AdmissionsID) VALUES (91,'Target',262);
INSERT INTO AdmissionsPlanColleges(CollegeID,Category,AdmissionsID) VALUES (53,'Reach',53);
INSERT INTO AdmissionsPlanColleges(CollegeID,Category,AdmissionsID) VALUES (116,'Reach',231);
INSERT INTO AdmissionsPlanColleges(CollegeID,Category,AdmissionsID) VALUES (130,'Safety',75);
INSERT INTO AdmissionsPlanColleges(CollegeID,Category,AdmissionsID) VALUES (40,'Reach',132);
INSERT INTO AdmissionsPlanColleges(CollegeID,Category,AdmissionsID) VALUES (97,'Reach',74);
INSERT INTO AdmissionsPlanColleges(CollegeID,Category,AdmissionsID) VALUES (120,'Target',30);
INSERT INTO AdmissionsPlanColleges(CollegeID,Category,AdmissionsID) VALUES (30,'Target',258);
INSERT INTO AdmissionsPlanColleges(CollegeID,Category,AdmissionsID) VALUES (104,'Reach',16);
INSERT INTO AdmissionsPlanColleges(CollegeID,Category,AdmissionsID) VALUES (74,'Safety',98);
INSERT INTO AdmissionsPlanColleges(CollegeID,Category,AdmissionsID) VALUES (48,'Target',3);
INSERT INTO AdmissionsPlanColleges(CollegeID,Category,AdmissionsID) VALUES (97,'Target',95);
INSERT INTO AdmissionsPlanColleges(CollegeID,Category,AdmissionsID) VALUES (23,'Safety',46);
INSERT INTO AdmissionsPlanColleges(CollegeID,Category,AdmissionsID) VALUES (131,'Target',150);
INSERT INTO AdmissionsPlanColleges(CollegeID,Category,AdmissionsID) VALUES (45,'Target',172);
INSERT INTO AdmissionsPlanColleges(CollegeID,Category,AdmissionsID) VALUES (150,'Target',285);
INSERT INTO AdmissionsPlanColleges(CollegeID,Category,AdmissionsID) VALUES (98,'Reach',193);
INSERT INTO AdmissionsPlanColleges(CollegeID,Category,AdmissionsID) VALUES (73,'Target',283);
INSERT INTO AdmissionsPlanColleges(CollegeID,Category,AdmissionsID) VALUES (42,'Safety',190);
INSERT INTO AdmissionsPlanColleges(CollegeID,Category,AdmissionsID) VALUES (37,'Safety',242);
INSERT INTO AdmissionsPlanColleges(CollegeID,Category,AdmissionsID) VALUES (39,'Reach',42);
INSERT INTO AdmissionsPlanColleges(CollegeID,Category,AdmissionsID) VALUES (132,'Target',17);
INSERT INTO AdmissionsPlanColleges(CollegeID,Category,AdmissionsID) VALUES (105,'Target',47);
INSERT INTO AdmissionsPlanColleges(CollegeID,Category,AdmissionsID) VALUES (63,'Safety',162);
INSERT INTO AdmissionsPlanColleges(CollegeID,Category,AdmissionsID) VALUES (26,'Safety',21);
INSERT INTO AdmissionsPlanColleges(CollegeID,Category,AdmissionsID) VALUES (32,'Safety',217);
INSERT INTO AdmissionsPlanColleges(CollegeID,Category,AdmissionsID) VALUES (121,'Safety',15);
INSERT INTO AdmissionsPlanColleges(CollegeID,Category,AdmissionsID) VALUES (89,'Target',41);
INSERT INTO AdmissionsPlanColleges(CollegeID,Category,AdmissionsID) VALUES (113,'Reach',32);
INSERT INTO AdmissionsPlanColleges(CollegeID,Category,AdmissionsID) VALUES (36,'Reach',167);
INSERT INTO AdmissionsPlanColleges(CollegeID,Category,AdmissionsID) VALUES (15,'Reach',152);
INSERT INTO AdmissionsPlanColleges(CollegeID,Category,AdmissionsID) VALUES (147,'Reach',123);
INSERT INTO AdmissionsPlanColleges(CollegeID,Category,AdmissionsID) VALUES (88,'Safety',188);
INSERT INTO AdmissionsPlanColleges(CollegeID,Category,AdmissionsID) VALUES (139,'Reach',112);
